corp_label,parent,공시 구분,공시일,거래 상대방,상대방 구분,거래 유형,금액,이사회 의결일,포괄승인 표기,source_text,url,doc_name,page,note,collected_at,source_sha256
메리츠화재,메리츠금융지주,수시,2025-01-16~2026-08-18,(지주의 다른 자회사),지주의 다른 자회사,건수만,,,,건수만: 5건,https://www.meritzfire.com/disclosure/managerial-announcement/occasional.do?vMode=PC,,,"수시 공시 21건(2025-01-16~2026-08-18, 문서 21개 — 읽지 못한 문서 0개)에서 거래 상대방이 지주의 다른 자회사(이름 일치)인 행 5건 / 상대방 이름별(공백 뺀 표기): 메리츠증권 5건 / 공시일: 2025-02-21, 2025-03-28, 2025-10-01, 2026-03-16, 2026-06-30 / 자회사 목록: OpenDART 타법인출자현황(otrCprInvstmntSttus) 메리츠금융지주 2025 사업보고서(rcept_no 20260331004202) 3곳 — 레포 DART 수집기가 받아 둔 dart_out/04_타법인출자현황.csv 행(원본 dart_out/raw_part*.tar.gz 안 raw/otrCprInvstmntSttus/00860332_2025_11011.json, 받은 시각 2026-09-11T10:44:24+09:00; 새 API 호출 없음) / 개별 행: dart_out/risk11/보험자회사_지주거래_전체행.csv (상대방 구분 열)",2026-10-02T14:37:42+09:00,
메리츠화재,메리츠금융지주,분기,2025-10-31~2026-07-31,(지주의 다른 자회사),지주의 다른 자회사,건수만,,,,건수만: 10건,https://www.meritzfire.com/disclosure/managerial-announcement/occasional.do?vMode=PC,,,"분기 공시 4건(2025-10-31~2026-07-31, 문서 4개 — 읽지 못한 문서 0개)에서 거래 상대방이 지주의 다른 자회사(이름 일치)인 행 10건 / 상대방 이름별(공백 뺀 표기): 메리츠증권 10건 / 공시일: 2025-10-31, 2026-01-30, 2026-04-30, 2026-07-31 / 분기공시는 표의 대주주 행(계정구분·표 별) 하나를 1건으로 셈 — 같은 상대방이 분기마다 다시 나옴 / 자회사 목록: OpenDART 타법인출자현황(otrCprInvstmntSttus) 메리츠금융지주 2025 사업보고서(rcept_no 20260331004202) 3곳 — 레포 DART 수집기가 받아 둔 dart_out/04_타법인출자현황.csv 행(원본 dart_out/raw_part*.tar.gz 안 raw/otrCprInvstmntSttus/00860332_2025_11011.json, 받은 시각 2026-09-11T10:44:24+09:00; 새 API 호출 없음) / 개별 행: dart_out/risk11/보험자회사_지주거래_전체행.csv (상대방 구분 열)",2026-10-02T14:37:42+09:00,
메리츠화재,메리츠금융지주,수시·분기,문서에 없음,문서에 없음,지주 본체,문서에 없음,문서에 없음,문서에 없음,문서에 없음,문서에 없음,https://www.meritzfire.com/disclosure/managerial-announcement/occasional.do?vMode=PC,문서에 없음,,"거래 상대방이 지주 본체(메리츠금융지주)인 행 없음 / 확인한 화면: 메리츠화재 누리집 > 공시실 > 경영공시 > 수시경영공시(https://www.meritzfire.com/disclosure/managerial-announcement/occasional.do?vMode=PC — 손보협회 공시실 > 경영공시 > 수시경영공시의 「메리츠화재 링크」와 같은 주소) — 목록 6쪽(60건, 사이트 표시 총 249건) 받음, 등록일 2025-01-01 이후 수시·최근 4개 분기(2025.3~2026.2분기) 분기공시 중 제목에 「대주주」 / 목록 60건 중 제목에 「대주주」 36건, 고른 공시(수시 2025-01-01 이후·분기 2025.3~2026.2분기) 수시 21건·분기 4건 (기간 2025-01-16~2026-08-18), 본 문서 25개 — 그중 읽지 못함 0개(위 「미확인」 행) / 손보협회 공시실 링크: https://www.meritzfire.com/disclosure/managerial-announcement/occasional.do?vMode=PC / 이용약관: 자동 수집 금지 문구 없음; 제3자 제공·이용 제한 문구 있음(재배포 때 유의)",2026-10-02T14:37:42+09:00,
NH농협손해보험,NH농협금융지주,수시,2025-11-18~2025-11-18,(지주의 다른 자회사),지주의 다른 자회사,건수만,,,,건수만: 미확인(읽은 문서 0개),https://www.nhfire.co.kr/announce/managementAnnounce/retrieveAnytimeManagementAnnounce.nhfire,,,"수시 공시 1건(2025-11-18~2025-11-18, 문서 1개 — 읽지 못한 문서 1개)에서 거래 상대방이 지주의 다른 자회사(이름 일치)인 행 0건 / 상대방 이름별(공백 뺀 표기): 없음 / 공시일: 없음 / 자회사 목록: OpenDART 타법인출자현황(otrCprInvstmntSttus) 농협금융지주 2025 사업보고서(rcept_no 20260331004252) 9곳 — 레포 DART 수집기가 받아 둔 dart_out/04_타법인출자현황.csv 행(원본 dart_out/raw_part*.tar.gz 안 raw/otrCprInvstmntSttus/00908021_2025_11011.json, 받은 시각 2026-09-22T11:35:08+09:00; 새 API 호출 없음) / 개별 행: dart_out/risk11/보험자회사_지주거래_전체행.csv (상대방 구분 열)",2026-10-02T14:37:42+09:00,
NH농협손해보험,NH농협금융지주,분기,2025-10-17~2026-07-24,(지주의 다른 자회사),지주의 다른 자회사,건수만,,,,건수만: 0건,https://www.nhfire.co.kr/announce/managementAnnounce/retrieveAnytimeManagementAnnounce.nhfire,,,"분기 공시 8건(2025-10-17~2026-07-24, 문서 8개 — 읽지 못한 문서 2개)에서 거래 상대방이 지주의 다른 자회사(이름 일치)인 행 0건 / 상대방 이름별(공백 뺀 표기): 없음 / 공시일: 없음 / 분기공시는 표의 대주주 행(계정구분·표 별) 하나를 1건으로 셈 — 같은 상대방이 분기마다 다시 나옴 / 자회사 목록: OpenDART 타법인출자현황(otrCprInvstmntSttus) 농협금융지주 2025 사업보고서(rcept_no 20260331004252) 9곳 — 레포 DART 수집기가 받아 둔 dart_out/04_타법인출자현황.csv 행(원본 dart_out/raw_part*.tar.gz 안 raw/otrCprInvstmntSttus/00908021_2025_11011.json, 받은 시각 2026-09-22T11:35:08+09:00; 새 API 호출 없음) / 개별 행: dart_out/risk11/보험자회사_지주거래_전체행.csv (상대방 구분 열)",2026-10-02T14:37:42+09:00,
NH농협손해보험,NH농협금융지주,분기,2025-10-17,문서에 없음,미확인(문서 읽기 불가),대주주에 대한 신용공여 현황(25.3분기),문서에 없음,문서에 없음,문서에 없음,문서에 없음,https://www.nhfire.co.kr/imageView/downloadFile.ajax (POST fileId=A000002815&afileSeqn=1),붙임1. 대주주에 대한 신용공여현황 분기공시(25.10.17.).pdf,1,"PDF 글자 층이 비어 있음(스캔 그림 PDF로 보임, 1쪽) — 글자 추출 불가, OCR 하지 않음 / 원본 dart_out/raw/web11/insdeal/NH농협손해보험_A000002815_1.pdf (sha256 42c47ceb6df8…) / 목록 「대주주에 대한 신용공여 현황(25.3분기)」 2025-10-17 (목록 11쪽 6행, 목록 원본 dart_out/raw/web11/insdeal/NH농협손해보험_수시경영공시_r011.html sha256 ab0fd6ca0e7a…) / 고른 사유: 제목 분기 표기 2025.3분기 / 출처 화면·기간: NH농협손해보험 누리집 > 공시실 > 경영공시 > 수시경영공시(https://www.nhfire.co.kr/announce/managementAnnounce/retrieveAnytimeManagementAnnounce.nhfire — 손보협회 공시실 > 경영공시 > 수시경영공시의 「농협손보 링크」) — 목록 5쪽(50건) 받음, 등록일 2025-01-01 이후 수시·최근 4개 분기(2025.3~2026.2분기) 분기공시 중 제목에 「대주주」 / 이용약관: 자동 수집 금지 문구 없음; 제3자 제공·이용 제한 문구 있음(재배포 때 유의) / 텍스트화: pypdf 6.19.0 extract_text(extraction_mode='layout') — 글자 그대로, 위치 맞춤 공백만 정리(4칸 이상=칸 경계 ' | ', 2~3칸=한 칸) → dart_out/raw/web11/insdeal/NH농협손해보험_A000002815_1.pdf.layout.txt",2026-10-02T14:03:28+09:00,42c47ceb6df8412111c7d592fbdb9a974e7b057b03ca873d3d7e7b793465678d
NH농협손해보험,NH농협금융지주,분기,2025-10-17,문서에 없음,미확인(문서 읽기 불가),대주주가 발행한 채권 또는 주식 취득현황(25.3분기),문서에 없음,문서에 없음,문서에 없음,문서에 없음,https://www.nhfire.co.kr/imageView/downloadFile.ajax (POST fileId=A000002816&afileSeqn=1),붙임2. 대주주가 발행한 채권 또는 주식 취득현황 분기공시(25.10.17.).pdf,1,"PDF 글자 층이 비어 있음(스캔 그림 PDF로 보임, 1쪽) — 글자 추출 불가, OCR 하지 않음 / 원본 dart_out/raw/web11/insdeal/NH농협손해보험_A000002816_1.pdf (sha256 84ed81389d51…) / 목록 「대주주가 발행한 채권 또는 주식 취득현황(25.3분기)」 2025-10-17 (목록 11쪽 5행, 목록 원본 dart_out/raw/web11/insdeal/NH농협손해보험_수시경영공시_r011.html sha256 ab0fd6ca0e7a…) / 고른 사유: 제목 분기 표기 2025.3분기 / 출처 화면·기간: NH농협손해보험 누리집 > 공시실 > 경영공시 > 수시경영공시(https://www.nhfire.co.kr/announce/managementAnnounce/retrieveAnytimeManagementAnnounce.nhfire — 손보협회 공시실 > 경영공시 > 수시경영공시의 「농협손보 링크」) — 목록 5쪽(50건) 받음, 등록일 2025-01-01 이후 수시·최근 4개 분기(2025.3~2026.2분기) 분기공시 중 제목에 「대주주」 / 이용약관: 자동 수집 금지 문구 없음; 제3자 제공·이용 제한 문구 있음(재배포 때 유의) / 텍스트화: pypdf 6.19.0 extract_text(extraction_mode='layout') — 글자 그대로, 위치 맞춤 공백만 정리(4칸 이상=칸 경계 ' | ', 2~3칸=한 칸) → dart_out/raw/web11/insdeal/NH농협손해보험_A000002816_1.pdf.layout.txt",2026-10-02T14:03:25+09:00,84ed81389d5121bc01f567aa728f475231265be7899d7ddea998109db632ecb6
NH농협손해보험,NH농협금융지주,수시,2025-11-18,문서에 없음,미확인(문서 읽기 불가),대주주가 발행한 주식의 취득,문서에 없음,문서에 없음,문서에 없음,문서에 없음,https://www.nhfire.co.kr/imageView/downloadFile.ajax (POST fileId=A000002819&afileSeqn=1),(붙임) 대주주가 발행한 주식의 취득_251118.pdf,1,"PDF 글자 층이 비어 있음(스캔 그림 PDF로 보임, 1쪽) — 글자 추출 불가, OCR 하지 않음 / 원본 dart_out/raw/web11/insdeal/NH농협손해보험_A000002819_1.pdf (sha256 0861291a77cf…) / 목록 「대주주가 발행한 주식의 취득」 2025-11-18 (목록 11쪽 4행, 목록 원본 dart_out/raw/web11/insdeal/NH농협손해보험_수시경영공시_r011.html sha256 ab0fd6ca0e7a…) / 고른 사유: 공시일 2025-01-01 이후 / 출처 화면·기간: NH농협손해보험 누리집 > 공시실 > 경영공시 > 수시경영공시(https://www.nhfire.co.kr/announce/managementAnnounce/retrieveAnytimeManagementAnnounce.nhfire — 손보협회 공시실 > 경영공시 > 수시경영공시의 「농협손보 링크」) — 목록 5쪽(50건) 받음, 등록일 2025-01-01 이후 수시·최근 4개 분기(2025.3~2026.2분기) 분기공시 중 제목에 「대주주」 / 이용약관: 자동 수집 금지 문구 없음; 제3자 제공·이용 제한 문구 있음(재배포 때 유의) / 텍스트화: pypdf 6.19.0 extract_text(extraction_mode='layout') — 글자 그대로, 위치 맞춤 공백만 정리(4칸 이상=칸 경계 ' | ', 2~3칸=한 칸) → dart_out/raw/web11/insdeal/NH농협손해보험_A000002819_1.pdf.layout.txt",2026-10-02T14:03:22+09:00,0861291a77cf9e3b4ee0b32bb203aaf0222d584bd27e32c7958b8b72875ab2cb
NH농협손해보험,NH농협금융지주,수시·분기,문서에 없음,문서에 없음,지주 본체,문서에 없음,문서에 없음,문서에 없음,문서에 없음,문서에 없음,https://www.nhfire.co.kr/announce/managementAnnounce/retrieveAnytimeManagementAnnounce.nhfire,문서에 없음,,"거래 상대방이 지주 본체(NH농협금융지주·농협금융지주)인 행 없음 / 확인한 화면: NH농협손해보험 누리집 > 공시실 > 경영공시 > 수시경영공시(https://www.nhfire.co.kr/announce/managementAnnounce/retrieveAnytimeManagementAnnounce.nhfire — 손보협회 공시실 > 경영공시 > 수시경영공시의 「농협손보 링크」) — 목록 5쪽(50건) 받음, 등록일 2025-01-01 이후 수시·최근 4개 분기(2025.3~2026.2분기) 분기공시 중 제목에 「대주주」 / 목록 50건 중 제목에 「대주주」 21건, 고른 공시(수시 2025-01-01 이후·분기 2025.3~2026.2분기) 수시 1건·분기 8건 (기간 2025-10-17~2026-07-24), 본 문서 9개 — 그중 읽지 못함 3개(위 「미확인」 행) / 손보협회 공시실 링크: http://www.nhfire.co.kr/announce/managementAnnounce/retrieveAnytimeManagementAnnounce.nhfire / 이용약관: 자동 수집 금지 문구 없음; 제3자 제공·이용 제한 문구 있음(재배포 때 유의)",2026-10-02T14:37:42+09:00,
NH농협생명,NH농협금융지주,수시,2025-11-18~2026-07-16,(지주의 다른 자회사),지주의 다른 자회사,건수만,,,,건수만: 미확인(읽은 문서 0개),https://www.nhlife.co.kr/ho/on/HOON0002M00.nhl,,,"수시 공시 2건(2025-11-18~2026-07-16, 문서 2개 — 읽지 못한 문서 2개)에서 거래 상대방이 지주의 다른 자회사(이름 일치)인 행 0건 / 상대방 이름별(공백 뺀 표기): 없음 / 공시일: 없음 / 자회사 목록: OpenDART 타법인출자현황(otrCprInvstmntSttus) 농협금융지주 2025 사업보고서(rcept_no 20260331004252) 9곳 — 레포 DART 수집기가 받아 둔 dart_out/04_타법인출자현황.csv 행(원본 dart_out/raw_part*.tar.gz 안 raw/otrCprInvstmntSttus/00908021_2025_11011.json, 받은 시각 2026-09-22T11:35:08+09:00; 새 API 호출 없음) / 개별 행: dart_out/risk11/보험자회사_지주거래_전체행.csv (상대방 구분 열)",2026-10-02T14:37:42+09:00,
NH농협생명,NH농협금융지주,분기,2025-10-28~2026-07-21,(지주의 다른 자회사),지주의 다른 자회사,건수만,,,,건수만: 미확인(읽은 문서 0개),https://www.nhlife.co.kr/ho/on/HOON0002M00.nhl,,,"분기 공시 8건(2025-10-28~2026-07-21, 문서 8개 — 읽지 못한 문서 8개)에서 거래 상대방이 지주의 다른 자회사(이름 일치)인 행 0건 / 상대방 이름별(공백 뺀 표기): 없음 / 공시일: 없음 / 분기공시는 표의 대주주 행(계정구분·표 별) 하나를 1건으로 셈 — 같은 상대방이 분기마다 다시 나옴 / 자회사 목록: OpenDART 타법인출자현황(otrCprInvstmntSttus) 농협금융지주 2025 사업보고서(rcept_no 20260331004252) 9곳 — 레포 DART 수집기가 받아 둔 dart_out/04_타법인출자현황.csv 행(원본 dart_out/raw_part*.tar.gz 안 raw/otrCprInvstmntSttus/00908021_2025_11011.json, 받은 시각 2026-09-22T11:35:08+09:00; 새 API 호출 없음) / 개별 행: dart_out/risk11/보험자회사_지주거래_전체행.csv (상대방 구분 열)",2026-10-02T14:37:42+09:00,
NH농협생명,NH농협금융지주,분기,2025-10-28,문서에 없음,미확인(원문 받지 않음 — robots),대주주에 대한 신용공여현황 분기공시_25.3Q,문서에 없음,문서에 없음,문서에 없음,문서에 없음,https://www.nhlife.co.kr/ho/zz/FileDwld.nhl?apdFlid=FILE_000000000023481&fileSeqn=0,문서에 없음,,"원문 받지 않음 — 다운로드 주소 https://www.nhlife.co.kr/ho/zz/FileDwld.nhl?apdFlid=FILE_000000000023481&fileSeqn=0 의 /ho/zz/ 가 robots.txt(www.nhlife.co.kr) 「Disallow: /ho/zz/」 / 목록 「대주주에 대한 신용공여현황 분기공시_25.3Q」 2025-10-28 (목록 2쪽 10행, 목록 원본 dart_out/raw/web11/insdeal/NH농협생명_수시공시_p02.html sha256 c48eb78bf759…) / 고른 사유: 제목 분기 표기 2025.3분기 / 출처 화면·기간: NH농협생명 누리집 > 공시실 > 수시공시(https://www.nhlife.co.kr/ho/on/HOON0002M00.nhl) — 목록 6쪽(60건) 받음, 등록일 2025-01-01 이후 수시·최근 4개 분기(2025.3~2026.2분기) 분기공시 중 제목에 「대주주」",2026-10-02T14:36:49+09:00,
NH농협생명,NH농협금융지주,분기,2025-10-28,문서에 없음,미확인(원문 받지 않음 — robots),대주주가 발행한 채권 또는 주식 취득현황 분기공시_25.3Q,문서에 없음,문서에 없음,문서에 없음,문서에 없음,https://www.nhlife.co.kr/ho/zz/FileDwld.nhl?apdFlid=FILE_000000000023482&fileSeqn=0,문서에 없음,,"원문 받지 않음 — 다운로드 주소 https://www.nhlife.co.kr/ho/zz/FileDwld.nhl?apdFlid=FILE_000000000023482&fileSeqn=0 의 /ho/zz/ 가 robots.txt(www.nhlife.co.kr) 「Disallow: /ho/zz/」 / 목록 「대주주가 발행한 채권 또는 주식 취득현황 분기공시_25.3Q」 2025-10-28 (목록 2쪽 9행, 목록 원본 dart_out/raw/web11/insdeal/NH농협생명_수시공시_p02.html sha256 c48eb78bf759…) / 고른 사유: 제목 분기 표기 2025.3분기 / 출처 화면·기간: NH농협생명 누리집 > 공시실 > 수시공시(https://www.nhlife.co.kr/ho/on/HOON0002M00.nhl) — 목록 6쪽(60건) 받음, 등록일 2025-01-01 이후 수시·최근 4개 분기(2025.3~2026.2분기) 분기공시 중 제목에 「대주주」",2026-10-02T14:36:49+09:00,
NH농협생명,NH농협금융지주,수시,2025-11-18,문서에 없음,미확인(원문 받지 않음 — robots),대주주가 발행한 주식의 취득,문서에 없음,문서에 없음,문서에 없음,문서에 없음,https://www.nhlife.co.kr/ho/zz/FileDwld.nhl?apdFlid=FILE_000000000023521&fileSeqn=0,문서에 없음,,"원문 받지 않음 — 다운로드 주소 https://www.nhlife.co.kr/ho/zz/FileDwld.nhl?apdFlid=FILE_000000000023521&fileSeqn=0 의 /ho/zz/ 가 robots.txt(www.nhlife.co.kr) 「Disallow: /ho/zz/」 / 목록 「대주주가 발행한 주식의 취득」 2025-11-18 (목록 2쪽 8행, 목록 원본 dart_out/raw/web11/insdeal/NH농협생명_수시공시_p02.html sha256 c48eb78bf759…) / 고른 사유: 공시일 2025-01-01 이후 / 출처 화면·기간: NH농협생명 누리집 > 공시실 > 수시공시(https://www.nhlife.co.kr/ho/on/HOON0002M00.nhl) — 목록 6쪽(60건) 받음, 등록일 2025-01-01 이후 수시·최근 4개 분기(2025.3~2026.2분기) 분기공시 중 제목에 「대주주」",2026-10-02T14:36:49+09:00,
NH농협생명,NH농협금융지주,분기,2026-01-23,문서에 없음,미확인(원문 받지 않음 — robots),대주주에 대한 신용공여현황 분기공시_25.4Q,문서에 없음,문서에 없음,문서에 없음,문서에 없음,https://www.nhlife.co.kr/ho/zz/FileDwld.nhl?apdFlid=FILE_000000000023776&fileSeqn=0,문서에 없음,,"원문 받지 않음 — 다운로드 주소 https://www.nhlife.co.kr/ho/zz/FileDwld.nhl?apdFlid=FILE_000000000023776&fileSeqn=0 의 /ho/zz/ 가 robots.txt(www.nhlife.co.kr) 「Disallow: /ho/zz/」 / 목록 「대주주에 대한 신용공여현황 분기공시_25.4Q」 2026-01-23 (목록 2쪽 6행, 목록 원본 dart_out/raw/web11/insdeal/NH농협생명_수시공시_p02.html sha256 c48eb78bf759…) / 고른 사유: 제목 분기 표기 2025.4분기 / 출처 화면·기간: NH농협생명 누리집 > 공시실 > 수시공시(https://www.nhlife.co.kr/ho/on/HOON0002M00.nhl) — 목록 6쪽(60건) 받음, 등록일 2025-01-01 이후 수시·최근 4개 분기(2025.3~2026.2분기) 분기공시 중 제목에 「대주주」",2026-10-02T14:36:49+09:00,
NH농협생명,NH농협금융지주,분기,2026-01-23,문서에 없음,미확인(원문 받지 않음 — robots),대주주가 발행한 채권 또는 주식 취득현황 분기공시_25.4Q,문서에 없음,문서에 없음,문서에 없음,문서에 없음,https://www.nhlife.co.kr/ho/zz/FileDwld.nhl?apdFlid=FILE_000000000023777&fileSeqn=0,문서에 없음,,"원문 받지 않음 — 다운로드 주소 https://www.nhlife.co.kr/ho/zz/FileDwld.nhl?apdFlid=FILE_000000000023777&fileSeqn=0 의 /ho/zz/ 가 robots.txt(www.nhlife.co.kr) 「Disallow: /ho/zz/」 / 목록 「대주주가 발행한 채권 또는 주식 취득현황 분기공시_25.4Q」 2026-01-23 (목록 2쪽 5행, 목록 원본 dart_out/raw/web11/insdeal/NH농협생명_수시공시_p02.html sha256 c48eb78bf759…) / 고른 사유: 제목 분기 표기 2025.4분기 / 출처 화면·기간: NH농협생명 누리집 > 공시실 > 수시공시(https://www.nhlife.co.kr/ho/on/HOON0002M00.nhl) — 목록 6쪽(60건) 받음, 등록일 2025-01-01 이후 수시·최근 4개 분기(2025.3~2026.2분기) 분기공시 중 제목에 「대주주」",2026-10-02T14:36:49+09:00,
NH농협생명,NH농협금융지주,분기,2026-04-17,문서에 없음,미확인(원문 받지 않음 — robots),대주주에 대한 신용공여현황 분기공시_26.1Q,문서에 없음,문서에 없음,문서에 없음,문서에 없음,https://www.nhlife.co.kr/ho/zz/FileDwld.nhl?apdFlid=FILE_000000000024123&fileSeqn=0,문서에 없음,,"원문 받지 않음 — 다운로드 주소 https://www.nhlife.co.kr/ho/zz/FileDwld.nhl?apdFlid=FILE_000000000024123&fileSeqn=0 의 /ho/zz/ 가 robots.txt(www.nhlife.co.kr) 「Disallow: /ho/zz/」 / 목록 「대주주에 대한 신용공여현황 분기공시_26.1Q」 2026-04-17 (목록 1쪽 10행, 목록 원본 dart_out/raw/web11/insdeal/NH농협생명_수시공시_p01.html sha256 ee97812c7d84…) / 고른 사유: 제목 분기 표기 2026.1분기 / 출처 화면·기간: NH농협생명 누리집 > 공시실 > 수시공시(https://www.nhlife.co.kr/ho/on/HOON0002M00.nhl) — 목록 6쪽(60건) 받음, 등록일 2025-01-01 이후 수시·최근 4개 분기(2025.3~2026.2분기) 분기공시 중 제목에 「대주주」",2026-10-02T14:36:46+09:00,
NH농협생명,NH농협금융지주,분기,2026-04-17,문서에 없음,미확인(원문 받지 않음 — robots),대주주가 발행한 채권 또는 주식 취득현황 분기공시_26.1Q,문서에 없음,문서에 없음,문서에 없음,문서에 없음,https://www.nhlife.co.kr/ho/zz/FileDwld.nhl?apdFlid=FILE_000000000024124&fileSeqn=0,문서에 없음,,"원문 받지 않음 — 다운로드 주소 https://www.nhlife.co.kr/ho/zz/FileDwld.nhl?apdFlid=FILE_000000000024124&fileSeqn=0 의 /ho/zz/ 가 robots.txt(www.nhlife.co.kr) 「Disallow: /ho/zz/」 / 목록 「대주주가 발행한 채권 또는 주식 취득현황 분기공시_26.1Q」 2026-04-17 (목록 1쪽 9행, 목록 원본 dart_out/raw/web11/insdeal/NH농협생명_수시공시_p01.html sha256 ee97812c7d84…) / 고른 사유: 제목 분기 표기 2026.1분기 / 출처 화면·기간: NH농협생명 누리집 > 공시실 > 수시공시(https://www.nhlife.co.kr/ho/on/HOON0002M00.nhl) — 목록 6쪽(60건) 받음, 등록일 2025-01-01 이후 수시·최근 4개 분기(2025.3~2026.2분기) 분기공시 중 제목에 「대주주」",2026-10-02T14:36:46+09:00,
NH농협생명,NH농협금융지주,수시,2026-07-16,문서에 없음,미확인(원문 받지 않음 — robots),대주주가 발행한 주식의 취득,문서에 없음,문서에 없음,문서에 없음,문서에 없음,https://www.nhlife.co.kr/ho/zz/FileDwld.nhl?apdFlid=FILE_000000000024481&fileSeqn=0,문서에 없음,,"원문 받지 않음 — 다운로드 주소 https://www.nhlife.co.kr/ho/zz/FileDwld.nhl?apdFlid=FILE_000000000024481&fileSeqn=0 의 /ho/zz/ 가 robots.txt(www.nhlife.co.kr) 「Disallow: /ho/zz/」 / 목록 「대주주가 발행한 주식의 취득」 2026-07-16 (목록 1쪽 3행, 목록 원본 dart_out/raw/web11/insdeal/NH농협생명_수시공시_p01.html sha256 ee97812c7d84…) / 고른 사유: 공시일 2025-01-01 이후 / 출처 화면·기간: NH농협생명 누리집 > 공시실 > 수시공시(https://www.nhlife.co.kr/ho/on/HOON0002M00.nhl) — 목록 6쪽(60건) 받음, 등록일 2025-01-01 이후 수시·최근 4개 분기(2025.3~2026.2분기) 분기공시 중 제목에 「대주주」",2026-10-02T14:36:46+09:00,
NH농협생명,NH농협금융지주,분기,2026-07-21,문서에 없음,미확인(원문 받지 않음 — robots),대주주에 대한 신용공여현황 분기공시,문서에 없음,문서에 없음,문서에 없음,문서에 없음,https://www.nhlife.co.kr/ho/zz/FileDwld.nhl?apdFlid=FILE_000000000024491&fileSeqn=0,문서에 없음,,"원문 받지 않음 — 다운로드 주소 https://www.nhlife.co.kr/ho/zz/FileDwld.nhl?apdFlid=FILE_000000000024491&fileSeqn=0 의 /ho/zz/ 가 robots.txt(www.nhlife.co.kr) 「Disallow: /ho/zz/」 / 목록 「대주주에 대한 신용공여현황 분기공시」 2026-07-21 (목록 1쪽 2행, 목록 원본 dart_out/raw/web11/insdeal/NH농협생명_수시공시_p01.html sha256 ee97812c7d84…) / 고른 사유: 제목·파일명에 분기 표기 없음 — 공시일 2025-10-01 이후로 고름 / 출처 화면·기간: NH농협생명 누리집 > 공시실 > 수시공시(https://www.nhlife.co.kr/ho/on/HOON0002M00.nhl) — 목록 6쪽(60건) 받음, 등록일 2025-01-01 이후 수시·최근 4개 분기(2025.3~2026.2분기) 분기공시 중 제목에 「대주주」",2026-10-02T14:36:46+09:00,
NH농협생명,NH농협금융지주,분기,2026-07-21,문서에 없음,미확인(원문 받지 않음 — robots),대주주가 발행한 채권 또는 주식 취득현황 분기공시,문서에 없음,문서에 없음,문서에 없음,문서에 없음,https://www.nhlife.co.kr/ho/zz/FileDwld.nhl?apdFlid=FILE_000000000024493&fileSeqn=0,문서에 없음,,"원문 받지 않음 — 다운로드 주소 https://www.nhlife.co.kr/ho/zz/FileDwld.nhl?apdFlid=FILE_000000000024493&fileSeqn=0 의 /ho/zz/ 가 robots.txt(www.nhlife.co.kr) 「Disallow: /ho/zz/」 / 목록 「대주주가 발행한 채권 또는 주식 취득현황 분기공시」 2026-07-21 (목록 1쪽 1행, 목록 원본 dart_out/raw/web11/insdeal/NH농협생명_수시공시_p01.html sha256 ee97812c7d84…) / 고른 사유: 제목·파일명에 분기 표기 없음 — 공시일 2025-10-01 이후로 고름 / 출처 화면·기간: NH농협생명 누리집 > 공시실 > 수시공시(https://www.nhlife.co.kr/ho/on/HOON0002M00.nhl) — 목록 6쪽(60건) 받음, 등록일 2025-01-01 이후 수시·최근 4개 분기(2025.3~2026.2분기) 분기공시 중 제목에 「대주주」",2026-10-02T14:36:46+09:00,
NH농협생명,NH농협금융지주,수시·분기,문서에 없음,문서에 없음,미확인(읽은 문서 없음),문서에 없음,문서에 없음,문서에 없음,문서에 없음,문서에 없음,https://www.nhlife.co.kr/ho/on/HOON0002M00.nhl,문서에 없음,,"고른 공시 원문을 하나도 읽지 못함(위 「미확인」 행) — 지주 본체(NH농협금융지주·농협금융지주) 상대방 건이 있는지 모름 / 확인한 화면: NH농협생명 누리집 > 공시실 > 수시공시(https://www.nhlife.co.kr/ho/on/HOON0002M00.nhl) — 목록 6쪽(60건) 받음, 등록일 2025-01-01 이후 수시·최근 4개 분기(2025.3~2026.2분기) 분기공시 중 제목에 「대주주」 / 목록 60건 중 제목에 「대주주」 24건, 고른 공시(수시 2025-01-01 이후·분기 2025.3~2026.2분기) 수시 2건·분기 8건 (기간 2025-10-28~2026-07-21), 본 문서 10개 — 그중 읽지 못함 10개(위 「미확인」 행) / 생명보험협회 공시실(pub.insure.or.kr)은 robots Disallow:/ 라 요청 안 함 / 이용약관: 자동 수집 금지 문구 없음; 제3자 제공·이용 제한 문구 있음(재배포 때 유의)",2026-10-02T14:37:42+09:00,
신한라이프,신한금융지주,수시·분기,문서에 없음,문서에 없음,미확인(누리집 접속 불가),문서에 없음,문서에 없음,문서에 없음,문서에 없음,문서에 없음,https://www.shinhanlife.co.kr/robots.txt,문서에 없음,,신한라이프(필수) — 누리집 www.shinhanlife.co.kr 이 robots.txt 요청부터 응답하지 않음(robots.txt 확인 실패(TimeoutError: The read operation timed out) — 수집 안 함; 10차에도 시간 초과) — RFC 9309 Unreachable 이라 수집 안 함. 생명보험협회 공시실(pub.insure.or.kr)은 robots Disallow:/ 라 요청 안 함,2026-10-02T14:37:42+09:00,
하나생명,하나금융지주,수시,2025-02-14~2026-09-23,(지주의 다른 자회사),지주의 다른 자회사,건수만,,,,건수만: 0건,https://www.hanalife.co.kr/home/publicAnn/listPublicAnn.do?gubun=A,,,"수시 공시 20건(2025-02-14~2026-09-23, 문서 20개 — 읽지 못한 문서 1개)에서 거래 상대방이 지주의 다른 자회사(이름 일치)인 행 0건 / 상대방 이름별(공백 뺀 표기): 없음 / 공시일: 없음 / 별도: 이름 앞부분만 지주 자회사와 같은 상대방 3건(하나벤처스4호신기술투자조합 3건) — 건수에 넣지 않음 / 자회사 목록: OpenDART 타법인출자현황(otrCprInvstmntSttus) 하나금융지주 2025 사업보고서(rcept_no 20260814004019) 15곳 — 레포 DART 수집기가 받아 둔 dart_out/04_타법인출자현황.csv 행(원본 dart_out/raw_part*.tar.gz 안 raw/otrCprInvstmntSttus/00547583_2025_11011.json, 받은 시각 2026-09-22T11:24:29+09:00; 새 API 호출 없음) / 개별 행: dart_out/risk11/보험자회사_지주거래_전체행.csv (상대방 구분 열)",2026-10-02T14:37:42+09:00,
하나생명,하나금융지주,분기,2025-10-27~2026-07-31,(지주의 다른 자회사),지주의 다른 자회사,건수만,,,,건수만: 0건,https://www.hanalife.co.kr/home/publicAnn/listPublicAnn.do?gubun=A,,,"분기 공시 8건(2025-10-27~2026-07-31, 문서 8개 — 읽지 못한 문서 2개)에서 거래 상대방이 지주의 다른 자회사(이름 일치)인 행 0건 / 상대방 이름별(공백 뺀 표기): 없음 / 공시일: 없음 / 분기공시는 표의 대주주 행(계정구분·표 별) 하나를 1건으로 셈 — 같은 상대방이 분기마다 다시 나옴 / 별도: 이름 앞부분만 지주 자회사와 같은 상대방 3건(하나벤처스4호신기술투자조합 2건, 하나벤처스호4신기술투자조합 1건) — 건수에 넣지 않음 / 자회사 목록: OpenDART 타법인출자현황(otrCprInvstmntSttus) 하나금융지주 2025 사업보고서(rcept_no 20260814004019) 15곳 — 레포 DART 수집기가 받아 둔 dart_out/04_타법인출자현황.csv 행(원본 dart_out/raw_part*.tar.gz 안 raw/otrCprInvstmntSttus/00547583_2025_11011.json, 받은 시각 2026-09-22T11:24:29+09:00; 새 API 호출 없음) / 개별 행: dart_out/risk11/보험자회사_지주거래_전체행.csv (상대방 구분 열)",2026-10-02T14:37:42+09:00,
하나생명,하나금융지주,수시,2025-12-10,문서에 없음,미확인(문서 읽기 불가),대주주가 발행한 주식에 대한 의결권 행사,문서에 없음,문서에 없음,문서에 없음,문서에 없음,https://www.hanalife.co.kr/home/download2.do?fileName=HO_CI/2025121016113171773.pdf&downFileName=%EB%8C%80%EC%A3%BC%EC%A3%BC%EA%B0%80%20%EB%B0%9C%ED%96%89%ED%95%9C%20%EC%A3%BC%EC%8B%9D%EC%97%90%20%EB%8C%80%ED%95%9C%20%EC%9D%98%EA%B2%B0%EA%B6%8C%20%ED%96%89%EC%82%AC(0).pdf,대주주가 발행한 주식에 대한 의결권 행사(0).pdf,,"문서보안(DRM) 암호화 파일(파일 머리 'SCDSA002') — 열거나 풀지 않음(우회 금지) / 원본 dart_out/raw/web11/insdeal/하나생명_2025121016113171773.pdf (sha256 6905164c5117…) / 목록 「대주주가 발행한 주식에 대한 의결권 행사」 2025.12.10 (목록 3쪽 7행, 목록 원본 dart_out/raw/web11/insdeal/하나생명_수시공시_p03.html sha256 c2718f698260…) / 고른 사유: 공시일 2025-01-01 이후 / 출처 화면·기간: 하나생명 누리집 > 공시실 > 경영공시실 > 수시공시(https://www.hanalife.co.kr/home/publicAnn/listPublicAnn.do?gubun=A) — 목록 6쪽(60건) 받음, 일자 2025-01-01 이후 수시·최근 4개 분기(2025.3~2026.2분기) 분기공시 중 제목에 「대주주」 / 이용약관: 자동 수집 금지 문구 없음; 제3자 제공·이용 제한 문구 있음(재배포 때 유의)",2026-10-02T14:04:34+09:00,6905164c5117c14c4883a5e9c13a5686fc1cddd7718e8ea8e1459733e73460ec
하나생명,하나금융지주,분기,2026-01-30,문서에 없음,미확인(문서 읽기 불가),대주주에 대한 신용공여현황 분기공시,문서에 없음,문서에 없음,문서에 없음,문서에 없음,https://www.hanalife.co.kr/home/download2.do?fileName=HO_CI/2026130155941930.pdf&downFileName=2025%EB%85%84%204%EB%B6%84%EA%B8%B0%20%EB%8C%80%EC%A3%BC%EC%A3%BC%EC%97%90%20%EB%8C%80%ED%95%9C%20%EC%8B%A0%EC%9A%A9%EA%B3%B5%EC%97%AC%ED%98%84%ED%99%A9%20%EB%B6%84%EA%B8%B0%EA%B3%B5%EC%8B%9C.pdf,2025년 4분기 대주주에 대한 신용공여현황 분기공시.pdf,1,"PDF 글자 층이 비어 있음(스캔 그림 PDF로 보임, 1쪽) — 글자 추출 불가, OCR 하지 않음 / 원본 dart_out/raw/web11/insdeal/하나생명_2026130155941930.pdf (sha256 d4471a2beae4…) / 목록 「대주주에 대한 신용공여현황 분기공시」 2026.01.30 (목록 3쪽 1행, 목록 원본 dart_out/raw/web11/insdeal/하나생명_수시공시_p03.html sha256 c2718f698260…) / 고른 사유: 제목에 분기 표기 없음 — 목록 첨부 파일명 분기 표기 2025.4분기 / 출처 화면·기간: 하나생명 누리집 > 공시실 > 경영공시실 > 수시공시(https://www.hanalife.co.kr/home/publicAnn/listPublicAnn.do?gubun=A) — 목록 6쪽(60건) 받음, 일자 2025-01-01 이후 수시·최근 4개 분기(2025.3~2026.2분기) 분기공시 중 제목에 「대주주」 / 이용약관: 자동 수집 금지 문구 없음; 제3자 제공·이용 제한 문구 있음(재배포 때 유의) / 텍스트화: pypdf 6.19.0 extract_text(extraction_mode='layout') — 글자 그대로, 위치 맞춤 공백만 정리(4칸 이상=칸 경계 ' | ', 2~3칸=한 칸) → dart_out/raw/web11/insdeal/하나생명_2026130155941930.pdf.layout.txt",2026-10-02T14:04:23+09:00,d4471a2beae4ba6894f97365f7a8f6041ed6fd6316f09ffb8178b753bd188476
하나생명,하나금융지주,분기,2026-01-30,문서에 없음,미확인(문서 읽기 불가),대주주가 발행한 채권 또는 주식 취득현황 분기공시,문서에 없음,문서에 없음,문서에 없음,문서에 없음,https://www.hanalife.co.kr/home/download2.do?fileName=HO_CI/20261301601734599.pdf&downFileName=2025%EB%85%84%204%EB%B6%84%EA%B8%B0%20%EB%8C%80%EC%A3%BC%EC%A3%BC%EA%B0%80%20%EB%B0%9C%ED%96%89%ED%95%9C%20%EC%B1%84%EA%B6%8C%20%EB%98%90%EB%8A%94%20%EC%A3%BC%EC%8B%9D%20%EC%B7%A8%EB%93%9D%ED%98%84%ED%99%A9%20%EB%B6%84%EA%B8%B0%EA%B3%B5%EC%8B%9C.pdf,2025년 4분기 대주주가 발행한 채권 또는 주식 취득현황 분기공시.pdf,1,"PDF 글자 층이 비어 있음(스캔 그림 PDF로 보임, 1쪽) — 글자 추출 불가, OCR 하지 않음 / 원본 dart_out/raw/web11/insdeal/하나생명_20261301601734599.pdf (sha256 84cd6b0203e0…) / 목록 「대주주가 발행한 채권 또는 주식 취득현황 분기공시」 2026.01.30 (목록 2쪽 10행, 목록 원본 dart_out/raw/web11/insdeal/하나생명_수시공시_p02.html sha256 ee03cb3a9523…) / 고른 사유: 제목에 분기 표기 없음 — 목록 첨부 파일명 분기 표기 2025.4분기 / 출처 화면·기간: 하나생명 누리집 > 공시실 > 경영공시실 > 수시공시(https://www.hanalife.co.kr/home/publicAnn/listPublicAnn.do?gubun=A) — 목록 6쪽(60건) 받음, 일자 2025-01-01 이후 수시·최근 4개 분기(2025.3~2026.2분기) 분기공시 중 제목에 「대주주」 / 이용약관: 자동 수집 금지 문구 없음; 제3자 제공·이용 제한 문구 있음(재배포 때 유의) / 텍스트화: pypdf 6.19.0 extract_text(extraction_mode='layout') — 글자 그대로, 위치 맞춤 공백만 정리(4칸 이상=칸 경계 ' | ', 2~3칸=한 칸) → dart_out/raw/web11/insdeal/하나생명_20261301601734599.pdf.layout.txt",2026-10-02T14:04:20+09:00,84cd6b0203e03a00135500efaf96576a5fb3210e6bbaf607b17d5998ef2f3385
하나생명,하나금융지주,수시·분기,문서에 없음,문서에 없음,지주 본체,문서에 없음,문서에 없음,문서에 없음,문서에 없음,문서에 없음,https://www.hanalife.co.kr/home/publicAnn/listPublicAnn.do?gubun=A,문서에 없음,,"거래 상대방이 지주 본체(하나금융지주)인 행 없음 / 확인한 화면: 하나생명 누리집 > 공시실 > 경영공시실 > 수시공시(https://www.hanalife.co.kr/home/publicAnn/listPublicAnn.do?gubun=A) — 목록 6쪽(60건) 받음, 일자 2025-01-01 이후 수시·최근 4개 분기(2025.3~2026.2분기) 분기공시 중 제목에 「대주주」 / 목록 60건 중 제목에 「대주주」 45건, 고른 공시(수시 2025-01-01 이후·분기 2025.3~2026.2분기) 수시 20건·분기 8건 (기간 2025-02-14~2026-09-23), 본 문서 28개 — 그중 읽지 못함 3개(위 「미확인」 행) / 생명보험협회 공시실(pub.insure.or.kr)은 robots Disallow:/ 라 요청 안 함 / 이용약관: 자동 수집 금지 문구 없음; 제3자 제공·이용 제한 문구 있음(재배포 때 유의)",2026-10-02T14:37:42+09:00,
하나손해보험,하나금융지주,수시,2025-03-24~2026-04-28,(지주의 다른 자회사),지주의 다른 자회사,건수만,,,,건수만: 0건,https://www.hanainsure.co.kr/w/disclosure/manage/occasionalMngDisclosure,,,"수시 공시 14건(2025-03-24~2026-04-28, 문서 14개 — 읽지 못한 문서 0개)에서 거래 상대방이 지주의 다른 자회사(이름 일치)인 행 0건 / 상대방 이름별(공백 뺀 표기): 없음 / 공시일: 없음 / 자회사 목록: OpenDART 타법인출자현황(otrCprInvstmntSttus) 하나금융지주 2025 사업보고서(rcept_no 20260814004019) 15곳 — 레포 DART 수집기가 받아 둔 dart_out/04_타법인출자현황.csv 행(원본 dart_out/raw_part*.tar.gz 안 raw/otrCprInvstmntSttus/00547583_2025_11011.json, 받은 시각 2026-09-22T11:24:29+09:00; 새 API 호출 없음) / 개별 행: dart_out/risk11/보험자회사_지주거래_전체행.csv (상대방 구분 열)",2026-10-02T14:37:42+09:00,
하나손해보험,하나금융지주,분기,2025-10-23~2026-07-21,(지주의 다른 자회사),지주의 다른 자회사,건수만,,,,건수만: 4건,https://www.hanainsure.co.kr/w/disclosure/manage/occasionalMngDisclosure,,,"분기 공시 4건(2025-10-23~2026-07-21, 문서 4개 — 읽지 못한 문서 0개)에서 거래 상대방이 지주의 다른 자회사(이름 일치)인 행 4건 / 상대방 이름별(공백 뺀 표기): 하나벤처스 4건 / 공시일: 2025-10-23, 2026-01-20, 2026-04-23, 2026-07-21 / 분기공시는 표의 대주주 행(계정구분·표 별) 하나를 1건으로 셈 — 같은 상대방이 분기마다 다시 나옴 / 자회사 목록: OpenDART 타법인출자현황(otrCprInvstmntSttus) 하나금융지주 2025 사업보고서(rcept_no 20260814004019) 15곳 — 레포 DART 수집기가 받아 둔 dart_out/04_타법인출자현황.csv 행(원본 dart_out/raw_part*.tar.gz 안 raw/otrCprInvstmntSttus/00547583_2025_11011.json, 받은 시각 2026-09-22T11:24:29+09:00; 새 API 호출 없음) / 개별 행: dart_out/risk11/보험자회사_지주거래_전체행.csv (상대방 구분 열)",2026-10-02T14:37:42+09:00,
하나손해보험,하나금융지주,수시·분기,문서에 없음,문서에 없음,지주 본체,문서에 없음,문서에 없음,문서에 없음,문서에 없음,문서에 없음,https://www.hanainsure.co.kr/w/disclosure/manage/occasionalMngDisclosure,문서에 없음,,"거래 상대방이 지주 본체(하나금융지주)인 행 없음 / 확인한 화면: 하나손해보험 누리집 > 공시실 > 경영공시 > 수시경영공시(https://www.hanainsure.co.kr/w/disclosure/manage/occasionalMngDisclosure) — 목록 5쪽(50건, 사이트 표시 총 293건) 받음, 게시일 2025-01-01 이후 수시·최근 4개 분기 분기공시 중 제목에 「대주주」 / 목록 50건 중 제목에 「대주주」 28건, 고른 공시(수시 2025-01-01 이후·분기 2025.3~2026.2분기) 수시 14건·분기 4건 (기간 2025-03-24~2026-07-21), 본 문서 18개 — 그중 읽지 못함 0개(위 「미확인」 행) / 손보협회 공시실 링크: https://www.educar.co.kr/w/disclosure/manage/occasionalMngDisclosure / 이용약관: 자동 수집 금지 문구 없음; 제3자 제공·이용 제한 문구 있음(재배포 때 유의)",2026-10-02T14:37:42+09:00,
신한EZ손해보험,신한금융지주,수시·분기,문서에 없음,문서에 없음,지주 본체,문서에 없음,문서에 없음,문서에 없음,문서에 없음,문서에 없음,https://www.shinhanez.co.kr/static/pub/PUB10000T01.html,문서에 없음,,"거래 상대방이 지주 본체(신한금융지주·신한금융지주회사)인 행 없음 / 확인한 화면: 신한EZ손해보험 누리집 > 공시실 > 경영공시 > 수시공시 탭(https://www.shinhanez.co.kr/static/pub/PUB10000T01.html — 손보협회 공시실 「신한EZ손해보험 링크」) — 목록 3쪽(30건, 사이트 표시 총 [254]건) 받음, 등록일 2025-01-01 이후 수시·최근 4개 분기 분기공시 중 제목에 「대주주」 / 목록 30건 중 제목에 「대주주」 0건, 고른 공시(수시 2025-01-01 이후·분기 2025.3~2026.2분기) 수시 0건·분기 0건 (기간 ), 본 문서 0개 — 그중 읽지 못함 0개(위 「미확인」 행) / 손보협회 공시실 링크: https://www.shinhanez.co.kr/static/pub/PUB10000T01.html / 이용약관: 자동 수집 금지 문구 없음; 제3자 제공·이용 제한 문구 있음(재배포 때 유의)",2026-10-02T14:37:42+09:00,
KB손해보험,KB금융지주,분기,"2025-10-31, 2026-01-30, 2026-04-30, 2026-07-28",문서에 없음,미확인(문서 읽기 불가),대주주에 대한 신용공여 현황 및 채권·주식 취득현황(분기),문서에 없음,문서에 없음,문서에 없음,문서에 없음,https://kpub.knia.or.kr/managementDisc/spot/spotDisclosure.do,[공시문안]대주주에 대한 신용공여 및 채권 주식 취득현황(2025.3분기).pdf | [공시문안]대주주에 대한 신용공여 및 채권 주식 취득현황(2025.4분기).pdf | [공시문안]대주주에 대한 신용공여 및 채권・주식 취득현황(2026년 1분기)_vf.pdf | 대주주에 대한 신용공여 현황 및 발행 채권주식 취득 현황(26년 2분기).pdf,,"10차 handoff/원문_10차/보험자회사_대주주거래공시.csv 의 「미확인(문서 읽기 불가)」 4건(2025-10-31 https://www.kbinsure.co.kr/CG801020002.ec?seq=982, 2026-01-30 https://www.kbinsure.co.kr/CG801020002.ec?seq=1003, 2026-04-30 https://www.kbinsure.co.kr/CG801020002.ec?seq=1029, 2026-07-28 https://www.kbinsure.co.kr/CG801020002.ec?seq=1055) — 손보협회 공시실에 같은 공시 글이 있는지 확인: 공시실 「경영공시 > 수시경영공시」는 회사별 누리집 링크 모음뿐(KB손보 링크 http://www.kbinsure.co.kr/CG801020001.ec = 10차 출처와 같은 화면), 「정기경영공시」는 연도별 통일경영공시 PDF(분기 대주주거래 공시와 다른 문서)라 같은 공시 글 없음 → 미확인 유지(OCR 하지 않음). 원본은 10차 dart_out/raw/web10/insdeal/(KB손해보험_seq982·1003·1029·1055.pdf)",2026-10-02T14:32:18+09:00,
(손해보험협회 공시실),,수시·분기,문서에 없음,문서에 없음,문서에 없음,문서에 없음,문서에 없음,문서에 없음,문서에 없음,문서에 없음,https://kpub.knia.or.kr/managementDisc/spot/spotDisclosure.do,문서에 없음,,손해보험협회 공시실(kpub.knia.or.kr) > 경영공시 > 수시경영공시(https://kpub.knia.or.kr/managementDisc/spot/spotDisclosure.do) 는 대주주거래 공시 글을 따로 싣지 않고 회사별 누리집 수시경영공시 링크만 둠(메리츠화재 https://www.meritzfire.com/disclosure/managerial-announcement/occasional.do?vMode=PC · 농협손보 http://www.nhfire.co.kr/announce/managementAnnounce/retrieveAnytimeManagementAnnounce.nhfire · 하나손보 https://www.educar.co.kr/w/disclosure/manage/occasionalMngDisclosure · 신한EZ손해보험 https://www.shinhanez.co.kr/static/pub/PUB10000T01.html · KB손보 http://www.kbinsure.co.kr/CG801020001.ec) — 각 사 행은 이 링크(하나손보는 같은 경로의 현 주소)에서 받음. robots: 없음(HTTP 403) robots.txt 가 HTTP 403 — RFC 9309 §2.3.1.3 에 따라 제한 없음으로 봄. 약관: robots 없음(HTTP 403) · 약관 수집 가능,2026-10-02T14:32:18+09:00,f25e8f5547fe694a5461c7e7adc4947f8d01fda2a2dbcfd5a0e4a7333f3b7020
(생명보험협회 공시실),,수시·분기,문서에 없음,문서에 없음,요청 안 함,문서에 없음,문서에 없음,문서에 없음,문서에 없음,문서에 없음,https://pub.insure.or.kr/robots.txt,문서에 없음,,"robots.txt(pub.insure.or.kr) 가 User-agent:* Disallow:/ (10차 확인, 원본 dart_out/raw/web10/insdeal/robots_pub.insure.or.kr.txt) — 11차는 요청하지 않음(지시). 생보사(NH농협생명·신한라이프·하나생명)는 각 사 누리집에서만 확인",2026-10-01T17:24:33+09:00,
