구분,법령,조문,조문제목,원문,인용하는 조문,외국 법인 언급,대조_상대조문,대조_상대원문,차이여부,note,rcept_no_or_url,doc_name,page,collected_at,source_sha256
은행법 시행령 제1조의4,은행법 시행령,제1조의4제1항,특수관계인의 범위,"① 법 제2조제1항제8호에서 ""대통령령으로 정하는 특수관계에 있는 자""란 본인과 다음 각 호의 어느 하나에 해당하는 관계에 있는 자(이하 ""특수관계인""이라 한다)를 말한다. <개정 2021.12.28, 2022.12.27>",법 제2조제1항제8호,N,,,,항 머리 글,http://www.law.go.kr/DRF/lawService.do?OC=***&target=eflaw&MST=287003&efYd=20260701&type=XML,"은행법 시행령(일련번호 287003, 시행 20260701)",제1조의4제1항 (법령은 쪽 없음 — 조문 위치),2026-10-02T13:43:31+09:00,d44ab474b3ba69ec298423fd1897d3cc5436256c71e831ecc61524b0d8950fe2
은행법 시행령 제1조의4,은행법 시행령,제1조의4제1항제1호,특수관계인의 범위,"1. 배우자, 6촌 이내의 혈족 및 4촌 이내의 인척. 다만, 「독점규제 및 공정거래에 관한 법률 시행령」 제5조제1항제2호가목에 따른 독립경영자 및 같은 목에 따라 공정거래위원회가 동일인관련자의 범위로부터 분리를 인정하는 사람은 제외한다.",「독점규제 및 공정거래에 관한 법률 시행령」 제5조제1항제2호가목 | 같은 목,N,,,,,http://www.law.go.kr/DRF/lawService.do?OC=***&target=eflaw&MST=287003&efYd=20260701&type=XML,"은행법 시행령(일련번호 287003, 시행 20260701)",제1조의4제1항제1호 (법령은 쪽 없음 — 조문 위치),2026-10-02T13:43:31+09:00,d44ab474b3ba69ec298423fd1897d3cc5436256c71e831ecc61524b0d8950fe2
은행법 시행령 제1조의4,은행법 시행령,제1조의4제1항제2호,특수관계인의 범위,2. 본인 및 제1호 또는 제4호의 사람이 임원의 과반수를 차지하거나 이들이 제3호 또는 제5호의 자와 합하여 100분의 50 이상을 출연하였거나 이들 중의 1명이 설립자로 되어 있는 비영리법인ㆍ조합 또는 단체,,N,,,,,http://www.law.go.kr/DRF/lawService.do?OC=***&target=eflaw&MST=287003&efYd=20260701&type=XML,"은행법 시행령(일련번호 287003, 시행 20260701)",제1조의4제1항제2호 (법령은 쪽 없음 — 조문 위치),2026-10-02T13:43:31+09:00,d44ab474b3ba69ec298423fd1897d3cc5436256c71e831ecc61524b0d8950fe2
은행법 시행령 제1조의4,은행법 시행령,제1조의4제1항제3호,특수관계인의 범위,3. 본인 및 제1호ㆍ제2호ㆍ제4호의 자가 의결권 있는 발행주식 총수(지분을 포함한다. 이하 같다)의 100분의 30 이상을 소유하고 있거나 이들이 최다수 주식소유자로서 경영에 참여하고 있는 회사,,N,,,,,http://www.law.go.kr/DRF/lawService.do?OC=***&target=eflaw&MST=287003&efYd=20260701&type=XML,"은행법 시행령(일련번호 287003, 시행 20260701)",제1조의4제1항제3호 (법령은 쪽 없음 — 조문 위치),2026-10-02T13:43:31+09:00,d44ab474b3ba69ec298423fd1897d3cc5436256c71e831ecc61524b0d8950fe2
은행법 시행령 제1조의4,은행법 시행령,제1조의4제1항제4호,특수관계인의 범위,"4. 본인, 제2호 또는 제3호의 자에게 고용된 사람(사용자가 법인ㆍ조합 또는 단체인 경우에는 임원을 말하고, 개인인 경우에는 상업사용인, 고용계약에 따라 고용된 사람 또는 그 개인의 금전이나 재산으로 생계를 유지하는 사람을 말한다)",,N,,,,,http://www.law.go.kr/DRF/lawService.do?OC=***&target=eflaw&MST=287003&efYd=20260701&type=XML,"은행법 시행령(일련번호 287003, 시행 20260701)",제1조의4제1항제4호 (법령은 쪽 없음 — 조문 위치),2026-10-02T13:43:31+09:00,d44ab474b3ba69ec298423fd1897d3cc5436256c71e831ecc61524b0d8950fe2
은행법 시행령 제1조의4,은행법 시행령,제1조의4제1항제5호,특수관계인의 범위,5. 본인 및 제1호부터 제4호까지의 자가 의결권 있는 발행주식 총수의 100분의 30 이상을 소유하고 있거나 이들이 최다수 주식소유자로서 경영에 참여하고 있는 회사,,N,,,,,http://www.law.go.kr/DRF/lawService.do?OC=***&target=eflaw&MST=287003&efYd=20260701&type=XML,"은행법 시행령(일련번호 287003, 시행 20260701)",제1조의4제1항제5호 (법령은 쪽 없음 — 조문 위치),2026-10-02T13:43:31+09:00,d44ab474b3ba69ec298423fd1897d3cc5436256c71e831ecc61524b0d8950fe2
은행법 시행령 제1조의4,은행법 시행령,제1조의4제1항제6호,특수관계인의 범위,"6. 본인이 「독점규제 및 공정거래에 관한 법률」 제2조제11호에 따른 기업집단(이하 ""기업집단""이라 한다)을 지배하는 자(이하 ""계열주""라 한다)인 경우에 그가 지배하는 기업집단에 속하는 회사(계열주가 단독으로 또는 같은 법 시행령 제4조제1항제1호 각 목의 어느 하나 및 같은 항 제2호 각 목의 어느 하나에 해당하는 관계에 있는 자와 합하여 같은 항 제1호 및 제2호의 요건에 해당하는 외국법인을 포함한다. 이하 이 조에서 같다) 및 그 회사의 임원",「독점규제 및 공정거래에 관한 법률」 제2조제11호 | 같은 법 시행령 제4조제1항제1호 | 같은 항 제2호 각 목 | 같은 항 제1호 및 제2호,Y(외국법인),,,,,http://www.law.go.kr/DRF/lawService.do?OC=***&target=eflaw&MST=287003&efYd=20260701&type=XML,"은행법 시행령(일련번호 287003, 시행 20260701)",제1조의4제1항제6호 (법령은 쪽 없음 — 조문 위치),2026-10-02T13:43:31+09:00,d44ab474b3ba69ec298423fd1897d3cc5436256c71e831ecc61524b0d8950fe2
은행법 시행령 제1조의4,은행법 시행령,제1조의4제1항제7호,특수관계인의 범위,7. 본인이 계열주와 제1호 또는 제2호에 따른 관계에 있는 자이거나 계열주가 지배하는 기업집단에 속하는 회사의 임원인 경우에 그 계열주가 지배하는 기업집단에 속하는 회사 및 그 회사의 임원,,N,,,,,http://www.law.go.kr/DRF/lawService.do?OC=***&target=eflaw&MST=287003&efYd=20260701&type=XML,"은행법 시행령(일련번호 287003, 시행 20260701)",제1조의4제1항제7호 (법령은 쪽 없음 — 조문 위치),2026-10-02T13:43:31+09:00,d44ab474b3ba69ec298423fd1897d3cc5436256c71e831ecc61524b0d8950fe2
은행법 시행령 제1조의4,은행법 시행령,제1조의4제1항제8호,특수관계인의 범위,8. 본인이 기업집단에 속하는 회사인 경우에 그 회사와 같은 기업집단에 속하는 회사 및 그 회사의 임원,,N,,,,,http://www.law.go.kr/DRF/lawService.do?OC=***&target=eflaw&MST=287003&efYd=20260701&type=XML,"은행법 시행령(일련번호 287003, 시행 20260701)",제1조의4제1항제8호 (법령은 쪽 없음 — 조문 위치),2026-10-02T13:43:31+09:00,d44ab474b3ba69ec298423fd1897d3cc5436256c71e831ecc61524b0d8950fe2
은행법 시행령 제1조의4,은행법 시행령,제1조의4제1항제9호,특수관계인의 범위,9. 본인 또는 제1호부터 제8호까지의 자와 합의 또는 계약 등으로 은행의 발행주식에 대한 의결권(의결권의 행사를 지시할 수 있는 권한을 포함한다)을 공동으로 행사하는 자,,N,,,,,http://www.law.go.kr/DRF/lawService.do?OC=***&target=eflaw&MST=287003&efYd=20260701&type=XML,"은행법 시행령(일련번호 287003, 시행 20260701)",제1조의4제1항제9호 (법령은 쪽 없음 — 조문 위치),2026-10-02T13:43:31+09:00,d44ab474b3ba69ec298423fd1897d3cc5436256c71e831ecc61524b0d8950fe2
은행법 시행령 제1조의4,은행법 시행령,제1조의4제2항,특수관계인의 범위,"② 제1항에도 불구하고 다음 각 호의 어느 하나에 해당하는 자는 특수관계인의 범위에서 제외한다. <개정 2010.12.30, 2015.10.23, 2021.2.17, 2021.10.21>",,N,,,,항 머리 글,http://www.law.go.kr/DRF/lawService.do?OC=***&target=eflaw&MST=287003&efYd=20260701&type=XML,"은행법 시행령(일련번호 287003, 시행 20260701)",제1조의4제2항 (법령은 쪽 없음 — 조문 위치),2026-10-02T13:43:31+09:00,d44ab474b3ba69ec298423fd1897d3cc5436256c71e831ecc61524b0d8950fe2
은행법 시행령 제1조의4,은행법 시행령,제1조의4제2항제1호,특수관계인의 범위,"1. 「사회기반시설에 대한 민간투자법」 제8조의2에 따라 주무관청의 지정을 받은 민간투자대상사업을 경영하는 회사. 다만, 「국가재정법」 제5조에 따른 기금 또는 그 기금을 관리ㆍ운용하는 법인(법률에 따라 기금의 관리ㆍ운용을 위탁받은 법인을 포함하며, 이하 ""기금등""이라 한다)이 포함된 동일인이 아닌 경우에는 「조세특례제한법」 제104조의31제1항에 해당하는 회사로 한정한다.",「사회기반시설에 대한 민간투자법」 제8조의2 | 「국가재정법」 제5조 | 「조세특례제한법」 제104조의31제1항,N,,,,,http://www.law.go.kr/DRF/lawService.do?OC=***&target=eflaw&MST=287003&efYd=20260701&type=XML,"은행법 시행령(일련번호 287003, 시행 20260701)",제1조의4제2항제1호 (법령은 쪽 없음 — 조문 위치),2026-10-02T13:43:31+09:00,d44ab474b3ba69ec298423fd1897d3cc5436256c71e831ecc61524b0d8950fe2
은행법 시행령 제1조의4,은행법 시행령,제1조의4제2항제2호,특수관계인의 범위,"2. 은행 또는 「금융지주회사법」 제2조제1항제5호에 따른 은행지주회사(이하 ""은행지주회사""라 한다)의 자회사등(같은 법 제4조제1항제2호에 따른 자회사등을 말한다. 이하 이 조에서 같다)인 금융기관(같은 법 제2조제1항제1호에 따른 금융기관을 말한다)이 「기업구조조정 촉진법」, 「채무자 회생 및 파산에 관한 법률」에 따른 기업구조조정이나 회생을 위하여 출자전환 등으로 다른 회사의 주식을 취득하는 경우(이에 준하는 경우를 포함한다) 그 다른 회사",「금융지주회사법」 제2조제1항제5호 | 같은 법 제4조제1항제2호 | 같은 법 제2조제1항제1호 | 「기업구조조정 촉진법」 | 「채무자 회생 및 파산에 관한 법률」,N,,,,,http://www.law.go.kr/DRF/lawService.do?OC=***&target=eflaw&MST=287003&efYd=20260701&type=XML,"은행법 시행령(일련번호 287003, 시행 20260701)",제1조의4제2항제2호 (법령은 쪽 없음 — 조문 위치),2026-10-02T13:43:31+09:00,d44ab474b3ba69ec298423fd1897d3cc5436256c71e831ecc61524b0d8950fe2
은행법 시행령 제1조의4,은행법 시행령,제1조의4제2항제3호,특수관계인의 범위,"3. 다음 각 목의 어느 하나에 해당하는 기관전용 사모집합투자기구 (「자본시장과 금융투자업에 관한 법률」에 따른 기관전용 사모집합투자기구를 말한다. 이하 ""기관전용 사모집합투자기구""라 한다)가 투자한 기업의 가치를 높여 그 수익을 사원에게 배분하기 위한 목적으로 다른 회사의 주식을 취득한 경우 그 다른 회사",「자본시장과 금융투자업에 관한 법률」,N,,,,,http://www.law.go.kr/DRF/lawService.do?OC=***&target=eflaw&MST=287003&efYd=20260701&type=XML,"은행법 시행령(일련번호 287003, 시행 20260701)",제1조의4제2항제3호 (법령은 쪽 없음 — 조문 위치),2026-10-02T13:43:31+09:00,d44ab474b3ba69ec298423fd1897d3cc5436256c71e831ecc61524b0d8950fe2
은행법 시행령 제1조의4,은행법 시행령,제1조의4제2항제3호가목,특수관계인의 범위,가. 법 제37조제2항 각 호 외의 부분 단서에 따른 은행의 자회사등인 기관전용 사모집합투자기구,법 제37조제2항,N,,,,,http://www.law.go.kr/DRF/lawService.do?OC=***&target=eflaw&MST=287003&efYd=20260701&type=XML,"은행법 시행령(일련번호 287003, 시행 20260701)",제1조의4제2항제3호가목 (법령은 쪽 없음 — 조문 위치),2026-10-02T13:43:31+09:00,d44ab474b3ba69ec298423fd1897d3cc5436256c71e831ecc61524b0d8950fe2
은행법 시행령 제1조의4,은행법 시행령,제1조의4제2항제3호나목,특수관계인의 범위,나. 은행지주회사의 자회사등인 기관전용 사모집합투자기구,,N,,,,,http://www.law.go.kr/DRF/lawService.do?OC=***&target=eflaw&MST=287003&efYd=20260701&type=XML,"은행법 시행령(일련번호 287003, 시행 20260701)",제1조의4제2항제3호나목 (법령은 쪽 없음 — 조문 위치),2026-10-02T13:43:31+09:00,d44ab474b3ba69ec298423fd1897d3cc5436256c71e831ecc61524b0d8950fe2
제1조의4 가 인용하는 조문,은행법,제2조제1항제8호,정의,"8. ""동일인""이란 본인 및 그와 대통령령으로 정하는 특수관계에 있는 자(이하 ""특수관계인""이라 한다)를 말한다.",,N,,,,인용한 곳: 은행법 시행령 제1조의4 제1항 머리 「법 제2조제1항제8호」,http://www.law.go.kr/DRF/lawService.do?OC=***&target=eflaw&MST=282001&efYd=20260701&type=XML,"은행법(일련번호 282001, 시행 20260701)",제2조제1항제8호 (법령은 쪽 없음 — 조문 위치),2026-10-02T13:44:38+09:00,66f8ba8a3ddc714fa1bd40042031379fec3e6356b8a6879059a20b3c4437cea7
제1조의4 가 인용하는 조문,독점규제 및 공정거래에 관한 법률,제2조제11호,정의,"11. ""기업집단""이란 동일인이 다음 각 목의 구분에 따라 대통령령으로 정하는 기준에 따라 사실상 그 사업내용을 지배하는 회사의 집단을 말한다.
가. 동일인이 회사인 경우: 그 동일인과 그 동일인이 지배하는 하나 이상의 회사의 집단
나. 동일인이 회사가 아닌 경우: 그 동일인이 지배하는 둘 이상의 회사의 집단",,N,,,,인용한 곳: 은행법 시행령 제1조의4 제1항제6호 「「독점규제 및 공정거래에 관한 법률」 제2조제11호에 따른 기업집단」,http://www.law.go.kr/DRF/lawService.do?OC=***&target=eflaw&MST=290153&efYd=20261002&type=XML,"독점규제 및 공정거래에 관한 법률(일련번호 290153, 시행 20261002, 10-02 현행 재확인본)",제2조제11호 (법령은 쪽 없음 — 조문 위치),2026-10-02T11:01:48+09:00,d6f227db43a7fb9926d56e31958f2da2347dba0ee3e67accc3ef4cfb990b01f5
제1조의4 가 인용하는 조문,독점규제 및 공정거래에 관한 법률 시행령,제5조제1항제2호,기업집단으로부터의 제외,"2. 다음 각 목의 요건을 모두 갖춘 회사로서 동일인의 친족이 해당 회사를 독립적으로 경영하고 있다고 인정되는 회사
가. 동일인의 친족이 사실상 사업내용을 지배하고 있는 회사 중 기업집단으로부터의 제외를 요청한 각 회사(이하 ""친족측계열회사""라 한다)에 대해 동일인 및 동일인관련자 중 다음의 자를 제외한 자가 소유하고 있는 주식의 합계가 각 회사의 발행주식총수의 100분의 3[「자본시장과 금융투자업에 관한 법률」 제9조제15항제3호에 따른 주권상장법인(이하 ""상장법인""이라 한다)이 아닌 회사의 경우에는 100분의 10] 미만일 것
      1) 친족측계열회사를 독립적으로 경영하는 자(이하 ""독립경영친족""이라 한다)
      2) 독립경영친족과 제4조제1항제1호 각 목의 어느 하나에 해당하는 관계에 있는 자 중 독립경영친족의 요청에 따라 공정거래위원회가 동일인관련자의 범위로부터 분리를 인정하는 자(이하 ""독립경영친족관련자""라 한다)
나. 기업집단에서 친족측계열회사를 제외한 각 회사(이하 ""비친족측계열회사""라 한다)에 대해 독립경영친족 및 독립경영친족관련자가 소유하고 있는 주식의 합계가 각 회사의 발행주식총수의 100분의 3(상장법인이 아닌 회사의 경우에는 100분의 15) 미만일 것
다. 비친족측계열회사와 친족측계열회사 간에 임원의 상호 겸임이 없을 것
라. 비친족측계열회사와 친족측계열회사 간에 채무보증이나 자금대차가 없을 것. 다만, 다음의 채무보증이나 자금대차는 제외한다.
      1) 법 제24조제1호에 따른 채무보증
      2) 거래에 수반하여 정상적으로 발생한 것으로 인정되는 채무보증이나 자금대차
마. 다음의 어느 하나에 해당하는 거래(기업집단의 범위에서 제외된 날의 직전 3년 및 직후 3년간의 거래로 한정한다)와 관련하여 법 제45조제1항제9호, 같은 조 제2항 또는 법 제47조 위반으로 비친족측계열회사, 친족측계열회사, 동일인 또는 친족이 공정거래위원회로부터 시정조치(시정권고 또는 경고를 포함한다)를 받거나 과징금을 부과받은 사실이 없을 것
      1) 비친족측계열회사와 친족측계열회사 간의 거래
      2) 비친족측계열회사와 독립경영친족(독립경영친족관련자를 포함한다) 간의 거래
      3) 친족측계열회사와 동일인(동일인의 친족 중 독립경영친족관련자를 제외한 나머지 자를 포함한다) 간의 거래",「자본시장과 금융투자업에 관한 법률」 제9조제15항제3호 | 법 제24조제1호 | 법 제45조제1항제9호 | 법 제47조,N,,,,인용한 곳: 은행법 시행령 제1조의4 제1항제1호 단서 「…시행령」 제5조제1항제2호가목에 따른 독립경영자」 — 가목의 상위 호 전체 · 기계 대조: 인용 단위에 「독립경영자」 낱말 없음(이 판의 용어는 「독립경영친족」 — 판단 필요),http://www.law.go.kr/DRF/lawService.do?OC=***&target=eflaw&MST=284737&efYd=20260324&type=XML,"독점규제 및 공정거래에 관한 법률 시행령(일련번호 284737, 시행 20260324, 10차 수집본)",제5조제1항제2호 (법령은 쪽 없음 — 조문 위치),2026-10-01T17:09:56+09:00,a91e0464b4e75a8a293e5abcd2f6c2a89236e6f2df21231b56339e4562f5e0fc
제1조의4 가 인용하는 조문,독점규제 및 공정거래에 관한 법률 시행령,제5조제1항제2호가목,기업집단으로부터의 제외,"가. 동일인의 친족이 사실상 사업내용을 지배하고 있는 회사 중 기업집단으로부터의 제외를 요청한 각 회사(이하 ""친족측계열회사""라 한다)에 대해 동일인 및 동일인관련자 중 다음의 자를 제외한 자가 소유하고 있는 주식의 합계가 각 회사의 발행주식총수의 100분의 3[「자본시장과 금융투자업에 관한 법률」 제9조제15항제3호에 따른 주권상장법인(이하 ""상장법인""이라 한다)이 아닌 회사의 경우에는 100분의 10] 미만일 것
      1) 친족측계열회사를 독립적으로 경영하는 자(이하 ""독립경영친족""이라 한다)
      2) 독립경영친족과 제4조제1항제1호 각 목의 어느 하나에 해당하는 관계에 있는 자 중 독립경영친족의 요청에 따라 공정거래위원회가 동일인관련자의 범위로부터 분리를 인정하는 자(이하 ""독립경영친족관련자""라 한다)",「자본시장과 금융투자업에 관한 법률」 제9조제15항제3호,N,,,,인용한 곳: 은행법 시행령 제1조의4 제1항제1호 단서 「…제5조제1항제2호가목」 · 기계 대조: 인용 단위에 「독립경영자」 낱말 없음(이 판의 용어는 「독립경영친족」 — 판단 필요),http://www.law.go.kr/DRF/lawService.do?OC=***&target=eflaw&MST=284737&efYd=20260324&type=XML,"독점규제 및 공정거래에 관한 법률 시행령(일련번호 284737, 시행 20260324, 10차 수집본)",제5조제1항제2호가목 (법령은 쪽 없음 — 조문 위치),2026-10-01T17:09:56+09:00,a91e0464b4e75a8a293e5abcd2f6c2a89236e6f2df21231b56339e4562f5e0fc
제1조의4 가 인용하는 조문,독점규제 및 공정거래에 관한 법률 시행령,제4조제1항제1호,기업집단의 범위,"1. 동일인이 단독으로 또는 다음 각 목의 자(이하 ""동일인관련자""라 한다)와 합하여 해당 회사의 발행주식(「상법」 제344조의3제1항에 따른 의결권 없는 주식은 제외한다. 이하 이 조, 제5조, 제33조제2항 및 제34조제2항에서 같다)총수의 100분의 30 이상을 소유하는 경우로서 최다출자자인 회사
가. 동일인과 다음의 관계에 있는 사람(이하 ""친족""이라 한다)
      1) 배우자
      2) 4촌 이내의 혈족
      3) 3촌 이내의 인척
      4) 동일인이 지배하는 국내 회사 발행주식총수의 100분의 1 이상을 소유하고 있는 5촌ㆍ6촌인 혈족이나 4촌인 인척
      5) 동일인이 「민법」에 따라 인지한 혼인 외 출생자의 생부나 생모
나. 동일인이 단독으로 또는 동일인관련자와 합하여 총출연금액의 100분의 30 이상을 출연한 경우로서 최다출연자이거나 동일인 및 동일인관련자 중 1인이 설립자인 비영리법인 또는 단체(법인격이 없는 사단 또는 재단으로 한정한다. 이하 같다)
다. 동일인이 직접 또는 동일인관련자를 통해 임원의 구성이나 사업운용 등에 지배적인 영향력을 행사하고 있는 비영리법인 또는 단체
라. 동일인이 이 호 또는 제2호에 따라 사실상 사업내용을 지배하는 회사
마. 동일인 및 동일인과 나목부터 라목까지의 관계에 있는 자의 사용인(법인인 경우에는 임원, 개인인 경우에는 상업사용인 및 고용계약에 따른 피고용인을 말한다)",「상법」 제344조의3제1항 | 「민법」,N,,,,인용한 곳: 은행법 시행령 제1조의4 제1항제6호 「같은 법 시행령 제4조제1항제1호 각 목」,http://www.law.go.kr/DRF/lawService.do?OC=***&target=eflaw&MST=284737&efYd=20260324&type=XML,"독점규제 및 공정거래에 관한 법률 시행령(일련번호 284737, 시행 20260324, 10차 수집본)",제4조제1항제1호 (법령은 쪽 없음 — 조문 위치),2026-10-01T17:09:56+09:00,a91e0464b4e75a8a293e5abcd2f6c2a89236e6f2df21231b56339e4562f5e0fc
제1조의4 가 인용하는 조문,독점규제 및 공정거래에 관한 법률 시행령,제4조제1항제2호,기업집단의 범위,"2. 다음 각 목의 회사로서 동일인이 해당 회사의 경영에 대해 지배적인 영향력을 행사하고 있다고 인정되는 회사
가. 동일인이 다른 주요 주주와의 계약 또는 합의에 따라 대표이사를 임면한 회사 또는 임원의 100분의 50 이상을 선임하거나 선임할 수 있는 회사
나. 동일인이 직접 또는 동일인관련자를 통해 해당 회사의 조직변경 또는 신규사업에 대한 투자 등 주요 의사결정이나 업무집행에 지배적인 영향력을 행사하고 있는 회사
다. 동일인이 지배하는 회사(동일인이 회사인 경우에는 동일인을 포함한다. 이하 이 목에서 같다)와 해당 회사 간에 다음의 경우에 해당하는 인사교류가 있는 회사
      1) 동일인이 지배하는 회사와 해당 회사 간에 임원의 겸임이 있는 경우
      2) 동일인이 지배하는 회사의 임직원이 해당 회사의 임원으로 임명되었다가 동일인이 지배하는 회사로 복직하는 경우(동일인이 지배하는 회사 중 당초의 회사가 아닌 다른 회사로 복직하는 경우를 포함한다)
      3) 해당 회사의 임원이 동일인이 지배하는 회사의 임직원으로 임명되었다가 해당 회사 또는 해당 회사의 계열회사로 복직하는 경우
라. 동일인 또는 동일인관련자와 해당 회사 간에 통상적인 범위를 초과하여 자금ㆍ자산ㆍ상품ㆍ용역 등의 거래 또는 채무보증이 있는 회사
마. 그 밖에 해당 회사가 동일인의 기업집단의 계열회사로 인정될 수 있는 영업상의 표시행위를 하는 등 사회통념상 경제적 동일체로 인정되는 회사",,N,,,,인용한 곳: 은행법 시행령 제1조의4 제1항제6호 「같은 항 제2호 각 목」,http://www.law.go.kr/DRF/lawService.do?OC=***&target=eflaw&MST=284737&efYd=20260324&type=XML,"독점규제 및 공정거래에 관한 법률 시행령(일련번호 284737, 시행 20260324, 10차 수집본)",제4조제1항제2호 (법령은 쪽 없음 — 조문 위치),2026-10-01T17:09:56+09:00,a91e0464b4e75a8a293e5abcd2f6c2a89236e6f2df21231b56339e4562f5e0fc
제1조의4 가 인용하는 조문,금융지주회사법,제2조제1항제5호,정의,"5. ""은행지주회사""라 함은 다음 각 목의 어느 하나에 해당하는 회사를 포함하여 1 이상의 금융기관을 지배하는 금융지주회사를 말한다.
가. 「은행법」에 따른 인가를 받아 설립된 은행
나. 삭제 <2009.7.31>
다. 「은행법」 제2조제1항제1호의 은행업을 영위하는 금융기관으로서 대통령령이 정하는 금융기관
라. 가목 및 다목의 금융기관을 지배하는 금융지주회사",「은행법」 | 「은행법」 제2조제1항제1호,N,,,,인용한 곳: 은행법 시행령 제1조의4 제2항제2호 「「금융지주회사법」 제2조제1항제5호에 따른 은행지주회사」,http://www.law.go.kr/DRF/lawService.do?OC=***&target=eflaw&MST=254783&efYd=20230914&type=XML,"금융지주회사법(일련번호 254783, 시행 20230914)",제2조제1항제5호 (법령은 쪽 없음 — 조문 위치),2026-10-02T13:43:18+09:00,10ea3459804e700e94e1479cdcbcb7a6662ce6f31298b30f422c23b9c14d4063
제1조의4 가 인용하는 조문,금융지주회사법,제4조제1항제2호,인가의 기준,"2. 자회사, 손자회사 및 증손회사(제19조의2, 제32조에 따라 금융지주회사에 편입된 다른 회사를 포함하며, 이하 ""자회사등""이라 한다)가 되는 회사의 사업계획이 타당하고 건전할 것",,N,,,,인용한 곳: 은행법 시행령 제1조의4 제2항제2호 「같은 법 제4조제1항제2호에 따른 자회사등」,http://www.law.go.kr/DRF/lawService.do?OC=***&target=eflaw&MST=254783&efYd=20230914&type=XML,"금융지주회사법(일련번호 254783, 시행 20230914)",제4조제1항제2호 (법령은 쪽 없음 — 조문 위치),2026-10-02T13:43:18+09:00,10ea3459804e700e94e1479cdcbcb7a6662ce6f31298b30f422c23b9c14d4063
제1조의4 가 인용하는 조문,금융지주회사법,제2조제1항제1호,정의,"1. ""금융지주회사""라 함은 주식(지분을 포함한다. 이하 같다)의 소유를 통하여 금융업을 영위하는 회사(이하 ""금융기관""이라 한다) 또는 금융업의 영위와 밀접한 관련이 있는 회사를 대통령령이 정하는 기준에 의하여 지배(이하 ""지배""라 한다)하는 것을 주된 사업으로 하는 회사로서 다음 각 목에 모두 해당하는 것을 말한다.
가. 1 이상의 금융기관을 지배할 것
나. 자산총액이 대통령령으로 정하는 기준 이상일 것
다. 제3조에 따라 금융위원회의 인가를 받을 것",,N,,,,인용한 곳: 은행법 시행령 제1조의4 제2항제2호 「같은 법 제2조제1항제1호에 따른 금융기관」,http://www.law.go.kr/DRF/lawService.do?OC=***&target=eflaw&MST=254783&efYd=20230914&type=XML,"금융지주회사법(일련번호 254783, 시행 20230914)",제2조제1항제1호 (법령은 쪽 없음 — 조문 위치),2026-10-02T13:43:18+09:00,10ea3459804e700e94e1479cdcbcb7a6662ce6f31298b30f422c23b9c14d4063
제1조의4 가 인용하는 조문,은행법 시행령,(그 밖의 인용 법률),특수관계인의 범위,문서에 없음,「사회기반시설에 대한 민간투자법」 제8조의2 | 「국가재정법」 제5조 | 「조세특례제한법」 제104조의31제1항 | 「기업구조조정 촉진법」 | 「채무자 회생 및 파산에 관한 법률」 | 「자본시장과 금융투자업에 관한 법률」 | 법 제37조제2항,,,,,제2항(특수관계인에서 제외) 이 인용하는 다른 법률 — 요청 범위(공정거래법 계열회사·기업집단·동일인관련자 등) 밖이라 원문 받지 않음,http://www.law.go.kr/DRF/lawService.do?OC=***&target=eflaw&MST=287003&efYd=20260701&type=XML,"은행법 시행령(일련번호 287003, 시행 20260701)",,2026-10-02T13:43:31+09:00,d44ab474b3ba69ec298423fd1897d3cc5436256c71e831ecc61524b0d8950fe2
금융지주회사법·시행령,금융지주회사법,제2조제1항제7호,정의,"7. ""동일인""이라 함은 본인 및 그와 대통령령이 정하는 특수관계에 있는 자(이하 ""특수관계인""이라 한다)를 말한다.",,N,,,,동일인 = 본인 + 특수관계인(시행령 제3조),http://www.law.go.kr/DRF/lawService.do?OC=***&target=eflaw&MST=254783&efYd=20230914&type=XML,"금융지주회사법(일련번호 254783, 시행 20230914)",제2조제1항제7호 (법령은 쪽 없음 — 조문 위치),2026-10-02T13:43:18+09:00,10ea3459804e700e94e1479cdcbcb7a6662ce6f31298b30f422c23b9c14d4063
금융지주회사법·시행령,금융지주회사법,제2조제1항제9호,정의,"9. ""대주주""란 「금융회사의 지배구조에 관한 법률」 제2조제6호에 따른 주주를 말한다.",「금융회사의 지배구조에 관한 법률」 제2조제6호,N,,,,대주주 = 「금융회사의 지배구조에 관한 법률」 제2조제6호에 따른 주주,http://www.law.go.kr/DRF/lawService.do?OC=***&target=eflaw&MST=254783&efYd=20230914&type=XML,"금융지주회사법(일련번호 254783, 시행 20230914)",제2조제1항제9호 (법령은 쪽 없음 — 조문 위치),2026-10-02T13:43:18+09:00,10ea3459804e700e94e1479cdcbcb7a6662ce6f31298b30f422c23b9c14d4063
금융지주회사법·시행령,금융지주회사법,제34조제1항,대주주와의 거래 등의 제한 등,"① 비은행지주회사 및 그 자회사등(이하 ""비은행지주회사등""이라 한다)은 담보권의 실행 등 권리행사를 위하여 필요한 경우, 그 밖에 비은행지주회사등의 건전성을 해하지 아니하는 범위에서 금융업의 효율적 수행을 위하여 대통령령으로 정하는 경우를 제외하고 직접 또는 간접으로 해당 비은행지주회사의 대주주(그의 특수관계인을 포함한다. 이하 이 조에서 같다)의 다른 회사에 대한 출자를 지원하기 위한 신용공여를 하여서는 아니 된다.",,N,,,,대주주 정의 문구: 「해당 비은행지주회사의 대주주(그의 특수관계인을 포함한다. 이하 이 조에서 같다)」,http://www.law.go.kr/DRF/lawService.do?OC=***&target=eflaw&MST=254783&efYd=20230914&type=XML,"금융지주회사법(일련번호 254783, 시행 20230914)",제34조제1항 (법령은 쪽 없음 — 조문 위치),2026-10-02T13:43:18+09:00,10ea3459804e700e94e1479cdcbcb7a6662ce6f31298b30f422c23b9c14d4063
금융지주회사법·시행령,금융지주회사법 시행령,제3조제1항,특수관계인의 범위,"① 법 제2조제1항제7호에서 ""그와 대통령령이 정하는 특수관계에 있는 자""란 본인과 「은행법 시행령」 제1조의4제1항 각 호의 어느 하나에 해당하는 관계에 있는 자(이하 ""특수관계인""이라 한다)를 말한다.",법 제2조제1항제7호 | 「은행법 시행령」 제1조의4제1항,N,,,,특수관계인 = 본인과 「은행법 시행령」 제1조의4제1항 각 호의 관계에 있는 자,http://www.law.go.kr/DRF/lawService.do?OC=***&target=eflaw&MST=278145&efYd=20251001&type=XML,"금융지주회사법 시행령(일련번호 278145, 시행 20251001)",제3조제1항 (법령은 쪽 없음 — 조문 위치),2026-10-02T13:43:19+09:00,8a82415007ecb572a5bd16255b74151058ea1f4951e465bb8396543a66d7bacf
금융지주회사법·시행령,금융지주회사법 시행령,제3조제2항,특수관계인의 범위,"② 제1항에도 불구하고 다음 각 호의 어느 하나에 해당하는 자는 법 제2조제1항제7호의 동일인의 범위에서 제외한다. <개정 2009.10.9, 2010.11.15, 2010.12.30, 2015.10.23, 2021.2.17, 2021.10.21>
1. 「사회기반시설에 대한 민간투자법」 제8조의2에 따라 주무관청의 지정을 받은 민간투자대상사업을 경영하는 회사. 다만, 「국가재정법」 제5조에 따른 기금 또는 그 기금을 관리ㆍ운용하는 법인(법률에 따라 기금의 관리ㆍ운용을 위탁받은 법인을 포함하며, 이하 ""기금등""이라 한다)이 포함된 동일인이 아닌 경우에는 「조세특례제한법」 제104조의31제1항에 해당하는 회사로 한정한다.
2. 은행(「은행법」에 따른 인가를 받은 은행을 말한다. 이하 같다) 또는 은행지주회사의 자회사등인 금융기관이 「기업구조조정 촉진법」, 「채무자 회생 및 파산에 관한 법률」에 따른 기업구조조정을 위하여 출자전환 등으로 다른 회사의 주식을 취득하는 경우(이에 준하는 경우를 포함한다) 그 다른 회사
3. 다음 각 목의 어느 하나에 해당하는 기관전용 사모집합투자기구가 투자한 기업의 가치를 높여 그 수익을 사원에게 배분하기 위한 목적으로 다른 회사의 주식을 취득한 경우 그 다른 회사
가. 「은행법」 제37조제2항 각 호 외의 부분 단서에 따른 은행의 자회사등인 기관전용 사모집합투자기구
나. 은행지주회사의 자회사등인 기관전용 사모집합투자기구",법 제2조제1항제7호 | 「사회기반시설에 대한 민간투자법」 제8조의2 | 「국가재정법」 제5조 | 「조세특례제한법」 제104조의31제1항 | 「은행법」 | 「기업구조조정 촉진법」 | 「채무자 회생 및 파산에 관한 법률」 | 「은행법」 제37조제2항,N,,,,동일인 범위에서 제외(은행법 시행령 제1조의4제2항과 같은 꼴 — 아래 대조 참고),http://www.law.go.kr/DRF/lawService.do?OC=***&target=eflaw&MST=278145&efYd=20251001&type=XML,"금융지주회사법 시행령(일련번호 278145, 시행 20251001)",제3조제2항 (법령은 쪽 없음 — 조문 위치),2026-10-02T13:43:19+09:00,8a82415007ecb572a5bd16255b74151058ea1f4951e465bb8396543a66d7bacf
지배구조법 연결(10차 수집본),금융회사의 지배구조에 관한 법률,제2조제6호,정의,"6. ""대주주""란 다음 각 목의 어느 하나에 해당하는 주주를 말한다.
가. 금융회사의 의결권 있는 발행주식(출자지분을 포함한다. 이하 같다) 총수를 기준으로 본인 및 그와 대통령령으로 정하는 특수한 관계가 있는 자(이하 ""특수관계인""이라 한다)가 누구의 명의로 하든지 자기의 계산으로 소유하는 주식(그 주식과 관련된 증권예탁증권을 포함한다)을 합하여 그 수가 가장 많은 경우의 그 본인(이하 ""최대주주""라 한다)
나. 다음 각 1) 및 2)의 어느 하나에 해당하는 자(이하 ""주요주주""라 한다)
    1) 누구의 명의로 하든지 자기의 계산으로 금융회사의 의결권 있는 발행주식 총수의 100분의 10 이상의 주식(그 주식과 관련된 증권예탁증권을 포함한다)을 소유한 자
    2) 임원(업무집행책임자는 제외한다)의 임면(任免) 등의 방법으로 금융회사의 중요한 경영사항에 대하여 사실상의 영향력을 행사하는 주주로서 대통령령으로 정하는 자",,N,,,,대주주(최대주주·주요주주) 정의 — 최대주주는 특수관계인 포함,http://www.law.go.kr/DRF/lawService.do?OC=***&target=eflaw&MST=277253&efYd=20260102&type=XML,"금융회사의 지배구조에 관한 법률(일련번호 277253, 시행 20260102, 10차 수집본)",제2조제6호 (법령은 쪽 없음 — 조문 위치),2026-10-01T17:10:05+09:00,9ff3d75bd44e546bdd249300ce887838367a162ee12f34a6f35928d115c9c0b7
지배구조법 연결(10차 수집본),금융회사의 지배구조에 관한 법률 시행령,제3조제2항,특수관계인의 범위,"② 제1항에도 불구하고 해당 금융회사가 「은행법」에 따른 은행(제2조 각 호에 해당하는 자를 포함한다. 이하 ""은행""이라 한다), 「금융지주회사법」에 따른 금융지주회사(이하 ""금융지주회사""라 한다)인 경우에는 다음 각 호의 구분에 따른 자를 특수관계인으로 한다. <개정 2017.10.17>
1. 은행: 「은행법 시행령」 제1조의4에 따른 특수관계인
2. 금융지주회사: 「금융지주회사법 시행령」 제3조제1항에 따른 특수관계인
3. 삭제<2017.10.17>",「은행법」 | 「금융지주회사법」 | 「은행법 시행령」 제1조의4 | 「금융지주회사법 시행령」 제3조제1항,N,,,,은행·금융지주회사는 각각 은행법 시행령 제1조의4·금융지주회사법 시행령 제3조제1항의 특수관계인,http://www.law.go.kr/DRF/lawService.do?OC=***&target=eflaw&MST=290289&efYd=20261001&type=XML,"금융회사의 지배구조에 관한 법률 시행령(일련번호 290289, 시행 20261001, 10차 수집본)",제3조제2항 (법령은 쪽 없음 — 조문 위치),2026-10-01T17:10:11+09:00,d32e8278c0a4c99fc131bdcf11bbdf2dd4bf400999cc6445b7bd40d627afd5ec
대조: 은행법 시행령 §1의4① ↔ 지배구조법 시행령 §3①,은행법 시행령,제1조의4제1항,특수관계인의 범위,"① 법 제2조제1항제8호에서 ""대통령령으로 정하는 특수관계에 있는 자""란 본인과 다음 각 호의 어느 하나에 해당하는 관계에 있는 자(이하 ""특수관계인""이라 한다)를 말한다. <개정 2021.12.28, 2022.12.27>",법 제2조제1항제8호,N,제3조제1항,"① 법 제2조제6호가목에서 ""대통령령으로 정하는 특수한 관계가 있는 자""란 본인과 다음 각 호의 어느 하나에 해당하는 관계가 있는 자(이하 ""특수관계인""이라 한다)를 말한다. <개정 2021.12.28>",다름(부분 대응),항 머리: 둘 다 「본인과 다음 각 호의 … 관계에 있는 자(특수관계인)」. 지배구조법은 본인이 개인(1호)·법인·단체(2호)로 나눠 적고 은행법은 나누지 않음 · 짝짓기는 내용 기준(판단),http://www.law.go.kr/DRF/lawService.do?OC=***&target=eflaw&MST=287003&efYd=20260701&type=XML,"은행법 시행령(일련번호 287003, 시행 20260701)",제1조의4제1항 (법령은 쪽 없음 — 조문 위치),2026-10-02T13:43:31+09:00,d44ab474b3ba69ec298423fd1897d3cc5436256c71e831ecc61524b0d8950fe2
대조: 은행법 시행령 §1의4① ↔ 지배구조법 시행령 §3①,은행법 시행령,제1조의4제1항제1호,특수관계인의 범위,"1. 배우자, 6촌 이내의 혈족 및 4촌 이내의 인척. 다만, 「독점규제 및 공정거래에 관한 법률 시행령」 제5조제1항제2호가목에 따른 독립경영자 및 같은 목에 따라 공정거래위원회가 동일인관련자의 범위로부터 분리를 인정하는 사람은 제외한다.",「독점규제 및 공정거래에 관한 법률 시행령」 제5조제1항제2호가목 | 같은 목,N,제3조제1항제1호 · 제3조제1항제1호가목 · 제3조제1항제1호나목 · 제3조제1항제1호다목,"1. 본인이 개인인 경우: 다음 각 목의 어느 하나에 해당하는 자. 다만, 「독점규제 및 공정거래에 관한 법률 시행령」 제5조제1항제2호가목에 따른 독립경영자 및 같은 목에 따라 공정거래위원회가 동일인관련자의 범위로부터 분리를 인정하는 자는 제외한다.
가. 배우자(사실상의 혼인관계에 있는 사람을 포함한다. 이하 같다)
나. 6촌 이내의 혈족
다. 4촌 이내의 인척",다름(부분 대응),"같은 점: 배우자·6촌 이내 혈족·4촌 이내 인척, 공정거래법 시행령 제5조제1항제2호가목 독립경영자 제외 단서. 다른 점: 지배구조법은 배우자에 사실혼 포함(가목 괄호) · 짝짓기는 내용 기준(판단)",http://www.law.go.kr/DRF/lawService.do?OC=***&target=eflaw&MST=287003&efYd=20260701&type=XML,"은행법 시행령(일련번호 287003, 시행 20260701)",제1조의4제1항제1호 (법령은 쪽 없음 — 조문 위치),2026-10-02T13:43:31+09:00,d44ab474b3ba69ec298423fd1897d3cc5436256c71e831ecc61524b0d8950fe2
대조: 은행법 시행령 §1의4① ↔ 지배구조법 시행령 §3①,금융회사의 지배구조에 관한 법률 시행령,(은행법 대응 없음),특수관계인의 범위,문서에 없음,,N,제3조제1항제1호라목 · 제3조제1항제1호마목 · 제3조제1항제1호바목,"라. 양자의 생가(生家)의 직계존속
마. 양자 및 그 배우자와 양가(養家)의 직계비속
바. 혼인 외의 출생자의 생모",지배구조법에만,"지배구조법에만: 양자의 생가 직계존속, 양자·배우자와 양가 직계비속, 혼인 외 출생자의 생모 — 은행법 제1조의4제1항에는 이 관계가 없음 · 짝짓기는 내용 기준(판단)",http://www.law.go.kr/DRF/lawService.do?OC=***&target=eflaw&MST=290289&efYd=20261001&type=XML,"금융회사의 지배구조에 관한 법률 시행령(일련번호 290289, 시행 20261001, 10차 수집본)",제3조제1항제1호라목 (법령은 쪽 없음 — 조문 위치),2026-10-01T17:10:11+09:00,d32e8278c0a4c99fc131bdcf11bbdf2dd4bf400999cc6445b7bd40d627afd5ec
대조: 은행법 시행령 §1의4① ↔ 지배구조법 시행령 §3①,은행법 시행령,제1조의4제1항제4호,특수관계인의 범위,"4. 본인, 제2호 또는 제3호의 자에게 고용된 사람(사용자가 법인ㆍ조합 또는 단체인 경우에는 임원을 말하고, 개인인 경우에는 상업사용인, 고용계약에 따라 고용된 사람 또는 그 개인의 금전이나 재산으로 생계를 유지하는 사람을 말한다)",,N,제3조제1항제1호사목 · 제3조제1항제2호가목,"사. 본인의 금전이나 그 밖의 재산으로 생계를 유지하는 사람 및 생계를 함께 하는 사람
가. 임원",다름(부분 대응),"부분 대응: 은행법 4호(본인 등에게 고용된 사람·임원, 개인 사용자의 경우 그 재산으로 생계를 유지하는 사람) ↔ 지배구조법 1호 사목(생계 유지·생계를 함께 하는 사람)·2호 가목(임원). 지배구조법에는 「고용된 사람」 일반이 없음 · 짝짓기는 내용 기준(판단)",http://www.law.go.kr/DRF/lawService.do?OC=***&target=eflaw&MST=287003&efYd=20260701&type=XML,"은행법 시행령(일련번호 287003, 시행 20260701)",제1조의4제1항제4호 (법령은 쪽 없음 — 조문 위치),2026-10-02T13:43:31+09:00,d44ab474b3ba69ec298423fd1897d3cc5436256c71e831ecc61524b0d8950fe2
대조: 은행법 시행령 §1의4① ↔ 지배구조법 시행령 §3①,은행법 시행령,제1조의4제1항제2호,특수관계인의 범위,2. 본인 및 제1호 또는 제4호의 사람이 임원의 과반수를 차지하거나 이들이 제3호 또는 제5호의 자와 합하여 100분의 50 이상을 출연하였거나 이들 중의 1명이 설립자로 되어 있는 비영리법인ㆍ조합 또는 단체,,N,제3조제1항제1호아목 · 제3조제1항제1호자목,"아. 본인이 혼자서 또는 그와 가목부터 사목까지의 관계에 있는 자와 합하여 법인이나 단체에 100분의 30 이상을 출자하거나, 그 밖에 임원(업무집행책임자는 제외한다. 이하 이 조에서 같다)의 임면 등 법인이나 단체의 중요한 경영사항에 대하여 사실상의 영향력을 행사하고 있는 경우에는 해당 법인 또는 단체와 그 임원(본인이 혼자서 또는 그와 가목부터 사목까지의 관계에 있는 자와 합하여 임원의 임면 등의 방법으로 그 법인 또는 단체의 중요한 경영사항에 대하여 사실상의 영향력을 행사하고 있지 아니함이 본인의 확인서 등을 통하여 확인되는 경우에 그 임원은 제외한다)
자. 본인이 혼자서 또는 그와 가목부터 아목까지의 관계에 있는 자와 합하여 법인이나 단체에 100분의 30 이상을 출자하거나, 그 밖에 임원의 임면 등 법인이나 단체의 중요한 경영사항에 대하여 사실상의 영향력을 행사하고 있는 경우에는 해당 법인 또는 단체와 그 임원(본인이 혼자서 또는 그와 가목부터 아목까지의 관계에 있는 자와 합하여 임원의 임면 등의 방법으로 그 법인 또는 단체의 중요한 경영사항에 대하여 사실상의 영향력을 행사하고 있지 아니함이 본인의 확인서 등을 통하여 확인되는 경우에 그 임원은 제외한다)",다름(부분 대응),"부분 대응: 은행법 2호는 비영리법인·조합·단체(임원 과반수·50% 이상 출연·설립자), 지배구조법 1호 아·자목은 법인·단체에 30% 이상 출자 또는 사실상 영향력 — 기준(과반수·50% 출연 ↔ 30% 출자·영향력)이 다름 · 짝짓기는 내용 기준(판단)",http://www.law.go.kr/DRF/lawService.do?OC=***&target=eflaw&MST=287003&efYd=20260701&type=XML,"은행법 시행령(일련번호 287003, 시행 20260701)",제1조의4제1항제2호 (법령은 쪽 없음 — 조문 위치),2026-10-02T13:43:31+09:00,d44ab474b3ba69ec298423fd1897d3cc5436256c71e831ecc61524b0d8950fe2
대조: 은행법 시행령 §1의4① ↔ 지배구조법 시행령 §3①,은행법 시행령,제1조의4제1항제3호,특수관계인의 범위,3. 본인 및 제1호ㆍ제2호ㆍ제4호의 자가 의결권 있는 발행주식 총수(지분을 포함한다. 이하 같다)의 100분의 30 이상을 소유하고 있거나 이들이 최다수 주식소유자로서 경영에 참여하고 있는 회사,,N,제3조제1항제1호아목 · 제3조제1항제2호라목,"아. 본인이 혼자서 또는 그와 가목부터 사목까지의 관계에 있는 자와 합하여 법인이나 단체에 100분의 30 이상을 출자하거나, 그 밖에 임원(업무집행책임자는 제외한다. 이하 이 조에서 같다)의 임면 등 법인이나 단체의 중요한 경영사항에 대하여 사실상의 영향력을 행사하고 있는 경우에는 해당 법인 또는 단체와 그 임원(본인이 혼자서 또는 그와 가목부터 사목까지의 관계에 있는 자와 합하여 임원의 임면 등의 방법으로 그 법인 또는 단체의 중요한 경영사항에 대하여 사실상의 영향력을 행사하고 있지 아니함이 본인의 확인서 등을 통하여 확인되는 경우에 그 임원은 제외한다)
라. 본인이 혼자서 또는 본인과 가목부터 다목까지의 관계에 있는 자와 합하여 다른 법인이나 단체에 100분의 30 이상을 출자하거나, 그 밖에 임원의 임면 등 다른 법인이나 단체의 중요한 경영사항에 대하여 사실상의 영향력을 행사하고 있는 경우에는 해당 법인, 단체와 그 임원(본인이 임원의 임면 등의 방법으로 그 법인 또는 단체의 중요한 경영사항에 대하여 사실상의 영향력을 행사하고 있지 아니함이 본인의 확인서 등을 통하여 확인되는 경우에 그 임원은 제외한다)",다름(부분 대응),"부분 대응: 은행법 3호는 의결권 있는 주식 30% 이상 또는 최다수 주식소유자로 경영 참여하는 회사, 지배구조법은 30% 이상 출자 또는 임원 임면 등 사실상 영향력 — 「최다수 주식소유자로 경영 참여」 ↔ 「사실상 영향력」 · 짝짓기는 내용 기준(판단)",http://www.law.go.kr/DRF/lawService.do?OC=***&target=eflaw&MST=287003&efYd=20260701&type=XML,"은행법 시행령(일련번호 287003, 시행 20260701)",제1조의4제1항제3호 (법령은 쪽 없음 — 조문 위치),2026-10-02T13:43:31+09:00,d44ab474b3ba69ec298423fd1897d3cc5436256c71e831ecc61524b0d8950fe2
대조: 은행법 시행령 §1의4① ↔ 지배구조법 시행령 §3①,은행법 시행령,제1조의4제1항제5호,특수관계인의 범위,5. 본인 및 제1호부터 제4호까지의 자가 의결권 있는 발행주식 총수의 100분의 30 이상을 소유하고 있거나 이들이 최다수 주식소유자로서 경영에 참여하고 있는 회사,,N,제3조제1항제1호자목 · 제3조제1항제2호라목,"자. 본인이 혼자서 또는 그와 가목부터 아목까지의 관계에 있는 자와 합하여 법인이나 단체에 100분의 30 이상을 출자하거나, 그 밖에 임원의 임면 등 법인이나 단체의 중요한 경영사항에 대하여 사실상의 영향력을 행사하고 있는 경우에는 해당 법인 또는 단체와 그 임원(본인이 혼자서 또는 그와 가목부터 아목까지의 관계에 있는 자와 합하여 임원의 임면 등의 방법으로 그 법인 또는 단체의 중요한 경영사항에 대하여 사실상의 영향력을 행사하고 있지 아니함이 본인의 확인서 등을 통하여 확인되는 경우에 그 임원은 제외한다)
라. 본인이 혼자서 또는 본인과 가목부터 다목까지의 관계에 있는 자와 합하여 다른 법인이나 단체에 100분의 30 이상을 출자하거나, 그 밖에 임원의 임면 등 다른 법인이나 단체의 중요한 경영사항에 대하여 사실상의 영향력을 행사하고 있는 경우에는 해당 법인, 단체와 그 임원(본인이 임원의 임면 등의 방법으로 그 법인 또는 단체의 중요한 경영사항에 대하여 사실상의 영향력을 행사하고 있지 아니함이 본인의 확인서 등을 통하여 확인되는 경우에 그 임원은 제외한다)",다름(부분 대응),부분 대응: 은행법 5호는 본인 및 1~4호의 자가 30% 이상 소유·최다수 주식소유자로 경영 참여하는 회사(2단계) · 짝짓기는 내용 기준(판단),http://www.law.go.kr/DRF/lawService.do?OC=***&target=eflaw&MST=287003&efYd=20260701&type=XML,"은행법 시행령(일련번호 287003, 시행 20260701)",제1조의4제1항제5호 (법령은 쪽 없음 — 조문 위치),2026-10-02T13:43:31+09:00,d44ab474b3ba69ec298423fd1897d3cc5436256c71e831ecc61524b0d8950fe2
대조: 은행법 시행령 §1의4① ↔ 지배구조법 시행령 §3①,은행법 시행령,제1조의4제1항제6호,특수관계인의 범위,"6. 본인이 「독점규제 및 공정거래에 관한 법률」 제2조제11호에 따른 기업집단(이하 ""기업집단""이라 한다)을 지배하는 자(이하 ""계열주""라 한다)인 경우에 그가 지배하는 기업집단에 속하는 회사(계열주가 단독으로 또는 같은 법 시행령 제4조제1항제1호 각 목의 어느 하나 및 같은 항 제2호 각 목의 어느 하나에 해당하는 관계에 있는 자와 합하여 같은 항 제1호 및 제2호의 요건에 해당하는 외국법인을 포함한다. 이하 이 조에서 같다) 및 그 회사의 임원",「독점규제 및 공정거래에 관한 법률」 제2조제11호 | 같은 법 시행령 제4조제1항제1호 | 같은 항 제2호 각 목 | 같은 항 제1호 및 제2호,Y(외국법인),제3조제1항제2호나목,"나. 「독점규제 및 공정거래에 관한 법률」에 따른 계열회사(이하 ""계열회사""라 한다) 및 그 임원",다름(부분 대응),같은 점: 공정거래법상 기업집단·계열회사로 연결. 다른 점: 은행법 6호는 본인이 계열주(기업집단을 지배하는 자)일 때 그 기업집단 소속 회사와 임원이며 「…요건에 해당하는 외국법인을 포함한다」고 외국법인을 명시. 지배구조법 2호 나목은 본인이 법인일 때 「공정거래법에 따른 계열회사 및 그 임원」으로 외국 법인 언급 없음 · 짝짓기는 내용 기준(판단),http://www.law.go.kr/DRF/lawService.do?OC=***&target=eflaw&MST=287003&efYd=20260701&type=XML,"은행법 시행령(일련번호 287003, 시행 20260701)",제1조의4제1항제6호 (법령은 쪽 없음 — 조문 위치),2026-10-02T13:43:31+09:00,d44ab474b3ba69ec298423fd1897d3cc5436256c71e831ecc61524b0d8950fe2
대조: 은행법 시행령 §1의4① ↔ 지배구조법 시행령 §3①,은행법 시행령,제1조의4제1항제7호,특수관계인의 범위,7. 본인이 계열주와 제1호 또는 제2호에 따른 관계에 있는 자이거나 계열주가 지배하는 기업집단에 속하는 회사의 임원인 경우에 그 계열주가 지배하는 기업집단에 속하는 회사 및 그 회사의 임원,,N,(지배구조법 대응 없음),문서에 없음,은행법에만,은행법에만: 본인이 계열주의 친족(1·2호 관계)이거나 기업집단 소속 회사 임원일 때 그 계열주의 기업집단 소속 회사와 임원 · 짝짓기는 내용 기준(판단),http://www.law.go.kr/DRF/lawService.do?OC=***&target=eflaw&MST=287003&efYd=20260701&type=XML,"은행법 시행령(일련번호 287003, 시행 20260701)",제1조의4제1항제7호 (법령은 쪽 없음 — 조문 위치),2026-10-02T13:43:31+09:00,d44ab474b3ba69ec298423fd1897d3cc5436256c71e831ecc61524b0d8950fe2
대조: 은행법 시행령 §1의4① ↔ 지배구조법 시행령 §3①,은행법 시행령,제1조의4제1항제8호,특수관계인의 범위,8. 본인이 기업집단에 속하는 회사인 경우에 그 회사와 같은 기업집단에 속하는 회사 및 그 회사의 임원,,N,제3조제1항제2호나목,"나. 「독점규제 및 공정거래에 관한 법률」에 따른 계열회사(이하 ""계열회사""라 한다) 및 그 임원",다름(부분 대응),같은 점: 본인이 기업집단 소속 회사면 같은 기업집단 소속 회사·임원 ↔ 계열회사·임원. 은행법 8호에는 외국법인 문구 없음(「이하 이 조에서 같다」로 6호 괄호의 외국법인 포함이 「기업집단에 속하는 회사」에 이어지는지는 판단) · 짝짓기는 내용 기준(판단),http://www.law.go.kr/DRF/lawService.do?OC=***&target=eflaw&MST=287003&efYd=20260701&type=XML,"은행법 시행령(일련번호 287003, 시행 20260701)",제1조의4제1항제8호 (법령은 쪽 없음 — 조문 위치),2026-10-02T13:43:31+09:00,d44ab474b3ba69ec298423fd1897d3cc5436256c71e831ecc61524b0d8950fe2
대조: 은행법 시행령 §1의4① ↔ 지배구조법 시행령 §3①,은행법 시행령,제1조의4제1항제9호,특수관계인의 범위,9. 본인 또는 제1호부터 제8호까지의 자와 합의 또는 계약 등으로 은행의 발행주식에 대한 의결권(의결권의 행사를 지시할 수 있는 권한을 포함한다)을 공동으로 행사하는 자,,N,(지배구조법 대응 없음),문서에 없음,은행법에만,은행법에만: 합의·계약 등으로 은행 발행주식의 의결권을 공동으로 행사하는 자 · 짝짓기는 내용 기준(판단),http://www.law.go.kr/DRF/lawService.do?OC=***&target=eflaw&MST=287003&efYd=20260701&type=XML,"은행법 시행령(일련번호 287003, 시행 20260701)",제1조의4제1항제9호 (법령은 쪽 없음 — 조문 위치),2026-10-02T13:43:31+09:00,d44ab474b3ba69ec298423fd1897d3cc5436256c71e831ecc61524b0d8950fe2
대조: 은행법 시행령 §1의4① ↔ 지배구조법 시행령 §3①,금융회사의 지배구조에 관한 법률 시행령,(은행법 대응 없음),특수관계인의 범위,문서에 없음,,N,제3조제1항제2호다목,"다. 혼자서 또는 제1호 각 목의 관계에 있는 자와 합하여 본인에게 100분의 30 이상을 출자하거나, 그 밖에 임원의 임면 등 본인의 중요한 경영사항에 대하여 사실상의 영향력을 행사하고 있는 개인(그와 제1호 각 목의 관계에 있는 자를 포함한다) 또는 법인(계열회사는 제외한다. 이하 이 호에서 같다), 단체와 그 임원",지배구조법에만,지배구조법에만(직접 대응 없음): 본인(법인)에게 30% 이상 출자하거나 사실상 영향력을 행사하는 개인·법인·단체와 그 임원 — 은행법 제1조의4제1항에는 「본인에게 출자한 자」를 따로 적은 호가 없음(기업집단이면 6~8호) · 짝짓기는 내용 기준(판단),http://www.law.go.kr/DRF/lawService.do?OC=***&target=eflaw&MST=290289&efYd=20261001&type=XML,"금융회사의 지배구조에 관한 법률 시행령(일련번호 290289, 시행 20261001, 10차 수집본)",제3조제1항제2호다목 (법령은 쪽 없음 — 조문 위치),2026-10-01T17:10:11+09:00,d32e8278c0a4c99fc131bdcf11bbdf2dd4bf400999cc6445b7bd40d627afd5ec
