묶음,줄,위치,물음표,글
A 표지,1,,,"[별표 22] <신설 2009.3.19, 개정 2009.12.21, 2010.3.24, 2011.3.22, 2012.9.26, 2013.3.27, 2013.10.30, 2014.1.10, 2014.12.26, 2015.7.8, 2016.4.28, 2016.6.30, 2016.7.29, 2016.12.8, 2016.12.28, 2017.6.1, 2017.9.1, 2017.12.22, 2018.6.27, 2019.12.02, 2020.6.25, 2021.6.4, 2022.6.27, 2022.12.23., 2023.12.21., 2024.7.26., 2024.12.23., 2025.10.28., 2026.06.29.>"
A 표지,5,,,지급여력금액 및 지급여력기준금액 산출기준(제5-7조의3 관련)
B 부,9,Ⅰ.,,Ⅰ. 총  칙
B 부,573,Ⅱ.,,Ⅱ. 자산 및 부채 평가
B 부,3399,Ⅲ.,,Ⅲ. 지급여력금액 산출
B 부,3937,Ⅳ.,,Ⅳ. 지급여력기준금액 산출
B 부,10753,Ⅴ.,,Ⅴ. 문서화 요건
B 부,10989,Ⅵ.,,Ⅵ. 경과조치
C 정의(Ⅰ.2.라.),209,Ⅰ. > 2. > 라.,,"라.""Ⅳ.지급여력기준금액 산출""에서 정한 용어의 정의는 다음과 같다."
C 정의(Ⅰ.2.라.),213,Ⅰ. > 2. > 라. > (1),," (1)‘생명ㆍ장기손해보험리스크’란 생명보험 및 장기손해보험의 여러 리스크 요인에 의해 보험계약에서 발생할 수 있는 잠재적인 경제적 손실위험을 말하며, 사망위험, 장수위험, 장해ㆍ질병위험, 장기재물ㆍ기타위험, 해지위험, 사업비위험, 대재해위험 등 7개의 하위위험으로 구분한다."
C 정의(Ⅰ.2.라.),217,Ⅰ. > 2. > 라. > (1) > ①,,  ①‘사망위험’은 피보험자의 사망률 증가로 잠재적인 경제적 손실이 발생할 위험을 말한다.
C 정의(Ⅰ.2.라.),221,Ⅰ. > 2. > 라. > (1) > ②,,  ②‘장수위험’은 피보험자의 사망률 감소로 잠재적인 경제적 손실이 발생할 위험을 말한다.
C 정의(Ⅰ.2.라.),225,Ⅰ. > 2. > 라. > (1) > ③,,  ③‘장해ㆍ질병위험’은 피보험자의 장해 및 질병 담보의 위험률 증가로 잠재적인 경제적 손실이 발생할 위험을 말한다.
C 정의(Ⅰ.2.라.),229,Ⅰ. > 2. > 라. > (1) > ④,,"  ④‘장기재물ㆍ기타위험’은 장기손해보험 중 재물, 비용, 배상, 기타담보의 위험률 증가로 잠재적인 경제적 손실이 발생할 위험을 말한다."
C 정의(Ⅰ.2.라.),233,Ⅰ. > 2. > 라. > (1) > ⑤,,  ⑤‘해지위험’은 계약상의 옵션행사율 변화 또는 보험계약자의 법적권리 행사로 인해 잠재적인 경제적 손실이 발생할 위험을 말한다.
C 정의(Ⅰ.2.라.),237,Ⅰ. > 2. > 라. > (1) > ⑥,,  ⑥‘사업비위험’은 보험계약 비용과 관련하여 장래 비용의 수준 및 인플레이션으로 인한 지출 변동으로 잠재적인 경제적 손실이 발생할 위험을 말한다.
C 정의(Ⅰ.2.라.),241,Ⅰ. > 2. > 라. > (1) > ⑦,,"  ⑦‘대재해위험’은 사망위험 등에서 고려하지 못한 극단적, 예외적 위험(전염병, 대형사고 등)으로 인해 잠재적인 경제적 손실이 발생할 위험을 말한다."
C 정의(Ⅰ.2.라.),245,Ⅰ. > 2. > 라. > (2),," (2)‘일반손해보험리스크’란 일반손해보험의 보험계약에서 발생할 수 있는 여러 리스크 요인에 따른 잠재적인 경제적 손실위험을 말하며, 보험가격위험, 준비금위험, 대재해위험 등 3개 하위위험으로 구분한다."
C 정의(Ⅰ.2.라.),249,Ⅰ. > 2. > 라. > (2) > ①,,"  ①‘보험가격위험’은 미래 보험사고 발생의 시기, 빈도, 심도와 관련한 불확실성으로 인해 잠재적인 경제적 손실이 발생할 위험을 말한다."
C 정의(Ⅰ.2.라.),253,Ⅰ. > 2. > 라. > (2) > ②,,  ②‘준비금위험’은 기발생 보험사고에 대하여 보험금 지급을 위해 적립한 지급준비금이 장래 지급될 보험금을 충당하지 못하여 잠재적인 경제적 손실이 발생할 위험을 말한다.
C 정의(Ⅰ.2.라.),257,Ⅰ. > 2. > 라. > (2) > ③,,"  ③‘대재해위험’은 보험가격위험 및 준비금위험에서 고려하지 못한 극단적, 예외적 위험으로 인해 잠재적인 경제적 손실이 발생할 위험을 말한다."
C 정의(Ⅰ.2.라.),261,Ⅰ. > 2. > 라. > (3),," (3)‘시장리스크’란 시장변수(금리, 주가, 부동산가격, 환율)의 변동 또는 자산포트폴리오의 분산도 부족으로 인해 자산 및 부채에서 잠재적인 경제적 손실이 발생할 위험을 말하며, 금리위험, 주식위험, 부동산위험, 외환위험, 자산집중위험 등 5개 하위위험으로 구분한다."
C 정의(Ⅰ.2.라.),265,Ⅰ. > 2. > 라. > (3) > ①,,  ①‘금리위험’은 금리기간구조의 변화로 인해 잠재적인 경제적 손실이 발생할 위험을 말한다.
C 정의(Ⅰ.2.라.),269,Ⅰ. > 2. > 라. > (3) > ②,,  ②‘주식위험’은 주가 및 주가의 변동성 변화로 인해 잠재적인 경제적 손실이 발생할 위험을 말한다.
C 정의(Ⅰ.2.라.),273,Ⅰ. > 2. > 라. > (3) > ③,,  ③‘부동산위험’은 부동산가격의 수준 변화 등으로 인해 잠재적인 경제적 손실이 발생할 위험을 말한다.
C 정의(Ⅰ.2.라.),277,Ⅰ. > 2. > 라. > (3) > ④,,  ④‘외환위험’은 환율변화로 인해 잠재적인 경제적 손실이 발생할 위험을 말한다.
C 정의(Ⅰ.2.라.),281,Ⅰ. > 2. > 라. > (3) > ⑤,,  ⑤‘자산집중위험’은 자산포트폴리오의 분산도 부족으로 인해 잠재적인 경제적 손실이 발생할 위험을 말한다.
C 정의(Ⅰ.2.라.),285,Ⅰ. > 2. > 라. > (4),, (4)‘신용리스크’란 거래상대방의 채무 불이행 또는 신용등급 악화로 인해 잠재적인 경제적 손실이 발생할 위험을 말한다.
C 정의(Ⅰ.2.라.),289,Ⅰ. > 2. > 라. > (5),," (5)‘운영리스크’란 부적절한 내부절차, 인력 및 시스템 또는 외부사건으로 인해 잠재적인 경제적 손실이 발생할 위험을 말한다."
D Ⅳ 장·항 제목,3941,Ⅳ. > 제1장,,제1장 총  칙
D Ⅳ 장·항 제목,3945,Ⅳ. > 제1장 > 1-1.,,1-1. (측정기준) 지급여력기준금액(이하 ‘총요구자본’)은 향후 1년간 99.5% 신뢰수준 내에서 발생 가능한 요구자본으로 측정한다.
D Ⅳ 장·항 제목,3949,Ⅳ. > 제1장 > 1-2.,,1-2. 산출구조
D Ⅳ 장·항 제목,4009,Ⅳ. > 제1장 > 1-3.,,1-3. (측정방식) 기본요구자본은 하위 위험별로 충격시나리오 방식 또는 위험계수 방식을 적용하여 측정한다.
D Ⅳ 장·항 제목,4021,Ⅳ. > 제1장 > 1-4.,,1-4. 편입자산분해
D Ⅳ 장·항 제목,4225,Ⅳ. > 제1장 > 1-5.,,1-5. 위험경감기법
D Ⅳ 장·항 제목,4455,Ⅳ. > 제1장 > 1-6.,,1-6. 비례성원칙(Principle of Proportionality)
D Ⅳ 장·항 제목,4811,Ⅳ. > 제1장 > 1-7.,,1-7. 적격 인프라투자 조건
D Ⅳ 장·항 제목,4959,Ⅳ. > 제1장 > 1-8.,,1-8. 종속회사 및 관계회사의 요구자본 산출
D Ⅳ 장·항 제목,5131,Ⅳ. > 제2장,,제2장 생명·장기손해보험위험액
D Ⅳ 장·항 제목,5135,Ⅳ. > 제2장 > 2-1.,,2-1. 일반원칙
D Ⅳ 장·항 제목,5411,Ⅳ. > 제2장 > 2-2.,,2-2. 사망위험액
D Ⅳ 장·항 제목,5435,Ⅳ. > 제2장 > 2-3.,,2-3. 장수위험액
D Ⅳ 장·항 제목,5455,Ⅳ. > 제2장 > 2-4.,,2-4. 장해·질병위험액
D Ⅳ 장·항 제목,5499,Ⅳ. > 제2장 > 2-5.,,2-5. 장기재물·기타위험액
D Ⅳ 장·항 제목,5521,Ⅳ. > 제2장 > 2-6.,,2-6. 해지위험액
D Ⅳ 장·항 제목,5699,Ⅳ. > 제2장 > 2-7.,,2-7. 사업비위험액
D Ⅳ 장·항 제목,5737,Ⅳ. > 제2장 > 2-8.,,2-8. 대재해위험액
D Ⅳ 장·항 제목,5895,Ⅳ. > 제3장,,제3장 일반손해보험위험액
D Ⅳ 장·항 제목,5899,Ⅳ. > 제3장 > 3-1.,,3-1. 일반원칙
D Ⅳ 장·항 제목,5929,Ⅳ. > 제3장 > 3-2.,,3-2. 보험가격·준비금위험액
D Ⅳ 장·항 제목,6297,Ⅳ. > 제3장 > 3-2. > 마.,,마.보험가격위험액
D Ⅳ 장·항 제목,6653,Ⅳ. > 제3장 > 3-2. > 바.,,바.준비금위험액
D Ⅳ 장·항 제목,7149,Ⅳ. > 제3장 > 3-3.,,3-3. 대재해위험액
D Ⅳ 장·항 제목,7215,Ⅳ. > 제3장 > 3-3. > 다.,,다.자연재해위험액
D Ⅳ 장·항 제목,7335,Ⅳ. > 제3장 > 3-3. > 라.,,라.대형사고위험액
D Ⅳ 장·항 제목,7437,Ⅳ. > 제3장 > 3-3. > 마.,,마.대형보증위험액
D Ⅳ 장·항 제목,7561,Ⅳ. > 제4장,,제4장 시장위험액
D Ⅳ 장·항 제목,7565,Ⅳ. > 제4장 > 4-1.,,4-1. 일반원칙
D Ⅳ 장·항 제목,7627,Ⅳ. > 제4장 > 4-2.,,4-2. 금리위험액
D Ⅳ 장·항 제목,7799,Ⅳ. > 제4장 > 4-3.,,4-3. 주식위험액
D Ⅳ 장·항 제목,8277,Ⅳ. > 제4장 > 4-4.,,4-4. 부동산위험액
D Ⅳ 장·항 제목,8317,Ⅳ. > 제4장 > 4-5.,,4-5. 외환위험액
D Ⅳ 장·항 제목,8713,Ⅳ. > 제4장 > 4-6.,,4-6. 자산집중위험액
D Ⅳ 장·항 제목,8997,Ⅳ. > 제5장,,제5장 신용위험액
D Ⅳ 장·항 제목,9001,Ⅳ. > 제5장 > 5-1.,,5-1. 익스포져 산출기준
D Ⅳ 장·항 제목,9349,Ⅳ. > 제5장 > 5-2.,,5-2. 신용위험액 산출기준
D Ⅳ 장·항 제목,10221,Ⅳ. > 제5장 > 5-3.,,5-3. 신용위험액 위험경감기법
D Ⅳ 장·항 제목,10487,Ⅳ. > 제6장,,제6장 운영위험액
D Ⅳ 장·항 제목,10491,Ⅳ. > 제6장 > 6-1.,,6-1. 익스포져 산출기준
D Ⅳ 장·항 제목,10573,Ⅳ. > 제6장 > 6-2.,,6-2. 운영위험액 산출기준
D Ⅳ 장·항 제목,10661,Ⅳ. > 제7장,,제7장 요구자본에 대한 법인세효과
E 하위 위험 구분 줄,3957,Ⅳ. > 제1장 > 1-2. > 나.,,"나.(기본요구자본) 기본요구자본은 생명·장기손해보험리스크에 대한 요구자본(이하 ‘생명·장기손해보험위험액’), 일반손해보험리스크에 대한 요구자본(이하 ‘일반손해보험위험액’), 시장리스크에 대한 요구자본(이하 ‘시장위험액’), 신용리스크에 대한 요구자본(이하 ‘신용위험액’) 및 운영리스크에 대한 요구자본(이하 ‘운영위험액’)을 각각 구한 후 다음 계산식에 따라 <표3>의 상관계수를 적용하여 산출한다."
E 하위 위험 구분 줄,5155,Ⅳ. > 제2장 > 2-1. > 나.,,"나.(산출방법) 생명·장기손해보험위험액은 사망위험에 대한 요구자본(이하 ‘사망위험액’), 장수위험에 대한 요구자본(이하 ‘장수위험액’), 장해·질병위험에 대한 요구자본(이하 ‘장해·질병위험액’), 장기재물·기타위험에 대한 요구자본(이하 ‘장기재물·기타위험액’), 해지위험에 대한 요구자본(이하 ‘해지위험액’), 사업비위험에 대한 요구자본(이하 ‘사업비위험액’), 대재해위험에 대한 요구자본(이하 ‘대재해위험액’)의 하위위험으로 구분하여 측정하고, <표6>에 따라 하위위험 간 상관계수를 반영하여 합산한다."
E 하위 위험 구분 줄,5463,Ⅳ. > 제2장 > 2-4. > 나.,,나.(충격수준) 장해·질병위험액은 정액보상 위험에 대한 요구자본(이하 ‘정액보상위험액’)과 실손보상 위험에 대한 요구자본(이하 ‘실손보상위험액’)으로 구분하여 산출한 후 합산한다.
E 하위 위험 구분 줄,5529,Ⅳ. > 제2장 > 2-6. > 나.,,"나.(충격수준) 해지위험액은 非저해지환급형 상품(이하 ‘표준형 상품’)과 저해지환급형 상품을 분리하여 옵션행사율 변화로 인한 요구자본(이하 ‘옵션행사위험액’)과 대량해지로 인한 요구자본(이하 ‘대량해지위험액’) 중 큰 금액을 각각 산출한 후 합산한다. 이 경우, ‘저해지환급형 상품’의 정의는 ""2-1.마.(2)""에서 정한 바에 따른다."
E 하위 위험 구분 줄,5745,Ⅳ. > 제2장 > 2-8. > 나.,,나.(측정방법) 대재해위험액은 전염병 위험에 대한 요구자본(이하 ‘전염병위험액’)과 대형사고 위험에 대한 요구자본(이하 ‘대형사고위험액’)에 대해 상관계수 0을 적용하여 합산한다.
E 하위 위험 구분 줄,5911,Ⅳ. > 제3장 > 3-1. > 나.,,"나.(산출방법) 일반손해보험위험액은 보험가격위험 및 준비금위험에 대한 요구자본(이하 ‘보험가격·준비금위험액’)과 대재해위험에 대한 요구자본(이하 ‘대재해위험액’)으로 구분하여 측정하고, 다음과 같이 상관계수 0.25를 적용하여 합산한다."
E 하위 위험 구분 줄,5987,Ⅳ. > 제3장 > 3-2. > 나.,,나.(하위위험) 보험가격·준비금위험액은 보험가격위험에 대한 요구자본(이하 ‘보험가격위험액’)과 준비금위험에 대한 요구자본(이하 ‘준비금위험액’)으로 구분하여 보장단위별로 측정한다.
E 하위 위험 구분 줄,7153,Ⅳ. > 제3장 > 3-3. > 가.,,"가.(측정방법) 대재해위험액은 자연재해위험에 대한 요구자본(이하 ‘자연재해위험액’), 대형사고위험에 대한 요구자본(이하 ‘대형사고위험액’) 및 대형보증위험에 대한 요구자본(이하 ‘대형보증위험액’)으로 구분하여 산출하고, 상관계수 0을 적용하여 합산한다."
E 하위 위험 구분 줄,7573,Ⅳ. > 제4장 > 4-1. > 나.,,"나.(산출방법) 시장위험액은 금리위험에 대한 요구자본(이하 ‘금리위험액’), 주식위험에 대한 요구자본(이하 ‘주식위험액’), 부동산위험에 대한 요구자본(이하 ‘부동산위험액’), 외환위험에 대한 요구자본(이하 ‘외환위험액’), 자산집중위험에 대한 요구자본(이하 ‘자산집중위험액’)의 하위위험으로 구분하여 측정하고, <표19>에 따라 하위위험 간 상관계수를 적용하여 합산한다."
E 하위 위험 구분 줄,7663,Ⅳ. > 제4장 > 4-2. > 나. > (1) > ①,,  ①금리상승시나리오는 금리기간구조가 전반적으로 상승하는 위험에 대한 요구자본(이하 ‘금리상승위험액’)을 측정하기 위해 적용한다.
E 하위 위험 구분 줄,7667,Ⅳ. > 제4장 > 4-2. > 나. > (1) > ②,,  ②금리하락시나리오는 금리기간구조가 전반적으로 하락하는 위험에 대한 요구자본(이하 ‘금리하락위험액’)을 측정하기 위해 적용한다.
E 하위 위험 구분 줄,7671,Ⅳ. > 제4장 > 4-2. > 나. > (1) > ③,,  ③금리평탄시나리오는 금리기간구조가 단기금리는 상승하고 장기금리는 하락하는 위험에 대한 요구자본(이하 ‘금리평탄위험액’)을 측정하기 위해 적용한다.
E 하위 위험 구분 줄,7675,Ⅳ. > 제4장 > 4-2. > 나. > (1) > ④,,  ④금리경사시나리오는 금리기간구조가 단기금리는 하락하고 장기금리는 상승하는 위험에 대한 요구자본(이하 ‘금리경사위험액’)을 측정하기 위해 적용한다.
E 하위 위험 구분 줄,7839,Ⅳ. > 제4장 > 4-3. > 나.,,"나.(주식유형) 주식위험액은 선진시장상장주식, 신흥시장상장주식, 우선주, 인프라주식, 장기보유주식, 기타주식으로 구분하여 측정한다."
E 하위 위험 구분 줄,8345,Ⅳ. > 제4장 > 4-5. > 나.,,나.(산출방법) 외환위험액은 환율하락으로 인한 요구자본(이하 ‘환율하락위험액’)과 환율상승으로 인한 요구자본(이하 ‘환율상승위험액’) 중 큰 금액과 가격변동위험액을 합산한다
E 하위 위험 구분 줄,8745,Ⅳ. > 제4장 > 4-6. > 나.,,나.(하위위험) 자산집중위험액은 거래상대방에 대한 자산집중으로 인한 요구자본(이하 ‘거래상대방집중위험액’)과 부동산에 대한 자산집중으로 인한 요구자본(이하 ‘부동산집중위험액’)으로 구분하여 산출한다.
E 하위 위험 구분 줄,9025,Ⅳ. > 제5장 > 5-1. > 나.,,나.(B/S(난내)자산 분류) B/S(난내)자산은 신용자산과 담보부자산으로 구분하여 측정한다.
E 하위 위험 구분 줄,9217,Ⅳ. > 제5장 > 5-1. > 다.,,"다.(난외자산 분류) 난외자산은 장외파생상품(신용파생상품 제외), 신용파생상품, 난외 신용공여 및 재보험계약을 인수한 경우 재보험계약을 인수한 보험회사가 재보험계약에 따라 자산운용손익 전체를 인식하는 자산으로 구분하여 측정한다."
E 하위 위험 구분 줄,10503,Ⅳ. > 제6장 > 6-1. > 나.,,나.익스포져는 일반운영위험 익스포져와 기초가정위험 익스포져로 구분한다.
E 하위 위험 구분 줄,10581,Ⅳ. > 제6장 > 6-2. > 나.,,"나.일반운영위험액은 생명·장기손해보험의 변액보험, 퇴직보험 및 퇴직연금, 이외 생명·장기손해보험, 일반손해보험으로 상품군을 구분하여 일반운영위험액을 각각 계산한 후 이를 합산하여 보험회사의 전체 일반운영위험액을 산출한다. "
E 하위 위험 구분 줄,10629,Ⅳ. > 제6장 > 6-2. > 다.,,다.기초가정위험액은 지급금예실차위험액과 사업비예실차위험액을 합산하여 산출한다.
