번호,걸린낱말,위치,목차쪽,전체md줄,9차파일줄,문장,모범규준_조(판단·2016.8.1판제목)
3-01,대주주,Ⅱ. 보험회사 위험기준 경영실태평가(RAAS) 제도 주요 내용 > <붙임2> 평가부문별 평가항목 > ▣ 생보사 > 「󰊴 투자<br>리스크」 행 · 비계량 평가항목 칸,목차상 24쪽~(이 절의 시작 쪽),501,26,▪대주주와의 거래 적정성,33조(그룹내 위험 전이 방지) ①1호(판단 — 대주주와의 거래)
3-02,대주주,Ⅱ. 보험회사 위험기준 경영실태평가(RAAS) 제도 주요 내용 > <붙임2> 평가부문별 평가항목 > ▣ 손보사 > 「󰊴 투자<br>리스크」 행 · 비계량 평가항목 칸,목차상 24쪽~(이 절의 시작 쪽),514,39,▪대주주와의 거래 적정성,33조(그룹내 위험 전이 방지) ①1호(판단 — 대주주와의 거래)
3-03,대주주,Ⅱ. 보험회사 위험기준 경영실태평가(RAAS) 제도 주요 내용 > <붙임5> 비계량평가 항목별 가중치 > 「󰊴 투자리스크」 행 · 비계량 평가항목 칸,목차상 28쪽~(이 절의 시작 쪽),562,,④ 대주주와의 거래 적정성,33조(그룹내 위험 전이 방지) ①1호(판단 — 대주주와의 거래)
3-04,대주주,Ⅳ. 비계량평가항목 세부 평가기준 > Ⅳ.1 경영관리리스크 > 평가항목·세부 점검사항 표 > 「󰊱-가. 이사회와 경영진의 적정성」 행 · 세부 점검사항 칸,목차상 53쪽~(이 절의 시작 쪽),1015,56,󰊱-가-1. 대주주의 적정성,조 번호 해당 없음(판단: 󰊱-가-1 대주주의 적정성 — 대주주 지원 가능성·비전은 모범규준 조 주제와 겹치지 않음)
3-05,대주주,Ⅳ. 비계량평가항목 세부 평가기준 > Ⅳ.1 경영관리리스크 > 󰊱-가. 이사회와 경영진의 적정성 > <<세부 점검사항>> 목록,목차상 53쪽~(이 절의 시작 쪽),1023,64, 󰊱-가-1. 대주주의 적정성,조 번호 해당 없음(판단: 󰊱-가-1 대주주의 적정성 — 대주주 지원 가능성·비전은 모범규준 조 주제와 겹치지 않음)
3-06,대주주,Ⅳ. 비계량평가항목 세부 평가기준 > Ⅳ.1 경영관리리스크 > 󰊱-가. 이사회와 경영진의 적정성 > 점검 체크리스트 표 > 「󰊱-가-1.<br>대주주의 적정성」 행 · 세부 점검사항 칸,목차상 53쪽~(이 절의 시작 쪽),1033,74,󰊱-가-1.<br>대주주의 적정성,조 번호 해당 없음(판단: 󰊱-가-1 대주주의 적정성 — 대주주 지원 가능성·비전은 모범규준 조 주제와 겹치지 않음)
3-07,대주주(「최대주주」 안),Ⅳ. 비계량평가항목 세부 평가기준 > Ⅳ.1 경영관리리스크 > 󰊱-가. 이사회와 경영진의 적정성 > 점검 체크리스트 표 > 「󰊱-가-1.<br>대주주의 적정성」 행 · 점검 체크리스트 칸 · 질문 ① 아래,목차상 53쪽~(이 절의 시작 쪽),1033,74,▫ 최대주주(특수관계인 포함)가 보유하고 있는 보험회사 지분이 보험회사 경영권 확보를 위해 충분한 수준(예) 50% 이상)인지 여부,조 번호 해당 없음(판단: 󰊱-가-1 대주주의 적정성 — 대주주 지원 가능성·비전은 모범규준 조 주제와 겹치지 않음)
3-08,대주주,Ⅳ. 비계량평가항목 세부 평가기준 > Ⅳ.1 경영관리리스크 > 󰊱-가. 이사회와 경영진의 적정성 > 점검 체크리스트 표 > 「󰊱-가-1.<br>대주주의 적정성」 행 · 점검 체크리스트 칸 · 질문 ① 아래,목차상 53쪽~(이 절의 시작 쪽),1033,74,▫ 대주주의 보험회사 지분 매각 이슈 및 향후 대주주 변경 가능성,조 번호 해당 없음(판단: 󰊱-가-1 대주주의 적정성 — 대주주 지원 가능성·비전은 모범규준 조 주제와 겹치지 않음)
3-09,대주주,Ⅳ. 비계량평가항목 세부 평가기준 > Ⅳ.1 경영관리리스크 > 󰊱-가. 이사회와 경영진의 적정성 > 점검 체크리스트 표 > 「󰊱-가-1.<br>대주주의 적정성」 행 · 점검 체크리스트 칸,목차상 53쪽~(이 절의 시작 쪽),1033,74,② 대주주로부터의 지원 가능성이 높은가?,조 번호 해당 없음(판단: 󰊱-가-1 대주주의 적정성 — 대주주 지원 가능성·비전은 모범규준 조 주제와 겹치지 않음)
3-10,대주주(「최대주주」 안) · 계열사,Ⅳ. 비계량평가항목 세부 평가기준 > Ⅳ.1 경영관리리스크 > 󰊱-가. 이사회와 경영진의 적정성 > 점검 체크리스트 표 > 「󰊱-가-1.<br>대주주의 적정성」 행 · 점검 체크리스트 칸 · 질문 ② 아래,목차상 53쪽~(이 절의 시작 쪽),1033,74,▫ 최대주주 및 핵심·주력 계열사의 신용도 및 자금력 등이 충분하여 위기상황 발생시 자금지원이 가능한지 여부,조 번호 해당 없음(판단: 󰊱-가-1 대주주의 적정성 — 대주주 지원 가능성·비전은 모범규준 조 주제와 겹치지 않음)
3-11,대주주,Ⅳ. 비계량평가항목 세부 평가기준 > Ⅳ.1 경영관리리스크 > 󰊱-가. 이사회와 경영진의 적정성 > 점검 체크리스트 표 > 「󰊱-가-1.<br>대주주의 적정성」 행 · 점검 체크리스트 칸,목차상 53쪽~(이 절의 시작 쪽),1033,74,③ 보험회사에 대한 대주주의 비전과 전략이 적정한가?,조 번호 해당 없음(판단: 󰊱-가-1 대주주의 적정성 — 대주주 지원 가능성·비전은 모범규준 조 주제와 겹치지 않음)
3-12,대주주,Ⅳ. 비계량평가항목 세부 평가기준 > Ⅳ.1 경영관리리스크 > 󰊱-가. 이사회와 경영진의 적정성 > 점검 체크리스트 표 > 「󰊱-가-1.<br>대주주의 적정성」 행 · 점검 체크리스트 칸 · 질문 ③ 아래,목차상 53쪽~(이 절의 시작 쪽),1033,74,"▫ 대주주가 보험산업을 충분히 이해하고, 보험회사가 안정적으로 성장할 수 있도록 보험회사에 대한 지원 계획 등 장기적인 전략을 가지고 있는지 여부",조 번호 해당 없음(판단: 󰊱-가-1 대주주의 적정성 — 대주주 지원 가능성·비전은 모범규준 조 주제와 겹치지 않음)
3-13,대주주 · 계열회사,Ⅳ. 비계량평가항목 세부 평가기준 > Ⅳ.1 경영관리리스크 > 󰊱-다. 내부통제의 적정성 > 점검 체크리스트 표 > 「󰊱-다-5. 일반관리 및 금융사고 예방」 행 · 점검 체크리스트 칸 · 질문 ① 아래,목차상 53쪽~(이 절의 시작 쪽),1073,114,▫ 대주주 및 계열회사와의 구매(또는 용역) 계약을 적절히 관리하고 있는지 여부,33조(그룹내 위험 전이 방지) ①1호(판단 — 대주주·계열회사와의 구매·용역 계약)
3-14,계열회사,Ⅳ. 비계량평가항목 세부 평가기준 > Ⅳ.2 보험리스크 > <<세부 점검사항(재보험사)>> > 점검 체크리스트 표 > 「󰊲-나-2. 출재보험 관련 분석·관리」 행 · 점검 체크리스트 칸 · 질문 ② 아래,목차상 79쪽~(이 절의 시작 쪽),1180,,▫ 재보험계약(계열회사간 재보험거래 포함)이 적정한지 여부,33조(그룹내 위험 전이 방지) ①1호(판단 — 계열회사간 재보험거래)
3-15,대주주,Ⅳ. 비계량평가항목 세부 평가기준 > Ⅳ.4 투자리스크 > 평가항목·세부 점검사항 표 > 「󰊴-라. 대주주와의 거래 적정성」 행 · 평가항목 칸,목차상 95쪽~(이 절의 시작 쪽),1236,,󰊴-라. 대주주와의 거래 적정성,33조(그룹내 위험 전이 방지) ①1호(판단 — 대주주와의 거래)
3-16,대주주,Ⅳ. 비계량평가항목 세부 평가기준 > Ⅳ.4 투자리스크 > 평가항목·세부 점검사항 표 > 「󰊴-라. 대주주와의 거래 적정성」 행 · 세부 점검사항 칸,목차상 95쪽~(이 절의 시작 쪽),1236,,󰊴-라-1. 대주주에 대한 거래한도 및 공시의무 준수,33조(그룹내 위험 전이 방지) ①1호(판단 — 대주주와의 거래)
3-17,대주주,Ⅳ. 비계량평가항목 세부 평가기준 > Ⅳ.4 투자리스크 > 평가항목·세부 점검사항 표 > 「󰊴-라. 대주주와의 거래 적정성」 행 · 세부 점검사항 칸,목차상 95쪽~(이 절의 시작 쪽),1236,,󰊴-라-2. 대주주에 대한 거래의 공정성,33조(그룹내 위험 전이 방지) ①1호(판단 — 대주주와의 거래)
3-18,대주주,Ⅳ. 비계량평가항목 세부 평가기준 > Ⅳ.4 투자리스크 > 󰊴-라. 대주주와의 거래 적정성,목차상 95쪽~(이 절의 시작 쪽),1280,,󰊴-라. 대주주와의 거래 적정성,33조(그룹내 위험 전이 방지) ①1호(판단 — 대주주와의 거래)
3-19,대주주,Ⅳ. 비계량평가항목 세부 평가기준 > Ⅳ.4 투자리스크 > 󰊴-라. 대주주와의 거래 적정성 > <<세부 점검사항>> 목록,목차상 95쪽~(이 절의 시작 쪽),1282,, 󰊴-라-1. 대주주에 대한 거래한도 및 공시의무 준수,33조(그룹내 위험 전이 방지) ①1호(판단 — 대주주와의 거래)
3-20,대주주,Ⅳ. 비계량평가항목 세부 평가기준 > Ⅳ.4 투자리스크 > 󰊴-라. 대주주와의 거래 적정성 > <<세부 점검사항>> 목록,목차상 95쪽~(이 절의 시작 쪽),1283,, 󰊴-라-2. 대주주에 대한 거래의 공정성,33조(그룹내 위험 전이 방지) ①1호(판단 — 대주주와의 거래)
3-21,대주주,Ⅳ. 비계량평가항목 세부 평가기준 > Ⅳ.4 투자리스크 > 󰊴-라. 대주주와의 거래 적정성 > 점검 체크리스트 표 > 「󰊴-라-1.   대주주에 대한 거래한도 및 공시의무 준수」 행 · 세부 점검사항 칸,목차상 95쪽~(이 절의 시작 쪽),1289,,󰊴-라-1.   대주주에 대한 거래한도 및 공시의무 준수,33조(그룹내 위험 전이 방지) ①1호(판단 — 대주주와의 거래)
3-22,대주주,Ⅳ. 비계량평가항목 세부 평가기준 > Ⅳ.4 투자리스크 > 󰊴-라. 대주주와의 거래 적정성 > 점검 체크리스트 표 > 「󰊴-라-1.   대주주에 대한 거래한도 및 공시의무 준수」 행 · 점검 체크리스트 칸,목차상 95쪽~(이 절의 시작 쪽),1289,,"① 대주주 및 관계사에 대한 신용공여한도 및 유가증권(주식, 채권 등) 소유한도 비율을 준수하는가?",33조(그룹내 위험 전이 방지) ①1호(판단 — 대주주와의 거래)
3-23,대주주,Ⅳ. 비계량평가항목 세부 평가기준 > Ⅳ.4 투자리스크 > 󰊴-라. 대주주와의 거래 적정성 > 점검 체크리스트 표 > 「󰊴-라-1.   대주주에 대한 거래한도 및 공시의무 준수」 행 · 점검 체크리스트 칸 · 질문 ① 아래,목차상 95쪽~(이 절의 시작 쪽),1289,,"▫ 보험업법 제106조 및 제107에 의한 대주주와 관련된 자산운용 비율, 투자절차를 준수하고 있는지 여부",33조(그룹내 위험 전이 방지) ①1호(판단 — 대주주와의 거래)
3-24,대주주,Ⅳ. 비계량평가항목 세부 평가기준 > Ⅳ.4 투자리스크 > 󰊴-라. 대주주와의 거래 적정성 > 점검 체크리스트 표 > 「󰊴-라-1.   대주주에 대한 거래한도 및 공시의무 준수」 행 · 점검 체크리스트 칸 · 질문 ① 아래,목차상 95쪽~(이 절의 시작 쪽),1289,,▫ 보험업법시행령 제57조에서 정하는 금액 이상의 대주주 신용공여 및 대주주 발행 유가증권 취득시 사전에 이사회 의결(전원 찬성)하는지 여부,33조(그룹내 위험 전이 방지) ①1호(판단 — 대주주와의 거래)
3-25,대주주,Ⅳ. 비계량평가항목 세부 평가기준 > Ⅳ.4 투자리스크 > 󰊴-라. 대주주와의 거래 적정성 > 점검 체크리스트 표 > 「󰊴-라-1.   대주주에 대한 거래한도 및 공시의무 준수」 행 · 점검 체크리스트 칸,목차상 95쪽~(이 절의 시작 쪽),1289,,"② 대주주에 대한 신용공여, 대주주 발행 채권 및 주식 취득시 감독당국에 보고하고 홈페이지에 공시하였는가?",33조(그룹내 위험 전이 방지) ①1호(판단 — 대주주와의 거래)
3-26,대주주,Ⅳ. 비계량평가항목 세부 평가기준 > Ⅳ.4 투자리스크 > 󰊴-라. 대주주와의 거래 적정성 > 점검 체크리스트 표 > 「󰊴-라-1.   대주주에 대한 거래한도 및 공시의무 준수」 행 · 점검 체크리스트 칸 · 질문 ② 아래,목차상 95쪽~(이 절의 시작 쪽),1289,,"▫ 대주주에 대한 신용공여, 대주주가 발행한 채권(주식)의 취득, 대주주가 발행한 주식에 대한 의결권 행사 등이 발생한 경우 보험업법 제111조 제3항에 따라 7일 이내에 감독당국 보고 및 홈페이지에 공시하고 있는지 여부",33조(그룹내 위험 전이 방지) ①1호(판단 — 대주주와의 거래)
3-27,대주주,Ⅳ. 비계량평가항목 세부 평가기준 > Ⅳ.4 투자리스크 > 󰊴-라. 대주주와의 거래 적정성 > 점검 체크리스트 표 > 「󰊴-라-2.<br>대주주에<br>대한 거래의 공정성」 행 · 세부 점검사항 칸,목차상 95쪽~(이 절의 시작 쪽),1290,,󰊴-라-2.<br>대주주에<br>대한 거래의 공정성,33조(그룹내 위험 전이 방지) ①1호(판단 — 대주주와의 거래)
3-28,대주주,Ⅳ. 비계량평가항목 세부 평가기준 > Ⅳ.4 투자리스크 > 󰊴-라. 대주주와의 거래 적정성 > 점검 체크리스트 표 > 「󰊴-라-2.<br>대주주에<br>대한 거래의 공정성」 행 · 점검 체크리스트 칸,목차상 95쪽~(이 절의 시작 쪽),1290,,① 대주주의 다른 회사에 대한 출자를 지원하기 위한 신용공여 또는 투자를 했는가?,33조(그룹내 위험 전이 방지) ①1호(판단 — 대주주와의 거래)
3-29,대주주,Ⅳ. 비계량평가항목 세부 평가기준 > Ⅳ.4 투자리스크 > 󰊴-라. 대주주와의 거래 적정성 > 점검 체크리스트 표 > 「󰊴-라-2.<br>대주주에<br>대한 거래의 공정성」 행 · 점검 체크리스트 칸 · 질문 ① 아래,목차상 95쪽~(이 절의 시작 쪽),1290,,▫ 대주주의 다른 회사에 대한 출자를 지원하기 위한 신용공여 및 투자(PEF 등 사모펀드 포함)가 있는지 여부,33조(그룹내 위험 전이 방지) ①1호(판단 — 대주주와의 거래)
3-30,대주주,Ⅳ. 비계량평가항목 세부 평가기준 > Ⅳ.4 투자리스크 > 󰊴-라. 대주주와의 거래 적정성 > 점검 체크리스트 표 > 「󰊴-라-2.<br>대주주에<br>대한 거래의 공정성」 행 · 점검 체크리스트 칸,목차상 95쪽~(이 절의 시작 쪽),1290,,② 대주주(특수관계인 포함)가 출자한 회사에 대한 신용공여 및 투자 내역이 통상의 거래조건 등과 비교하여 불리한 조건인가?,33조(그룹내 위험 전이 방지) ①1호(판단 — 대주주와의 거래)
3-31,대주주,Ⅳ. 비계량평가항목 세부 평가기준 > Ⅳ.4 투자리스크 > 󰊴-라. 대주주와의 거래 적정성 > 점검 체크리스트 표 > 「󰊴-라-2.<br>대주주에<br>대한 거래의 공정성」 행 · 점검 체크리스트 칸,목차상 95쪽~(이 절의 시작 쪽),1290,,③ 대주주의 신용등급이 악화되거나 악화될 것이 뚜렷이 전망됨에도 불구하고 대주주에 대해 추가적인 신용공여 또는 대주주가 발행한 유가증권을 추가로 취득하는가?,33조(그룹내 위험 전이 방지) ①1호(판단 — 대주주와의 거래)
3-32,금융지주회사·지주(「금융지주회사」 안),[별첨] 보험회사 위험기준 경영실태평가제도 관련 법규 > □ 보험업감독규정 > 제7-18조(경영개선요구) ② 5.,목차상 120쪽~(이 절의 시작 쪽),1449,,"5. 합병, 금융지주회사법에 의한 금융지주회사(이하 “금융지주회사”라 한다)의 자회사로의 편입(단독으로 또는 다른 금융기관과 공동으로 금융지주회사를 설립하여 그 자회사로 편입하는 경우를 포함한다), 제3자 인수, 영업의 전부 또는 일부의 양도 등에 관한 계획 수립",조 번호 해당 없음(판단: 별첨 보험업감독규정 — 경영개선 계획 가운데 금융지주회사 자회사 편입은 모범규준 조 주제와 겹치지 않음)
3-33,금융지주회사·지주(「금융지주회사」 안),[별첨] 보험회사 위험기준 경영실태평가제도 관련 법규 > □ 보험업감독규정 > 제7-19조(경영개선명령) ② 5.,목차상 120쪽~(이 절의 시작 쪽),1462,,5. 합병 또는 금융지주회사의 자회사로의 편입(단독으로 또는 다른 금융기관과 공동으로 금융지주회사를 설립하여 그 자회사로 편입하는 경우를 포함한다),조 번호 해당 없음(판단: 별첨 보험업감독규정 — 경영개선 계획 가운데 금융지주회사 자회사 편입은 모범규준 조 주제와 겹치지 않음)
3-34,대주주,[별첨] 보험회사 위험기준 경영실태평가제도 관련 법규 > □ 보험업감독규정 > [감독규정 별표 13-2] 경영실태평가 부문별 평가항목(제7-14조 관련) > 「투자리스크」 행 · 비계량 평가항목 칸,목차상 120쪽~(이 절의 시작 쪽),1476,,▪대주주와의 거래 적정성,33조(그룹내 위험 전이 방지) ①1호(판단 — 대주주와의 거래)
3-35,대주주,[별첨] 보험회사 위험기준 경영실태평가제도 관련 법규 > □ 보험업감독규정 > [감독규정 별표 13-2] 경영실태평가 부문별 평가항목(제7-14조 관련) > 「투자리스크」 행 · 비계량 평가항목 칸,목차상 120쪽~(이 절의 시작 쪽),1489,,▪대주주와의 거래 적정성,33조(그룹내 위험 전이 방지) ①1호(판단 — 대주주와의 거래)
