검색구분,현행연혁,검색어,쪽,번호,제목,구분,제개정일,seq,historySeq,원본
title,past,모범규준,1,106,CMA 업무관련 모범규준,[모범규준],2020-09-16,285,1379,dart_out/raw/web13/mobeom/kofia_search_title_past_모범규준_p1.html
title,past,모범규준,1,105,CMA 업무관련 모범규준,[모범규준],2017-03-21,285,1172,dart_out/raw/web13/mobeom/kofia_search_title_past_모범규준_p1.html
title,past,모범규준,1,104,CMA 업무관련 모범규준,[모범규준],2009-09-09,285,784,dart_out/raw/web13/mobeom/kofia_search_title_past_모범규준_p1.html
title,past,모범규준,1,103,CMA업무를위한모범규준,[(구)협회규정],2008-09-09,240,626,dart_out/raw/web13/mobeom/kofia_search_title_past_모범규준_p1.html
title,past,모범규준,1,102,CMA업무를위한모범규준,[(구)협회규정],2008-04-16,240,625,dart_out/raw/web13/mobeom/kofia_search_title_past_모범규준_p1.html
title,past,모범규준,1,101,감사직무규정모범규준,[(구)협회규정],2002-08-14,181,484,dart_out/raw/web13/mobeom/kofia_search_title_past_모범규준_p1.html
title,past,모범규준,1,100,금융투자상품 계좌개설 및 매매를 위한 전자문서 관리 모범규준,[모범규준],2012-12-21,173,476,dart_out/raw/web13/mobeom/kofia_search_title_past_모범규준_p1.html
title,past,모범규준,1,99,금융투자회사 채용절차 모범규준,[모범규준],2020-04-03,335,1355,dart_out/raw/web13/mobeom/kofia_search_title_past_모범규준_p1.html
title,past,모범규준,1,98,금융투자회사 채용절차 모범규준,[모범규준],2018-08-23,335,1260,dart_out/raw/web13/mobeom/kofia_search_title_past_모범규준_p1.html
title,past,모범규준,1,97,금융투자회사의 금융사고 방지를 위한 모범규준,[모범규준],2026-06-11,156,1799,dart_out/raw/web13/mobeom/kofia_search_title_past_모범규준_p1.html
title,past,모범규준,2,,(멈춤) 사이트 방화벽 차단 응답(저장본 dart_out/raw/web13/mobeom/kofia_search_title_past_모범규준_p2.html) — https://law.kofia.or.kr/service/search/searchTotal.do,,,,,
title,past,지주,1,,(결과 없음 — 전체 0건),,,,,dart_out/raw/web13/mobeom/kofia_search_title_past_지주_p1.html
title,past,통합,1,,(결과 없음 — 전체 0건),,,,,dart_out/raw/web13/mobeom/kofia_search_title_past_통합_p1.html
title,past,위험관리,1,1,단기금융간접투자기구 위험관리기준 표준안,[(구)협회규정],2004-05-17,220,601,dart_out/raw/web13/mobeom/kofia_search_title_past_위험관리_p1.html
content,past,금융지주회사 통합,1,,(결과 없음 — 전체 0건),,,,,dart_out/raw/web13/mobeom/kofia_search_content_past_금융지주회사_통합_p1.html
content,past,통합위험관리,1,,(결과 없음 — 전체 0건),,,,,dart_out/raw/web13/mobeom/kofia_search_content_past_통합위험관리_p1.html
content,past,통합리스크관리,1,,(결과 없음 — 전체 0건),,,,,dart_out/raw/web13/mobeom/kofia_search_content_past_통합리스크관리_p1.html
