회사,규정명,조번호,조제목,문서,접수번호또는URL,쪽,전문여부,비고
iM금융지주,리스크관리규정(첨부16 「리스크관리 규정」),제1장,총 칙,"iM금융지주 「2025년도 iM금융지주 지배구조 및 보수체계 연차보고서」(본공시, 공시일 2026-03-04)",https://www.imfngroup.com/nbbsR3.fg?putup_writ_seq=4271&file_seq=1,p.275,Y(전문 옮김),장 제목
iM금융지주,리스크관리규정(첨부16 「리스크관리 규정」),제1조,목적,"iM금융지주 「2025년도 iM금융지주 지배구조 및 보수체계 연차보고서」(본공시, 공시일 2026-03-04)",https://www.imfngroup.com/nbbsR3.fg?putup_writ_seq=4271&file_seq=1,p.275,Y(전문 옮김),같은 번호 모범규준 1조(목적): 주제 같음; 주제가 닿는 모범규준 조 — 1조(목적)(판단)
iM금융지주,리스크관리규정(첨부16 「리스크관리 규정」),제2조,적용대상,"iM금융지주 「2025년도 iM금융지주 지배구조 및 보수체계 연차보고서」(본공시, 공시일 2026-03-04)",https://www.imfngroup.com/nbbsR3.fg?putup_writ_seq=4271&file_seq=1,p.275,Y(전문 옮김),같은 번호 모범규준 2조(정의): 주제 다름; 주제가 닿는 모범규준 조 — 3조(적용대상) — 단서 「리스크가 경미할 경우 … 적용을 배제하거나 일부를 적용」이 3조 단서와 같은 뜻(판단)
iM금융지주,리스크관리규정(첨부16 「리스크관리 규정」),제3조,관리대상 범위,"iM금융지주 「2025년도 iM금융지주 지배구조 및 보수체계 연차보고서」(본공시, 공시일 2026-03-04)",https://www.imfngroup.com/nbbsR3.fg?putup_writ_seq=4271&file_seq=1,p.275,Y(전문 옮김),같은 번호 모범규준 3조(적용대상): 주제 다름; 주제가 닿는 모범규준 조 — 18조 ①(측정 및 관리 대상의 위험 유형 열거)(판단)
iM금융지주,리스크관리규정(첨부16 「리스크관리 규정」),제4조,용어 정의,"iM금융지주 「2025년도 iM금융지주 지배구조 및 보수체계 연차보고서」(본공시, 공시일 2026-03-04)",https://www.imfngroup.com/nbbsR3.fg?putup_writ_seq=4271&file_seq=1,p.275,Y(전문 옮김),같은 번호 모범규준 4조(위험관리 철학): 주제 다름; 주제가 닿는 모범규준 조 — 2조(정의)(판단)
iM금융지주,리스크관리규정(첨부16 「리스크관리 규정」),제2장,리스크 철학 및 관리 원칙,"iM금융지주 「2025년도 iM금융지주 지배구조 및 보수체계 연차보고서」(본공시, 공시일 2026-03-04)",https://www.imfngroup.com/nbbsR3.fg?putup_writ_seq=4271&file_seq=1,p.276,Y(전문 옮김),장 제목
iM금융지주,리스크관리규정(첨부16 「리스크관리 규정」),제5조,리스크 철학,"iM금융지주 「2025년도 iM금융지주 지배구조 및 보수체계 연차보고서」(본공시, 공시일 2026-03-04)",https://www.imfngroup.com/nbbsR3.fg?putup_writ_seq=4271&file_seq=1,p.276,Y(전문 옮김),같은 번호 모범규준 5조(위험관리 원칙): 주제 다름; 주제가 닿는 모범규준 조 — 4조(위험관리 철학)(판단)
iM금융지주,리스크관리규정(첨부16 「리스크관리 규정」),제6조,리스크 철학의 의미 및 적용범위,"iM금융지주 「2025년도 iM금융지주 지배구조 및 보수체계 연차보고서」(본공시, 공시일 2026-03-04)",https://www.imfngroup.com/nbbsR3.fg?putup_writ_seq=4271&file_seq=1,p.276,Y(전문 옮김),"같은 번호 모범규준 6조(문서화): 주제 다름; 주제가 닿는 모범규준 조 — 4조 ①·②(최상위 가치규범, 모든 임직원 고려)(판단)"
iM금융지주,리스크관리규정(첨부16 「리스크관리 규정」),제7조,리스크관리 원칙,"iM금융지주 「2025년도 iM금융지주 지배구조 및 보수체계 연차보고서」(본공시, 공시일 2026-03-04)",https://www.imfngroup.com/nbbsR3.fg?putup_writ_seq=4271&file_seq=1,p.276,Y(전문 옮김),같은 번호 모범규준 7조(조직구성): 주제 다름; 주제가 닿는 모범규준 조 — 5조(위험관리 원칙)(판단)
iM금융지주,리스크관리규정(첨부16 「리스크관리 규정」),제3장,리스크 종류 및 측정,"iM금융지주 「2025년도 iM금융지주 지배구조 및 보수체계 연차보고서」(본공시, 공시일 2026-03-04)",https://www.imfngroup.com/nbbsR3.fg?putup_writ_seq=4271&file_seq=1,p.277,Y(전문 옮김),장 제목
iM금융지주,리스크관리규정(첨부16 「리스크관리 규정」),제8조,리스크 종류,"iM금융지주 「2025년도 iM금융지주 지배구조 및 보수체계 연차보고서」(본공시, 공시일 2026-03-04)",https://www.imfngroup.com/nbbsR3.fg?putup_writ_seq=4271&file_seq=1,p.277,Y(전문 옮김),"같은 번호 모범규준 8조(이사회): 주제 다름; 주제가 닿는 모범규준 조 — 18조 ①, 21~27조 각 ①항의 위험 정의(판단)"
iM금융지주,리스크관리규정(첨부16 「리스크관리 규정」),제9조,리스크 측정 및 관리 등,"iM금융지주 「2025년도 iM금융지주 지배구조 및 보수체계 연차보고서」(본공시, 공시일 2026-03-04)",https://www.imfngroup.com/nbbsR3.fg?putup_writ_seq=4271&file_seq=1,p.278,Y(전문 옮김),같은 번호 모범규준 9조(그룹위험관리위원회): 주제 다름; 주제가 닿는 모범규준 조 — 19조(위험 측정)·18조 ②(측정 못하는 위험)·35조 ①(⑦항 경영에의 활용)(판단)
iM금융지주,리스크관리규정(첨부16 「리스크관리 규정」),제4장,리스크관리 조직 및 역할,"iM금융지주 「2025년도 iM금융지주 지배구조 및 보수체계 연차보고서」(본공시, 공시일 2026-03-04)",https://www.imfngroup.com/nbbsR3.fg?putup_writ_seq=4271&file_seq=1,p.278,Y(전문 옮김),장 제목
iM금융지주,리스크관리규정(첨부16 「리스크관리 규정」),제10조,구성,"iM금융지주 「2025년도 iM금융지주 지배구조 및 보수체계 연차보고서」(본공시, 공시일 2026-03-04)",https://www.imfngroup.com/nbbsR3.fg?putup_writ_seq=4271&file_seq=1,p.278,Y(전문 옮김),같은 번호 모범규준 10조(경영진): 주제 다름; 주제가 닿는 모범규준 조 — 7조(조직구성)(판단)
iM금융지주,리스크관리규정(첨부16 「리스크관리 규정」),제11조,이사회 및 위험관리위원회,"iM금융지주 「2025년도 iM금융지주 지배구조 및 보수체계 연차보고서」(본공시, 공시일 2026-03-04)",https://www.imfngroup.com/nbbsR3.fg?putup_writ_seq=4271&file_seq=1,p.278,Y(전문 옮김),같은 번호 모범규준 11조(그룹위험관리책임자): 주제 다름; 주제가 닿는 모범규준 조 — 8조(이사회)·9조 ⑤(그룹위험관리위원회 역할)(판단)
iM금융지주,리스크관리규정(첨부16 「리스크관리 규정」),제12조,경영진,"iM금융지주 「2025년도 iM금융지주 지배구조 및 보수체계 연차보고서」(본공시, 공시일 2026-03-04)",https://www.imfngroup.com/nbbsR3.fg?putup_writ_seq=4271&file_seq=1,p.279,Y(전문 옮김),같은 번호 모범규준 12조(그룹위험관리협의회): 주제 다름; 주제가 닿는 모범규준 조 — 10조(경영진)(판단)
iM금융지주,리스크관리규정(첨부16 「리스크관리 규정」),제13조,그룹위험관리책임자,"iM금융지주 「2025년도 iM금융지주 지배구조 및 보수체계 연차보고서」(본공시, 공시일 2026-03-04)",https://www.imfngroup.com/nbbsR3.fg?putup_writ_seq=4271&file_seq=1,p.279,Y(전문 옮김),"같은 번호 모범규준 13조(그룹위험관리부서): 주제 다름; 주제가 닿는 모범규준 조 — 11조(그룹위험관리책임자) ⑥·⑧·⑨, 14조 ⑥(자료 제출 요구)(판단)"
iM금융지주,리스크관리규정(첨부16 「리스크관리 규정」),제14조,위험관리협의회,"iM금융지주 「2025년도 iM금융지주 지배구조 및 보수체계 연차보고서」(본공시, 공시일 2026-03-04)",https://www.imfngroup.com/nbbsR3.fg?putup_writ_seq=4271&file_seq=1,p.280,Y(전문 옮김),같은 번호 모범규준 14조(위험 통제): 주제 다름; 주제가 닿는 모범규준 조 — 12조(그룹위험관리협의회)(판단)
iM금융지주,리스크관리규정(첨부16 「리스크관리 규정」),제15조,리스크관리 전담조직,"iM금융지주 「2025년도 iM금융지주 지배구조 및 보수체계 연차보고서」(본공시, 공시일 2026-03-04)",https://www.imfngroup.com/nbbsR3.fg?putup_writ_seq=4271&file_seq=1,p.280,Y(전문 옮김),같은 번호 모범규준 15조(승인 및 사전협의): 주제 다름; 주제가 닿는 모범규준 조 — 13조(그룹위험관리부서) ②·③; ① 단서는 28조 ① 단서와 비슷한 문구(판단)
iM금융지주,리스크관리규정(첨부16 「리스크관리 규정」),제5장,위험자본 및 리스크허용한도,"iM금융지주 「2025년도 iM금융지주 지배구조 및 보수체계 연차보고서」(본공시, 공시일 2026-03-04)",https://www.imfngroup.com/nbbsR3.fg?putup_writ_seq=4271&file_seq=1,p.281,Y(전문 옮김),장 제목
iM금융지주,리스크관리규정(첨부16 「리스크관리 규정」),제16조,자본적정성 및 리스크허용한도,"iM금융지주 「2025년도 iM금융지주 지배구조 및 보수체계 연차보고서」(본공시, 공시일 2026-03-04)",https://www.imfngroup.com/nbbsR3.fg?putup_writ_seq=4271&file_seq=1,p.281,Y(전문 옮김),같은 번호 모범규준 16조(보고체계): 주제 다름; 주제가 닿는 모범규준 조 — 14조 ①(한도관리체계)·47조(내부자본 한도 관리)(판단)
iM금융지주,리스크관리규정(첨부16 「리스크관리 규정」),제17조,자회사의 위험자본 및 리스크허용한도,"iM금융지주 「2025년도 iM금융지주 지배구조 및 보수체계 연차보고서」(본공시, 공시일 2026-03-04)",https://www.imfngroup.com/nbbsR3.fg?putup_writ_seq=4271&file_seq=1,p.281,Y(전문 옮김),같은 번호 모범규준 17조(의사전달체계): 주제 다름; 주제가 닿는 모범규준 조 — 14조 ①(자회사 한도관리체계)·15조 ①(승인)(판단)
iM금융지주,리스크관리규정(첨부16 「리스크관리 규정」),제18조,적정투자 및 손실한도,"iM금융지주 「2025년도 iM금융지주 지배구조 및 보수체계 연차보고서」(본공시, 공시일 2026-03-04)",https://www.imfngroup.com/nbbsR3.fg?putup_writ_seq=4271&file_seq=1,p.281,Y(전문 옮김),같은 번호 모범규준 18조(측정 및 관리 대상): 주제 다름; 주제가 닿는 모범규준 조 — 9조 ⑥ 3호·15조 ①(적정투자한도·손실허용한도)(판단)
iM금융지주,리스크관리규정(첨부16 「리스크관리 규정」),제19조,위험자본 및 리스크한도 관리,"iM금융지주 「2025년도 iM금융지주 지배구조 및 보수체계 연차보고서」(본공시, 공시일 2026-03-04)",https://www.imfngroup.com/nbbsR3.fg?putup_writ_seq=4271&file_seq=1,p.282,Y(전문 옮김),같은 번호 모범규준 19조(위험 측정): 주제 다름; 주제가 닿는 모범규준 조 — 47조 ⑥(한도 준수 모니터링·초과 처리)·14조 ④ 1호(판단)
iM금융지주,리스크관리규정(첨부16 「리스크관리 규정」),제6장,리스크관리 절차 및 보고체계,"iM금융지주 「2025년도 iM금융지주 지배구조 및 보수체계 연차보고서」(본공시, 공시일 2026-03-04)",https://www.imfngroup.com/nbbsR3.fg?putup_writ_seq=4271&file_seq=1,p.282,Y(전문 옮김),장 제목
iM금융지주,리스크관리규정(첨부16 「리스크관리 규정」),제20조,리스크관리 절차,"iM금융지주 「2025년도 iM금융지주 지배구조 및 보수체계 연차보고서」(본공시, 공시일 2026-03-04)",https://www.imfngroup.com/nbbsR3.fg?putup_writ_seq=4271&file_seq=1,p.282,Y(전문 옮김),같은 번호 모범규준 20조(위험 관리): 주제 다름; 주제가 닿는 모범규준 조 — 4조 ②·6조(문서화)(판단)
iM금융지주,리스크관리규정(첨부16 「리스크관리 규정」),제21조,규정 및 지침의 제∙개정,"iM금융지주 「2025년도 iM금융지주 지배구조 및 보수체계 연차보고서」(본공시, 공시일 2026-03-04)",https://www.imfngroup.com/nbbsR3.fg?putup_writ_seq=4271&file_seq=1,p.282,Y(전문 옮김),같은 번호 모범규준 21조(신용위험): 주제 다름; 주제가 닿는 모범규준 조 — 8조 ②·9조 ⑥ 5호(규정 제·개정)(판단)
iM금융지주,리스크관리규정(첨부16 「리스크관리 규정」),제22조,사전협의,"iM금융지주 「2025년도 iM금융지주 지배구조 및 보수체계 연차보고서」(본공시, 공시일 2026-03-04)",https://www.imfngroup.com/nbbsR3.fg?putup_writ_seq=4271&file_seq=1,p.282,Y(전문 옮김),같은 번호 모범규준 22조(시장위험): 주제 다름; 주제가 닿는 모범규준 조 — 15조 ②(사전협의 사항)(판단)
iM금융지주,리스크관리규정(첨부16 「리스크관리 규정」),제23조,보고사항,"iM금융지주 「2025년도 iM금융지주 지배구조 및 보수체계 연차보고서」(본공시, 공시일 2026-03-04)",https://www.imfngroup.com/nbbsR3.fg?putup_writ_seq=4271&file_seq=1,p.283,Y(전문 옮김),같은 번호 모범규준 23조(운영위험): 주제 다름; 주제가 닿는 모범규준 조 — 9조 ⑦·16조 ②(보고체계); ② 5호는 34조 ⑤(판단)
iM금융지주,리스크관리규정(첨부16 「리스크관리 규정」),제24조,심의·결의사항의 시행,"iM금융지주 「2025년도 iM금융지주 지배구조 및 보수체계 연차보고서」(본공시, 공시일 2026-03-04)",https://www.imfngroup.com/nbbsR3.fg?putup_writ_seq=4271&file_seq=1,p.283,Y(전문 옮김),같은 번호 모범규준 24조(금리위험): 주제 다름; 주제가 닿는 모범규준 조 — 17조 ①·③(결의사항 전달·이행 조정)(판단)
iM금융지주,리스크관리규정(첨부16 「리스크관리 규정」),제25조,의사전달체계,"iM금융지주 「2025년도 iM금융지주 지배구조 및 보수체계 연차보고서」(본공시, 공시일 2026-03-04)",https://www.imfngroup.com/nbbsR3.fg?putup_writ_seq=4271&file_seq=1,p.283,Y(전문 옮김),같은 번호 모범규준 25조(유동성위험): 주제 다름; 주제가 닿는 모범규준 조 — 17조(의사전달체계) ②·③ — 「공식문서(전자문서 포함)」 문구가 같음(판단)
iM금융지주,리스크관리규정(첨부16 「리스크관리 규정」),제7장,리스크 통제,"iM금융지주 「2025년도 iM금융지주 지배구조 및 보수체계 연차보고서」(본공시, 공시일 2026-03-04)",https://www.imfngroup.com/nbbsR3.fg?putup_writ_seq=4271&file_seq=1,p.284,Y(전문 옮김),장 제목
iM금융지주,리스크관리규정(첨부16 「리스크관리 규정」),제26조,리스크 통제,"iM금융지주 「2025년도 iM금융지주 지배구조 및 보수체계 연차보고서」(본공시, 공시일 2026-03-04)",https://www.imfngroup.com/nbbsR3.fg?putup_writ_seq=4271&file_seq=1,p.284,Y(전문 옮김),"같은 번호 모범규준 26조(신용편중위험): 주제 다름; 주제가 닿는 모범규준 조 — 14조 ①·②(위험 통제), 14조 ④ 2호·6조 ③(문서화 준수 점검)(판단)"
iM금융지주,리스크관리규정(첨부16 「리스크관리 규정」),제27조,개선사항 권고,"iM금융지주 「2025년도 iM금융지주 지배구조 및 보수체계 연차보고서」(본공시, 공시일 2026-03-04)",https://www.imfngroup.com/nbbsR3.fg?putup_writ_seq=4271&file_seq=1,p.284,Y(전문 옮김),같은 번호 모범규준 27조(전략 및 평판위험): 주제 다름; 주제가 닿는 모범규준 조 — 11조 ⑨·14조 ④ 4호(개선권고)(판단)
iM금융지주,리스크관리규정(첨부16 「리스크관리 규정」),제8장,리스크관리시스템 구축ㆍ운영(2016.10.27 신설),"iM금융지주 「2025년도 iM금융지주 지배구조 및 보수체계 연차보고서」(본공시, 공시일 2026-03-04)",https://www.imfngroup.com/nbbsR3.fg?putup_writ_seq=4271&file_seq=1,p.285,Y(전문 옮김),장 제목
iM금융지주,리스크관리규정(첨부16 「리스크관리 규정」),제28조,시스템 구축 및 운영,"iM금융지주 「2025년도 iM금융지주 지배구조 및 보수체계 연차보고서」(본공시, 공시일 2026-03-04)",https://www.imfngroup.com/nbbsR3.fg?putup_writ_seq=4271&file_seq=1,p.285,Y(전문 옮김),같은 번호 모범규준 28조(시스템 구축 및 관리): 주제 같음; 주제가 닿는 모범규준 조 — 28조(시스템 구축 및 관리) — 제목은 「시스템 구축 및 운영」(판단)
iM금융지주,리스크관리규정(첨부16 「리스크관리 규정」),제29조,자료수집 및 관리,"iM금융지주 「2025년도 iM금융지주 지배구조 및 보수체계 연차보고서」(본공시, 공시일 2026-03-04)",https://www.imfngroup.com/nbbsR3.fg?putup_writ_seq=4271&file_seq=1,p.285,Y(전문 옮김),같은 번호 모범규준 29조(자료 수집 및 관리): 주제 같음; 주제가 닿는 모범규준 조 — 29조(자료 수집 및 관리)(판단)
iM금융지주,리스크관리규정(첨부16 「리스크관리 규정」),제30조,적합성 검증,"iM금융지주 「2025년도 iM금융지주 지배구조 및 보수체계 연차보고서」(본공시, 공시일 2026-03-04)",https://www.imfngroup.com/nbbsR3.fg?putup_writ_seq=4271&file_seq=1,p.285,Y(전문 옮김),같은 번호 모범규준 30조(목적): 주제 같음; 주제가 닿는 모범규준 조 — 30조(목적)~32조 — 모범규준 제4장 제4절 「적합성 검증」 세 조를 한 조로(판단)
iM금융지주,리스크관리규정(첨부16 「리스크관리 규정」),제9장,"위기관리체계 및 비상조치계획(2016.10,27 신설)","iM금융지주 「2025년도 iM금융지주 지배구조 및 보수체계 연차보고서」(본공시, 공시일 2026-03-04)",https://www.imfngroup.com/nbbsR3.fg?putup_writ_seq=4271&file_seq=1,p.285,Y(전문 옮김),장 제목
iM금융지주,리스크관리규정(첨부16 「리스크관리 규정」),제31조,그룹위기관리체계,"iM금융지주 「2025년도 iM금융지주 지배구조 및 보수체계 연차보고서」(본공시, 공시일 2026-03-04)",https://www.imfngroup.com/nbbsR3.fg?putup_writ_seq=4271&file_seq=1,p.285,Y(전문 옮김),같은 번호 모범규준 31조(적합성 검증의 대상): 주제 다름; 주제가 닿는 모범규준 조 — 50조(목적)·52조(위기관리체계)·56조(통합위기상황분석)(판단)
iM금융지주,리스크관리규정(첨부16 「리스크관리 규정」),제32조,비상조치계획,"iM금융지주 「2025년도 iM금융지주 지배구조 및 보수체계 연차보고서」(본공시, 공시일 2026-03-04)",https://www.imfngroup.com/nbbsR3.fg?putup_writ_seq=4271&file_seq=1,p.286,Y(전문 옮김),같은 번호 모범규준 32조(적합성 검증의 실시): 주제 다름; 주제가 닿는 모범규준 조 — 57조(비상계획)·55조(판단지표)·58조(정기 점검)(판단)
iM금융지주,리스크관리규정(첨부16 「리스크관리 규정」),제10장,기타 리스크관리(2016.10.27 신설),"iM금융지주 「2025년도 iM금융지주 지배구조 및 보수체계 연차보고서」(본공시, 공시일 2026-03-04)",https://www.imfngroup.com/nbbsR3.fg?putup_writ_seq=4271&file_seq=1,p.286,Y(전문 옮김),장 제목
iM금융지주,리스크관리규정(첨부16 「리스크관리 규정」),제33조,그룹내 리스크관리,"iM금융지주 「2025년도 iM금융지주 지배구조 및 보수체계 연차보고서」(본공시, 공시일 2026-03-04)",https://www.imfngroup.com/nbbsR3.fg?putup_writ_seq=4271&file_seq=1,p.286,Y(전문 옮김),같은 번호 모범규준 33조(그룹내 위험 전이 방지): 주제 같음; 주제가 닿는 모범규준 조 — 33조(그룹내 위험 전이 방지)(판단)
iM금융지주,리스크관리규정(첨부16 「리스크관리 규정」),제34조,해외리스크 관리,"iM금융지주 「2025년도 iM금융지주 지배구조 및 보수체계 연차보고서」(본공시, 공시일 2026-03-04)",https://www.imfngroup.com/nbbsR3.fg?putup_writ_seq=4271&file_seq=1,p.286,Y(전문 옮김),같은 번호 모범규준 34조(해외위험 관리): 주제 같음; 주제가 닿는 모범규준 조 — 34조(해외위험 관리)(판단)
iM금융지주,리스크관리규정(첨부16 「리스크관리 규정」),제35조,국가별리스크 관리,"iM금융지주 「2025년도 iM금융지주 지배구조 및 보수체계 연차보고서」(본공시, 공시일 2026-03-04)",https://www.imfngroup.com/nbbsR3.fg?putup_writ_seq=4271&file_seq=1,p.287,Y(전문 옮김),같은 번호 모범규준 35조(경영에의 활용): 주제 다름; 주제가 닿는 모범규준 조 — 같은 주제 조 없음 — 국가별 위험(34조·26조 ① 「지역별」 편중과 닿음)(판단)
iM금융지주,위험관리위원회규정(첨부9),제1조,목적,"iM금융지주 「2025년도 iM금융지주 지배구조 및 보수체계 연차보고서」(본공시, 공시일 2026-03-04)",https://www.imfngroup.com/nbbsR3.fg?putup_writ_seq=4271&file_seq=1,p.244,Y(전문 옮김),
iM금융지주,위험관리위원회규정(첨부9),제2조,구성,"iM금융지주 「2025년도 iM금융지주 지배구조 및 보수체계 연차보고서」(본공시, 공시일 2026-03-04)",https://www.imfngroup.com/nbbsR3.fg?putup_writ_seq=4271&file_seq=1,p.244,Y(전문 옮김),
iM금융지주,위험관리위원회규정(첨부9),제3조,위원장,"iM금융지주 「2025년도 iM금융지주 지배구조 및 보수체계 연차보고서」(본공시, 공시일 2026-03-04)",https://www.imfngroup.com/nbbsR3.fg?putup_writ_seq=4271&file_seq=1,p.244,Y(전문 옮김),
iM금융지주,위험관리위원회규정(첨부9),제4조,역할 및 책임,"iM금융지주 「2025년도 iM금융지주 지배구조 및 보수체계 연차보고서」(본공시, 공시일 2026-03-04)",https://www.imfngroup.com/nbbsR3.fg?putup_writ_seq=4271&file_seq=1,p.244,Y(전문 옮김),
iM금융지주,위험관리위원회규정(첨부9),제5조,결의사항 등,"iM금융지주 「2025년도 iM금융지주 지배구조 및 보수체계 연차보고서」(본공시, 공시일 2026-03-04)",https://www.imfngroup.com/nbbsR3.fg?putup_writ_seq=4271&file_seq=1,p.245,Y(전문 옮김),
iM금융지주,위험관리위원회규정(첨부9),제6조,회의의 소집,"iM금융지주 「2025년도 iM금융지주 지배구조 및 보수체계 연차보고서」(본공시, 공시일 2026-03-04)",https://www.imfngroup.com/nbbsR3.fg?putup_writ_seq=4271&file_seq=1,p.246,Y(전문 옮김),
iM금융지주,위험관리위원회규정(첨부9),제7조,결의방법 및 결의사항의 시행 등,"iM금융지주 「2025년도 iM금융지주 지배구조 및 보수체계 연차보고서」(본공시, 공시일 2026-03-04)",https://www.imfngroup.com/nbbsR3.fg?putup_writ_seq=4271&file_seq=1,p.246,Y(전문 옮김),
iM금융지주,위험관리위원회규정(첨부9),제8조,지원부서,"iM금융지주 「2025년도 iM금융지주 지배구조 및 보수체계 연차보고서」(본공시, 공시일 2026-03-04)",https://www.imfngroup.com/nbbsR3.fg?putup_writ_seq=4271&file_seq=1,p.246,Y(전문 옮김),
iM금융지주,위험관리위원회규정(첨부9),제9조,위원 아닌 자의 출석,"iM금융지주 「2025년도 iM금융지주 지배구조 및 보수체계 연차보고서」(본공시, 공시일 2026-03-04)",https://www.imfngroup.com/nbbsR3.fg?putup_writ_seq=4271&file_seq=1,p.246,Y(전문 옮김),
iM금융지주,위험관리위원회규정(첨부9),제10조,의사록,"iM금융지주 「2025년도 iM금융지주 지배구조 및 보수체계 연차보고서」(본공시, 공시일 2026-03-04)",https://www.imfngroup.com/nbbsR3.fg?putup_writ_seq=4271&file_seq=1,p.246,Y(전문 옮김),
iM금융지주,위험관리위원회규정(첨부9),제11조,위험관리협의회,"iM금융지주 「2025년도 iM금융지주 지배구조 및 보수체계 연차보고서」(본공시, 공시일 2026-03-04)",https://www.imfngroup.com/nbbsR3.fg?putup_writ_seq=4271&file_seq=1,p.247,Y(전문 옮김),
iM금융지주,위험관리협의회규정(첨부15),제1조,목적,"iM금융지주 「2025년도 iM금융지주 지배구조 및 보수체계 연차보고서」(본공시, 공시일 2026-03-04)",https://www.imfngroup.com/nbbsR3.fg?putup_writ_seq=4271&file_seq=1,p.272,Y(전문 옮김),
iM금융지주,위험관리협의회규정(첨부15),제2조,역할,"iM금융지주 「2025년도 iM금융지주 지배구조 및 보수체계 연차보고서」(본공시, 공시일 2026-03-04)",https://www.imfngroup.com/nbbsR3.fg?putup_writ_seq=4271&file_seq=1,p.272,Y(전문 옮김),
iM금융지주,위험관리협의회규정(첨부15),제3조,구성,"iM금융지주 「2025년도 iM금융지주 지배구조 및 보수체계 연차보고서」(본공시, 공시일 2026-03-04)",https://www.imfngroup.com/nbbsR3.fg?putup_writ_seq=4271&file_seq=1,p.272,Y(전문 옮김),
iM금융지주,위험관리협의회규정(첨부15),제4조,결의사항,"iM금융지주 「2025년도 iM금융지주 지배구조 및 보수체계 연차보고서」(본공시, 공시일 2026-03-04)",https://www.imfngroup.com/nbbsR3.fg?putup_writ_seq=4271&file_seq=1,p.272,Y(전문 옮김),
iM금융지주,위험관리협의회규정(첨부15),제5조,심의사항,"iM금융지주 「2025년도 iM금융지주 지배구조 및 보수체계 연차보고서」(본공시, 공시일 2026-03-04)",https://www.imfngroup.com/nbbsR3.fg?putup_writ_seq=4271&file_seq=1,p.273,Y(전문 옮김),
iM금융지주,위험관리협의회규정(첨부15),제6조,회의소집,"iM금융지주 「2025년도 iM금융지주 지배구조 및 보수체계 연차보고서」(본공시, 공시일 2026-03-04)",https://www.imfngroup.com/nbbsR3.fg?putup_writ_seq=4271&file_seq=1,p.273,Y(전문 옮김),
iM금융지주,위험관리협의회규정(첨부15),제7조,결의방법,"iM금융지주 「2025년도 iM금융지주 지배구조 및 보수체계 연차보고서」(본공시, 공시일 2026-03-04)",https://www.imfngroup.com/nbbsR3.fg?putup_writ_seq=4271&file_seq=1,p.273,Y(전문 옮김),
iM금융지주,위험관리협의회규정(첨부15),제8조,결의 및 심의사항의 처리,"iM금융지주 「2025년도 iM금융지주 지배구조 및 보수체계 연차보고서」(본공시, 공시일 2026-03-04)",https://www.imfngroup.com/nbbsR3.fg?putup_writ_seq=4271&file_seq=1,p.273,Y(전문 옮김),
iM금융지주,위험관리협의회규정(첨부15),제9조,기타,"iM금융지주 「2025년도 iM금융지주 지배구조 및 보수체계 연차보고서」(본공시, 공시일 2026-03-04)",https://www.imfngroup.com/nbbsR3.fg?putup_writ_seq=4271&file_seq=1,p.273,Y(전문 옮김),
iM금융지주,그룹경영관리협의회규정(첨부14),제1조,목적,"iM금융지주 「2025년도 iM금융지주 지배구조 및 보수체계 연차보고서」(본공시, 공시일 2026-03-04)",https://www.imfngroup.com/nbbsR3.fg?putup_writ_seq=4271&file_seq=1,p.268,Y(전문 옮김),
iM금융지주,그룹경영관리협의회규정(첨부14),제2조,구성,"iM금융지주 「2025년도 iM금융지주 지배구조 및 보수체계 연차보고서」(본공시, 공시일 2026-03-04)",https://www.imfngroup.com/nbbsR3.fg?putup_writ_seq=4271&file_seq=1,p.268,Y(전문 옮김),
iM금융지주,그룹경영관리협의회규정(첨부14),제3조,위원장,"iM금융지주 「2025년도 iM금융지주 지배구조 및 보수체계 연차보고서」(본공시, 공시일 2026-03-04)",https://www.imfngroup.com/nbbsR3.fg?putup_writ_seq=4271&file_seq=1,p.268,Y(전문 옮김),
iM금융지주,그룹경영관리협의회규정(첨부14),제4조,회의의 소집,"iM금융지주 「2025년도 iM금융지주 지배구조 및 보수체계 연차보고서」(본공시, 공시일 2026-03-04)",https://www.imfngroup.com/nbbsR3.fg?putup_writ_seq=4271&file_seq=1,p.268,Y(전문 옮김),
iM금융지주,그룹경영관리협의회규정(첨부14),제5조,심의사항,"iM금융지주 「2025년도 iM금융지주 지배구조 및 보수체계 연차보고서」(본공시, 공시일 2026-03-04)",https://www.imfngroup.com/nbbsR3.fg?putup_writ_seq=4271&file_seq=1,p.269,Y(전문 옮김),
iM금융지주,그룹경영관리협의회규정(첨부14),제6조,협의사항,"iM금융지주 「2025년도 iM금융지주 지배구조 및 보수체계 연차보고서」(본공시, 공시일 2026-03-04)",https://www.imfngroup.com/nbbsR3.fg?putup_writ_seq=4271&file_seq=1,p.269,Y(전문 옮김),
iM금융지주,그룹경영관리협의회규정(첨부14),제7조,보고사항,"iM금융지주 「2025년도 iM금융지주 지배구조 및 보수체계 연차보고서」(본공시, 공시일 2026-03-04)",https://www.imfngroup.com/nbbsR3.fg?putup_writ_seq=4271&file_seq=1,p.269,Y(전문 옮김),
iM금융지주,그룹경영관리협의회규정(첨부14),제8조,회의절차 및 운영,"iM금융지주 「2025년도 iM금융지주 지배구조 및 보수체계 연차보고서」(본공시, 공시일 2026-03-04)",https://www.imfngroup.com/nbbsR3.fg?putup_writ_seq=4271&file_seq=1,p.269,Y(전문 옮김),
iM금융지주,그룹경영관리협의회규정(첨부14),제9조,지원부서,"iM금융지주 「2025년도 iM금융지주 지배구조 및 보수체계 연차보고서」(본공시, 공시일 2026-03-04)",https://www.imfngroup.com/nbbsR3.fg?putup_writ_seq=4271&file_seq=1,p.270,Y(전문 옮김),
iM금융지주,리스크관리지침,-,추출 범위에 없음,"iM금융지주 「2025년도 iM금융지주 지배구조 및 보수체계 연차보고서」(본공시, 공시일 2026-03-04)",https://www.imfngroup.com/nbbsR3.fg?putup_writ_seq=4271&file_seq=1,p.278,N(이름만 — 본문은 추출 범위에 없음),"제9조 ②·제16조 ② 위임처; 나오는 쪽 p.278, 281"
iM금융지주,위험가중자산 산출 지침,-,추출 범위에 없음,"iM금융지주 「2025년도 iM금융지주 지배구조 및 보수체계 연차보고서」(본공시, 공시일 2026-03-04)",https://www.imfngroup.com/nbbsR3.fg?putup_writ_seq=4271&file_seq=1,p.278,N(이름만 — 본문은 추출 범위에 없음),제9조 ④ 위임처(「“위험가중자산 산 / 출 지침”」 두 줄로 나뉨); 나오는 쪽 p.278
iM금융지주,트레이딩정책규정,-,추출 범위에 없음,"iM금융지주 「2025년도 iM금융지주 지배구조 및 보수체계 연차보고서」(본공시, 공시일 2026-03-04)",https://www.imfngroup.com/nbbsR3.fg?putup_writ_seq=4271&file_seq=1,p.8,N(이름만 — 본문은 추출 범위에 없음),"제18조 ③; 위험관리위원회 2025 제3차 개정 결의(p.112); 나오는 쪽 p.8, 108, 245, 282"
iM금융지주,데이터 및 시스템 관리지침,-,추출 범위에 없음,"iM금융지주 「2025년도 iM금융지주 지배구조 및 보수체계 연차보고서」(본공시, 공시일 2026-03-04)",https://www.imfngroup.com/nbbsR3.fg?putup_writ_seq=4271&file_seq=1,p.285,N(이름만 — 본문은 추출 범위에 없음),제28조 ④ 위임처; 나오는 쪽 p.285
iM금융지주,적합성검증지침,-,추출 범위에 없음,"iM금융지주 「2025년도 iM금융지주 지배구조 및 보수체계 연차보고서」(본공시, 공시일 2026-03-04)",https://www.imfngroup.com/nbbsR3.fg?putup_writ_seq=4271&file_seq=1,p.135,N(이름만 — 본문은 추출 범위에 없음),"제30조 ④ 위임처; 위험관리협의회 2025 3차 「그룹 적합성검증지침 개정(案)」; 나오는 쪽 p.135, 285"
iM금융지주,그룹위기관리지침(제31조 ①) / 그룹 위기관리지침(제32조 ①),-,추출 범위에 없음,"iM금융지주 「2025년도 iM금융지주 지배구조 및 보수체계 연차보고서」(본공시, 공시일 2026-03-04)",https://www.imfngroup.com/nbbsR3.fg?putup_writ_seq=4271&file_seq=1,p.285,N(이름만 — 본문은 추출 범위에 없음),위기관리체계·비상조치계획·비상자금조달계획 위임처 — 표기 두 가지; 나오는 쪽 p.285-286
iM금융지주,통합위기상황분석 관리 지침,-,추출 범위에 없음,"iM금융지주 「2025년도 iM금융지주 지배구조 및 보수체계 연차보고서」(본공시, 공시일 2026-03-04)",https://www.imfngroup.com/nbbsR3.fg?putup_writ_seq=4271&file_seq=1,p.286,N(이름만 — 본문은 추출 범위에 없음),제31조 ② 위임처; 나오는 쪽 p.286
iM금융지주,국가별위험관리지침,-,추출 범위에 없음,"iM금융지주 「2025년도 iM금융지주 지배구조 및 보수체계 연차보고서」(본공시, 공시일 2026-03-04)",https://www.imfngroup.com/nbbsR3.fg?putup_writ_seq=4271&file_seq=1,p.287,N(이름만 — 본문은 추출 범위에 없음),제35조 ② 위임처; 나오는 쪽 p.287
iM금융지주,그룹 자산건전성분류 및 대손충당금적립 규정,-,추출 범위에 없음,"iM금융지주 「2025년도 iM금융지주 지배구조 및 보수체계 연차보고서」(본공시, 공시일 2026-03-04)",https://www.imfngroup.com/nbbsR3.fg?putup_writ_seq=4271&file_seq=1,p.108,N(이름만 — 본문은 추출 범위에 없음),위험관리위원회 역할 라); 나오는 쪽 p.108
iM금융지주,그룹 리스크관리 정책(2025.5 제정),-,추출 범위에 없음,"iM금융지주 「2025년도 iM금융지주 지배구조 및 보수체계 연차보고서」(본공시, 공시일 2026-03-04)",https://www.imfngroup.com/nbbsR3.fg?putup_writ_seq=4271&file_seq=1,p.28,N(이름만 — 본문은 추출 범위에 없음),"「리스크관리 규정의 최상위 개념의 정책」(p.108) — 이사회 2025.5.13 결의; 나오는 쪽 p.28, 110, 112, 135"
