시각,URL,결과,사유
2026-10-08T00:29:16+09:00,https://law.kofia.or.kr/robots.txt,robots OK,
2026-10-08T00:29:18+09:00,https://www.fss.or.kr/robots.txt,robots OK,
2026-10-08T00:29:21+09:00,https://www.fsc.go.kr/robots.txt,robots OK,
2026-10-08T00:29:24+09:00,https://www.kfb.or.kr/robots.txt,robots OK,
2026-10-08T00:29:26+09:00,https://www.law.go.kr/robots.txt,robots OK,
2026-10-08T00:29:47+09:00,https://law.kofia.or.kr/robots.txt,robots OK,
2026-10-08T00:29:50+09:00,https://law.kofia.or.kr/service/law/lawFullScreenContent.do?seq=156&historySeq=451,HTTP 200,
2026-10-08T00:30:02+09:00,https://law.kofia.or.kr/robots.txt,robots OK,
2026-10-08T00:30:04+09:00,https://law.kofia.or.kr/service/law/lawFullScreenContent.do?seq=155,HTTP 200,
2026-10-08T00:30:21+09:00,https://law.kofia.or.kr/robots.txt,robots OK,
2026-10-08T00:30:24+09:00,https://law.kofia.or.kr/,HTTP 200,
2026-10-08T00:30:30+09:00,https://law.kofia.or.kr/robots.txt,robots OK,
2026-10-08T00:30:34+09:00,https://law.kofia.or.kr/service/main/main.do,HTTP 200,
2026-10-08T00:30:44+09:00,https://law.kofia.or.kr/robots.txt,robots OK,
2026-10-08T00:30:47+09:00,https://law.kofia.or.kr/service/search/searchTotal.do,HTTP 200,
2026-10-08T00:30:53+09:00,https://law.kofia.or.kr/service/search/searchTotal.do,HTTP 200,
2026-10-08T00:31:13+09:00,https://law.kofia.or.kr/robots.txt,robots OK,
2026-10-08T00:31:16+09:00,https://law.kofia.or.kr/jmove/service/page.js,HTTP 200,
2026-10-08T00:31:40+09:00,https://law.kofia.or.kr/robots.txt,robots OK,
2026-10-08T00:31:43+09:00,https://law.kofia.or.kr/service/search/searchTotal.do,HTTP 200,
2026-10-08T00:31:46+09:00,https://law.kofia.or.kr/service/search/searchTotal.do,HTTP 200,
2026-10-08T00:31:49+09:00,https://law.kofia.or.kr/service/search/searchTotal.do,HTTP 200,
2026-10-08T00:31:51+09:00,https://law.kofia.or.kr/service/search/searchTotal.do,HTTP 200,
2026-10-08T00:31:53+09:00,https://law.kofia.or.kr/service/search/searchTotal.do,HTTP 200,
2026-10-08T00:31:57+09:00,https://law.kofia.or.kr/service/search/searchTotal.do,HTTP 200,
2026-10-08T00:32:01+09:00,https://law.kofia.or.kr/service/search/searchTotal.do,HTTP 200,
2026-10-08T00:32:04+09:00,https://law.kofia.or.kr/service/search/searchTotal.do,HTTP 200,
2026-10-08T00:32:25+09:00,https://law.kofia.or.kr/robots.txt,robots OK,
2026-10-08T00:32:28+09:00,https://law.kofia.or.kr/jmove/service/common.js,HTTP 200,
2026-10-08T00:32:43+09:00,https://law.kofia.or.kr/robots.txt,robots OK,
2026-10-08T00:32:56+09:00,https://law.kofia.or.kr/service/law/lawFullScreen.do?seq=155&historySeq=1800&key=모범규준,접속 실패,UnicodeEncodeError: 'ascii' codec can't encode characters in position 62-65: ordinal not in range(128)
2026-10-08T00:33:04+09:00,https://law.kofia.or.kr/robots.txt,robots OK,
2026-10-08T00:33:06+09:00,https://law.kofia.or.kr/service/law/lawFullScreen.do?seq=155&historySeq=1800&key=%EB%AA%A8%EB%B2%94%EA%B7%9C%EC%A4%80,HTTP 200,
2026-10-08T00:34:25+09:00,https://www.hankyung.com/robots.txt,robots OK,
2026-10-08T00:34:30+09:00,https://www.kiri.or.kr/robots.txt,robots OK,
2026-10-08T00:34:32+09:00,https://www.etoday.co.kr/robots.txt,robots OK,
2026-10-08T00:34:34+09:00,https://www.inews24.com/robots.txt,robots OK,
2026-10-08T00:34:36+09:00,http://www.kcmi.re.kr/robots.txt,robots OK,
2026-10-08T00:34:39+09:00,https://www.kcmi.re.kr/robots.txt,robots OK,
2026-10-08T00:34:44+09:00,https://www.hankyung.com/robots.txt,robots OK,
2026-10-08T00:34:50+09:00,https://www.kiri.or.kr/robots.txt,robots OK,
2026-10-08T00:34:52+09:00,https://www.etoday.co.kr/robots.txt,robots OK,
2026-10-08T00:34:54+09:00,https://www.inews24.com/robots.txt,robots OK,
2026-10-08T00:34:56+09:00,http://www.kcmi.re.kr/robots.txt,robots OK,
2026-10-08T00:35:01+09:00,https://www.hankyung.com/robots.txt,robots OK,
2026-10-08T00:35:15+09:00,https://www.hankyung.com/article/2012031942166,HTTP 403,
2026-10-08T00:35:16+09:00,https://www.etoday.co.kr/robots.txt,robots OK,
2026-10-08T00:35:19+09:00,https://www.etoday.co.kr/news/view/454869,HTTP 200,
2026-10-08T00:35:20+09:00,https://www.inews24.com/robots.txt,robots OK,
2026-10-08T00:35:22+09:00,https://www.inews24.com/view/1104180,HTTP 200,
2026-10-08T00:35:26+09:00,https://www.kiri.or.kr/robots.txt,robots OK,
2026-10-08T00:35:29+09:00,https://www.kiri.or.kr/report/downloadFile.do?docId=3403,HTTP 200,
2026-10-08T00:35:30+09:00,http://www.kcmi.re.kr/robots.txt,robots OK,
2026-10-08T00:35:33+09:00,http://www.kcmi.re.kr/common/downloadw?fid=4882&fgu=002002&fty=004003,HTTP 200,
2026-10-08T00:40:29+09:00,https://www.fss.or.kr/robots.txt,robots OK,
2026-10-08T00:40:34+09:00,https://www.fss.or.kr/fss/bbs/B0000188/list.do?menuNo=200218,HTTP 200,
2026-10-08T00:41:07+09:00,https://www.fss.or.kr/robots.txt,robots OK,
2026-10-08T00:41:12+09:00,https://www.fss.or.kr/fss/bbs/B0000188/list.do?menuNo=200218&pageIndex=1&sdate=2011-01-01&edate=2016-12-31&searchCnd=3&searchWrd=%ED%86%B5%ED%95%A9%EC%9C%84%ED%97%98%EA%B4%80%EB%A6%AC,HTTP 200,
2026-10-08T00:41:18+09:00,https://www.fss.or.kr/robots.txt,robots OK,
2026-10-08T00:41:23+09:00,https://www.fss.or.kr/fss/bbs/B0000188/list.do?menuNo=200218&pageIndex=1&sdate=2011-01-01&edate=2016-12-31&searchCnd=3&searchWrd=%ED%86%B5%ED%95%A9%EC%9C%84%ED%97%98%EA%B4%80%EB%A6%AC,HTTP 200,
2026-10-08T00:41:27+09:00,https://www.fss.or.kr/fss/bbs/B0000188/list.do?menuNo=200218&pageIndex=1&sdate=2011-01-01&edate=2016-12-31&searchCnd=3&searchWrd=%ED%86%B5%ED%95%A9%EB%A6%AC%EC%8A%A4%ED%81%AC%EA%B4%80%EB%A6%AC,HTTP 200,
2026-10-08T00:41:32+09:00,https://www.fss.or.kr/fss/bbs/B0000188/list.do?menuNo=200218&pageIndex=1&sdate=2011-01-01&edate=2016-12-31&searchCnd=3&searchWrd=%ED%86%B5%ED%95%A9+%EB%A6%AC%EC%8A%A4%ED%81%AC%EA%B4%80%EB%A6%AC,HTTP 200,
2026-10-08T00:41:37+09:00,https://www.fss.or.kr/fss/bbs/B0000188/list.do?menuNo=200218&pageIndex=1&sdate=2011-01-01&edate=2016-12-31&searchCnd=3&searchWrd=%ED%86%B5%ED%95%A9+%EC%9C%84%ED%97%98%EA%B4%80%EB%A6%AC,HTTP 200,
2026-10-08T00:41:42+09:00,https://www.fss.or.kr/fss/bbs/B0000188/list.do?menuNo=200218&pageIndex=1&sdate=2011-01-01&edate=2016-12-31&searchCnd=3&searchWrd=%EB%A6%AC%EC%8A%A4%ED%81%AC%EA%B4%80%EB%A6%AC+%EB%AA%A8%EB%B2%94%EA%B7%9C%EC%A4%80,HTTP 200,
2026-10-08T00:41:46+09:00,https://www.fss.or.kr/fss/bbs/B0000188/list.do?menuNo=200218&pageIndex=1&sdate=2011-01-01&edate=2016-12-31&searchCnd=3&searchWrd=%EC%9C%84%ED%97%98%EA%B4%80%EB%A6%AC+%EB%AA%A8%EB%B2%94%EA%B7%9C%EC%A4%80,HTTP 200,
2026-10-08T00:41:51+09:00,https://www.fss.or.kr/fss/bbs/B0000188/list.do?menuNo=200218&pageIndex=1&sdate=2011-01-01&edate=2016-12-31&searchCnd=3&searchWrd=%EC%A7%80%EC%A3%BC%ED%9A%8C%EC%82%AC+%EB%A6%AC%EC%8A%A4%ED%81%AC,HTTP 200,
2026-10-08T00:41:55+09:00,https://www.fss.or.kr/fss/bbs/B0000188/list.do?menuNo=200218&pageIndex=1&sdate=2011-01-01&edate=2016-12-31&searchCnd=1&searchWrd=%EB%AA%A8%EB%B2%94%EA%B7%9C%EC%A4%80,HTTP 200,
2026-10-08T00:42:00+09:00,https://www.fss.or.kr/fss/bbs/B0000188/list.do?menuNo=200218&pageIndex=2&sdate=2011-01-01&edate=2016-12-31&searchCnd=1&searchWrd=%EB%AA%A8%EB%B2%94%EA%B7%9C%EC%A4%80,HTTP 200,
2026-10-08T00:42:04+09:00,https://www.fss.or.kr/fss/bbs/B0000188/list.do?menuNo=200218&pageIndex=3&sdate=2011-01-01&edate=2016-12-31&searchCnd=1&searchWrd=%EB%AA%A8%EB%B2%94%EA%B7%9C%EC%A4%80,HTTP 200,
2026-10-08T00:42:07+09:00,https://www.fsc.go.kr/robots.txt,robots OK,
2026-10-08T00:42:43+09:00,https://www.fsc.go.kr/no010101?srchCtgry=&curPage=1&srchKey=all&srchText=%ED%86%B5%ED%95%A9%EC%9C%84%ED%97%98%EA%B4%80%EB%A6%AC&srchBeginDt=2011-01-01&srchEndDt=2016-12-31,HTTP 200,
2026-10-08T00:43:02+09:00,https://www.fsc.go.kr/no010101?srchCtgry=&curPage=1&srchKey=all&srchText=%ED%86%B5%ED%95%A9%EB%A6%AC%EC%8A%A4%ED%81%AC%EA%B4%80%EB%A6%AC&srchBeginDt=2011-01-01&srchEndDt=2016-12-31,HTTP 200,
2026-10-08T00:43:52+09:00,https://www.fsc.go.kr/no010101?srchCtgry=&curPage=1&srchKey=all&srchText=%ED%86%B5%ED%95%A9+%EB%A6%AC%EC%8A%A4%ED%81%AC%EA%B4%80%EB%A6%AC&srchBeginDt=2011-01-01&srchEndDt=2016-12-31,접속 실패,URLError: <urlopen error [Errno 104] Connection reset by peer>
2026-10-08T00:43:59+09:00,https://www.fss.or.kr/robots.txt,robots OK,
2026-10-08T00:44:04+09:00,https://www.fss.or.kr/fss/bbs/B0000188/view.do?nttId=9084&menuNo=200218,HTTP 200,
2026-10-08T00:44:09+09:00,https://www.fss.or.kr/fss/bbs/B0000188/view.do?nttId=8584&menuNo=200218,HTTP 200,
2026-10-08T00:44:16+09:00,https://www.fss.or.kr/robots.txt,robots OK,
2026-10-08T00:44:25+09:00,https://www.fss.or.kr/fss/cmmn/file/fileDown.do?menuNo=200218&atchFileId=505b0384d2281b32d0c7deb4b422532c&fileSn=2&bbsId=,HTTP 200,
2026-10-08T00:44:27+09:00,https://www.fss.or.kr/fss/cmmn/file/fileDown.do?menuNo=200218&atchFileId=505b0384d2281b32d0c7deb4b422532c&fileSn=1&bbsId=,HTTP 200,
2026-10-08T00:44:33+09:00,https://www.fss.or.kr/fss/cmmn/file/fileDown.do?menuNo=200218&atchFileId=c680e5ac78503b9ceb330675e0014ace&fileSn=1&bbsId=,HTTP 200,
2026-10-08T00:44:36+09:00,https://www.fss.or.kr/fss/cmmn/file/fileDown.do?menuNo=200218&atchFileId=c680e5ac78503b9ceb330675e0014ace&fileSn=2&bbsId=,HTTP 200,
2026-10-08T00:45:36+09:00,https://www.fss.or.kr/robots.txt,robots OK,
2026-10-08T00:45:40+09:00,https://www.fss.or.kr/fss/job/lrgInfo/list.do?menuNo=200486,HTTP 200,
2026-10-08T00:45:44+09:00,https://www.fss.or.kr/fss/job/admnstgudc/list.do?menuNo=200492,HTTP 200,
2026-10-08T00:46:09+09:00,https://www.fss.or.kr/robots.txt,robots OK,
2026-10-08T00:46:13+09:00,https://www.fss.or.kr/fss/job/admnstgudc/list.do?menuNo=200492&pageIndex=1&searchRegn=&searchYear=&searchCecYn=T&searchWrd=%ED%86%B5%ED%95%A9%EB%A6%AC%EC%8A%A4%ED%81%AC,HTTP 200,
2026-10-08T00:46:18+09:00,https://www.fss.or.kr/fss/job/admnstgudc/list.do?menuNo=200492&pageIndex=1&searchRegn=&searchYear=&searchCecYn=T&searchWrd=%ED%86%B5%ED%95%A9%EC%9C%84%ED%97%98,HTTP 200,
2026-10-08T00:46:22+09:00,https://www.fss.or.kr/fss/job/admnstgudc/list.do?menuNo=200492&pageIndex=1&searchRegn=&searchYear=&searchCecYn=T&searchWrd=%EB%A6%AC%EC%8A%A4%ED%81%AC%EA%B4%80%EB%A6%AC+%EB%AA%A8%EB%B2%94%EA%B7%9C%EC%A4%80,HTTP 200,
2026-10-08T00:46:26+09:00,https://www.fss.or.kr/fss/job/admnstgudc/list.do?menuNo=200492&pageIndex=1&searchRegn=&searchYear=&searchCecYn=T&searchWrd=%EC%9C%84%ED%97%98%EA%B4%80%EB%A6%AC+%EB%AA%A8%EB%B2%94%EA%B7%9C%EC%A4%80,HTTP 200,
2026-10-08T00:46:31+09:00,https://www.fss.or.kr/fss/job/admnstgudc/list.do?menuNo=200492&pageIndex=1&searchRegn=&searchYear=&searchCecYn=T&searchWrd=%EC%A7%80%EC%A3%BC%ED%9A%8C%EC%82%AC,HTTP 200,
2026-10-08T00:46:35+09:00,https://www.fss.or.kr/fss/job/admnstgudc/list.do?menuNo=200492&pageIndex=1&searchRegn=&searchYear=&searchCecYn=T&searchWrd=%EC%A7%80%EC%A3%BC,HTTP 200,
2026-10-08T00:46:39+09:00,https://www.fss.or.kr/fss/job/admnstgudc/list.do?menuNo=200492&pageIndex=2&searchRegn=&searchYear=&searchCecYn=T&searchWrd=%EC%A7%80%EC%A3%BC,HTTP 200,
2026-10-08T00:46:44+09:00,https://www.fss.or.kr/fss/job/admnstgudc/list.do?menuNo=200492&pageIndex=1&searchRegn=&searchYear=&searchCecYn=T&searchWrd=%EA%B7%B8%EB%A3%B9%EB%A6%AC%EC%8A%A4%ED%81%AC,HTTP 200,
2026-10-08T00:46:48+09:00,https://www.fss.or.kr/fss/job/admnstgudc/list.do?menuNo=200492&pageIndex=1&searchRegn=&searchYear=&searchCecYn=T&searchWrd=%EB%AA%A8%EB%B2%94%EA%B7%9C%EC%A4%80,HTTP 200,
2026-10-08T00:46:52+09:00,https://www.fss.or.kr/fss/job/admnstgudc/list.do?menuNo=200492&pageIndex=2&searchRegn=&searchYear=&searchCecYn=T&searchWrd=%EB%AA%A8%EB%B2%94%EA%B7%9C%EC%A4%80,HTTP 200,
2026-10-08T00:46:57+09:00,https://www.fss.or.kr/fss/job/admnstgudc/list.do?menuNo=200492&pageIndex=3&searchRegn=&searchYear=&searchCecYn=T&searchWrd=%EB%AA%A8%EB%B2%94%EA%B7%9C%EC%A4%80,HTTP 200,
2026-10-08T00:47:01+09:00,https://www.fss.or.kr/fss/job/admnstgudc/list.do?menuNo=200492&pageIndex=4&searchRegn=&searchYear=&searchCecYn=T&searchWrd=%EB%AA%A8%EB%B2%94%EA%B7%9C%EC%A4%80,HTTP 200,
2026-10-08T00:47:05+09:00,https://www.fss.or.kr/fss/job/admnstgudc/list.do?menuNo=200492&pageIndex=5&searchRegn=&searchYear=&searchCecYn=T&searchWrd=%EB%AA%A8%EB%B2%94%EA%B7%9C%EC%A4%80,HTTP 200,
2026-10-08T00:47:10+09:00,https://www.fss.or.kr/fss/job/admnstgudc/list.do?menuNo=200492&pageIndex=6&searchRegn=&searchYear=&searchCecYn=T&searchWrd=%EB%AA%A8%EB%B2%94%EA%B7%9C%EC%A4%80,HTTP 200,
2026-10-08T00:47:14+09:00,https://www.fss.or.kr/fss/job/admnstgudc/list.do?menuNo=200492&pageIndex=7&searchRegn=&searchYear=&searchCecYn=T&searchWrd=%EB%AA%A8%EB%B2%94%EA%B7%9C%EC%A4%80,HTTP 200,
2026-10-08T00:47:30+09:00,https://www.fss.or.kr/robots.txt,robots OK,
2026-10-08T00:47:35+09:00,https://www.fss.or.kr/fss/job/admnstgudc/view.do?guGuidanceMgrSeq=20170210165649943&menuNo=200492,HTTP 200,
2026-10-08T00:47:39+09:00,https://www.fss.or.kr/fss/job/admnstgudc/view.do?guGuidanceMgrSeq=20170328150222228&menuNo=200492,HTTP 200,
2026-10-08T00:47:43+09:00,https://www.fss.or.kr/fss/job/admnstgudc/view.do?guGuidanceMgrSeq=20120320105719564&menuNo=200492,HTTP 200,
2026-10-08T00:47:57+09:00,https://www.fss.or.kr/robots.txt,robots OK,
2026-10-08T00:47:59+09:00,https://www.fss.or.kr/fss.hpdownload?path=/law/ptl/&file=2150753_20170213145817413_1.hwp&filere=%EB%B6%99%EC%9E%842_%EA%B8%88%EC%9C%B5%EC%A7%80%EC%A3%BC%ED%9A%8C%EC%82%AC+%ED%86%B5%ED%95%A9%EC%9C%84%ED%97%98%EA%B4%80%EB%A6%AC+%EB%AA%A8%EB%B2%94%EA%B7%9C%EC%A4%80+%EA%B0%9C%EC%A0%95+%ED%9B%84+%EC%A0%84%EB%AC%B8.hwp,HTTP 200,
2026-10-08T00:48:02+09:00,https://www.fss.or.kr/fss.hpdownload?path=/law/ptl/&file=2150753_20170328150222208_1.hwp&filere=%28%EB%B6%99%EC%9E%842%29+%EA%B8%88%EC%9C%B5%EC%A7%80%EC%A3%BC%ED%9A%8C%EC%82%AC+%ED%86%B5%ED%95%A9%EC%9C%84%ED%97%98%EA%B4%80%EB%A6%AC+%EB%AA%A8%EB%B2%94%EA%B7%9C%EC%A4%80.hwp,HTTP 200,
2026-10-08T00:48:28+09:00,https://www.fss.or.kr/robots.txt,robots OK,
2026-10-08T00:48:32+09:00,https://www.fss.or.kr/fss/job/admnPrvntc/list.do?menuNo=200491,HTTP 200,
2026-10-08T00:48:40+09:00,https://www.fss.or.kr/robots.txt,robots OK,
2026-10-08T00:48:45+09:00,https://www.fss.or.kr/fss/job/admnPrvntc/list.do?menuNo=200491&pageIndex=1&searchCnd=1&searchWrd=%EC%A7%80%EC%A3%BC,HTTP 200,
2026-10-08T00:48:49+09:00,https://www.fss.or.kr/fss/job/admnPrvntc/list.do?menuNo=200491&pageIndex=1&searchCnd=1&searchWrd=%ED%86%B5%ED%95%A9,HTTP 200,
2026-10-08T00:48:53+09:00,https://www.fss.or.kr/fss/job/admnPrvntc/list.do?menuNo=200491&pageIndex=1&searchCnd=1&searchWrd=%EC%9C%84%ED%97%98%EA%B4%80%EB%A6%AC,HTTP 200,
2026-10-08T00:48:58+09:00,https://www.fss.or.kr/fss/job/admnPrvntc/list.do?menuNo=200491&pageIndex=1&searchCnd=1&searchWrd=%EB%A6%AC%EC%8A%A4%ED%81%AC,HTTP 200,
2026-10-08T00:49:06+09:00,https://www.fss.or.kr/robots.txt,robots OK,
2026-10-08T00:49:11+09:00,https://www.fss.or.kr/fss/job/admnPrvntc/view.do?seqno=1&menuNo=200491,HTTP 200,
2026-10-08T00:49:15+09:00,https://www.fss.or.kr/fss/job/admnPrvntc/view.do?seqno=29&menuNo=200491,HTTP 200,
2026-10-08T00:49:19+09:00,https://www.fss.or.kr/fss/job/admnPrvntc/view.do?seqno=51&menuNo=200491,HTTP 200,
2026-10-08T00:49:23+09:00,https://www.fss.or.kr/fss/job/admnPrvntc/view.do?seqno=67&menuNo=200491,HTTP 200,
2026-10-08T00:49:39+09:00,https://www.fss.or.kr/robots.txt,robots OK,
2026-10-08T00:49:41+09:00,https://www.fss.or.kr/fss.hpdownload?path=/law/bgn/&file=%ED%86%B5%ED%95%A9%EB%A6%AC%EC%8A%A4%ED%81%AC%EA%B4%80%EB%A6%AC_%EB%AA%A8%EB%B2%94%EA%B7%9C%EC%A4%80%28%EA%B2%8C%EC%8B%9C%29F_.hwp,HTTP 200,
2026-10-08T00:49:43+09:00,https://www.fss.or.kr/fss.hpdownload?path=/law/bgn/&file=%EC%A7%80%EB%B0%B0%EA%B5%AC%EC%A1%B0%EB%B2%95+%EC%8B%9C%ED%96%89%EC%97%90+%EB%94%B0%EB%A5%B8%E3%80%8C%EA%B8%88%EC%9C%B5%EC%A7%80%EC%A3%BC%ED%9A%8C%EC%82%AC+%ED%86%B5%ED%95%A9%EB%A6%AC%EC%8A%A4%ED%81%AC%EA%B4%80%EB%A6%AC+%EB%AA%A8%EB%B2%94%EA%B7%9C%EC%A4%80%E3%80%8D%EB%B0%8F%E3%80%8C%EA%B8%88%EC%9C%B5%EC%A7%80%EC%A3%BC%ED%9A%8C%EC%82%AC%EC%9D%98+%EA%B7%B8%EB%A3%B9%EB%82%B4%EB%B6%80%ED%86%B5%EC%A0%9C%EA%B8%B0%EC%A4%80+%EB%AA%A8%EB%B2%94%EA%B7%9C%EC%A4%80%E3%80%8D+%EA%B0%9C%EC%A0%95%EC%95%88%28%ED%99%88%ED%94%BC%EA%B3%B5%EC%8B%9C%29.hwp,HTTP 200,
2026-10-08T00:59:26+09:00,https://www.fsc.go.kr/robots.txt,robots OK,
2026-10-08T00:59:31+09:00,https://www.fsc.go.kr/no010101?srchCtgry=&curPage=1&srchKey=all&srchText=%ED%86%B5%ED%95%A9+%EB%A6%AC%EC%8A%A4%ED%81%AC%EA%B4%80%EB%A6%AC&srchBeginDt=2011-01-01&srchEndDt=2016-12-31,HTTP 200,
2026-10-08T00:59:35+09:00,https://www.fsc.go.kr/no010101?srchCtgry=&curPage=1&srchKey=all&srchText=%ED%86%B5%ED%95%A9+%EC%9C%84%ED%97%98%EA%B4%80%EB%A6%AC&srchBeginDt=2011-01-01&srchEndDt=2016-12-31,HTTP 200,
2026-10-08T00:59:39+09:00,https://www.fsc.go.kr/no010101?srchCtgry=&curPage=1&srchKey=all&srchText=%EB%A6%AC%EC%8A%A4%ED%81%AC%EA%B4%80%EB%A6%AC+%EB%AA%A8%EB%B2%94%EA%B7%9C%EC%A4%80&srchBeginDt=2011-01-01&srchEndDt=2016-12-31,HTTP 200,
2026-10-08T00:59:44+09:00,https://www.fsc.go.kr/no010101?srchCtgry=&curPage=1&srchKey=all&srchText=%EC%9C%84%ED%97%98%EA%B4%80%EB%A6%AC+%EB%AA%A8%EB%B2%94%EA%B7%9C%EC%A4%80&srchBeginDt=2011-01-01&srchEndDt=2016-12-31,HTTP 200,
2026-10-08T01:00:20+09:00,https://www.fsc.go.kr/no010101?srchCtgry=&curPage=1&srchKey=all&srchText=%EC%A7%80%EC%A3%BC%ED%9A%8C%EC%82%AC+%EB%A6%AC%EC%8A%A4%ED%81%AC&srchBeginDt=2011-01-01&srchEndDt=2016-12-31,HTTP 200,
2026-10-08T01:00:23+09:00,https://www.fsc.go.kr/no010101?srchCtgry=&curPage=1&srchKey=sj&srchText=%EB%AA%A8%EB%B2%94%EA%B7%9C%EC%A4%80&srchBeginDt=2011-01-01&srchEndDt=2016-12-31,HTTP 200,
