회사,규정명,조번호,조제목,문서,접수번호또는URL,쪽,전문여부
KB금융지주,리스크관리위원회규정,제1조,목적,KB금융지주 「2025년 지배구조 및 보수체계 연차보고서」 공시 — 첨부 9,https://www.kbfg.com/api/download/board/14406,p.305,Y(전문)
KB금융지주,리스크관리위원회규정,제2조,구성,KB금융지주 「2025년 지배구조 및 보수체계 연차보고서」 공시 — 첨부 9,https://www.kbfg.com/api/download/board/14406,p.305,Y(전문)
KB금융지주,리스크관리위원회규정,제3조,기능,KB금융지주 「2025년 지배구조 및 보수체계 연차보고서」 공시 — 첨부 9,https://www.kbfg.com/api/download/board/14406,p.305,Y(전문)
KB금융지주,리스크관리위원회규정,제4조,결의사항 등,KB금융지주 「2025년 지배구조 및 보수체계 연차보고서」 공시 — 첨부 9,https://www.kbfg.com/api/download/board/14406,p.305,Y(전문)
KB금융지주,리스크관리위원회규정,제5조,소집,KB금융지주 「2025년 지배구조 및 보수체계 연차보고서」 공시 — 첨부 9,https://www.kbfg.com/api/download/board/14406,p.307,Y(전문)
KB금융지주,리스크관리위원회규정,제6조,결의방법,KB금융지주 「2025년 지배구조 및 보수체계 연차보고서」 공시 — 첨부 9,https://www.kbfg.com/api/download/board/14406,p.307,Y(전문)
KB금융지주,리스크관리위원회규정,제7조,의사록,KB금융지주 「2025년 지배구조 및 보수체계 연차보고서」 공시 — 첨부 9,https://www.kbfg.com/api/download/board/14406,p.307,Y(전문)
KB금융지주,리스크관리위원회규정,제8조,관계인의 출석 및 의견청취,KB금융지주 「2025년 지배구조 및 보수체계 연차보고서」 공시 — 첨부 9,https://www.kbfg.com/api/download/board/14406,p.308,Y(전문)
KB금융지주,리스크관리위원회규정,제9조,외부자원의 활용,KB금융지주 「2025년 지배구조 및 보수체계 연차보고서」 공시 — 첨부 9,https://www.kbfg.com/api/download/board/14406,p.308,Y(전문)
KB금융지주,리스크관리위원회규정,제10조,간사,KB금융지주 「2025년 지배구조 및 보수체계 연차보고서」 공시 — 첨부 9,https://www.kbfg.com/api/download/board/14406,p.308,Y(전문)
KB금융지주,리스크관리위원회규정,제11조,리스크관리협의회,KB금융지주 「2025년 지배구조 및 보수체계 연차보고서」 공시 — 첨부 9,https://www.kbfg.com/api/download/board/14406,p.308,Y(전문)
KB금융지주,리스크관리위원회규정,제12조,준용규정,KB금융지주 「2025년 지배구조 및 보수체계 연차보고서」 공시 — 첨부 9,https://www.kbfg.com/api/download/board/14406,p.308,Y(전문)
KB금융지주,리스크관리규정,(조문 목차 추출 범위에 없음),-,KB금융지주 「2025년 지배구조 및 보수체계 연차보고서」 공시 p.25 본문(연혁만),https://www.kbfg.com/api/download/board/14406,p.25,"N — 첨부 1~14 에서 추출 범위에 없음(1-1 표), 제정(2008.11.14)·개정 7회 연혁만"
KB금융지주,리스크관리협의회규정,제2조,(조 제목 추출 범위에 없음 — 본문 인용 맥락: 구성),KB금융지주 「2025년 지배구조 및 보수체계 연차보고서」 공시 p.202 본문,https://www.kbfg.com/api/download/board/14406,p.202,N — 조 번호 인용만
KB금융지주,리스크관리협의회규정,제6조,(조 제목 추출 범위에 없음 — 본문 인용 맥락: 소집),KB금융지주 「2025년 지배구조 및 보수체계 연차보고서」 공시 p.202 본문,https://www.kbfg.com/api/download/board/14406,p.202,N — 조 번호 인용만
KB금융지주,리스크관리정책,(조문 목차 추출 범위에 없음),-,KB금융지주 「2025년 지배구조 및 보수체계 연차보고서」 공시 p.25–26 본문,https://www.kbfg.com/api/download/board/14406,p.25–p.26,N — 제정(2025.3.26 시행) 사실·요지만
KB금융지주,그룹자체정상화계획위원회규정,(조문 목차 추출 범위에 없음),-,KB금융지주 「2025년 지배구조 및 보수체계 연차보고서」 공시 — 첨부 2 이사회규정 [별표] 14호,https://www.kbfg.com/api/download/board/14406,p.264,N — 이름만
KB금융지주,내부통제규정,(조문 목차 추출 범위에 없음),-,KB금융지주 「2025년 지배구조 및 보수체계 연차보고서」 공시 p.24 본문(연혁만),https://www.kbfg.com/api/download/board/14406,p.24,N — 2012.4.27 「의사전달방법 관련 조문 신설」 연혁만
