회사,모범규준_조,조_제목,지시서_핵심,상태,있는_핵심,빠진_핵심,근거,찾은_방법,비고
KB금융지주,3,적용대상,위험이 경미한 자회사를 적용에서 빼는 기준,"일부(가까운 글만, 위험이 경미한 자회사를 적용에서 빼는 기준 추출 범위에 없음)",-(가까운 글만),위험이 경미한 자회사를 적용에서 빼는 기준,"K-10(handoff/13차_산출물/9-4_KB금융지주.md:371 · KB금융지주 「2025년 지배구조 및 보수체계 연차보고서」 공시 · https://www.kbfg.com/api/download/board/14406 · p.202–p.203); K-22(handoff/13차_산출물/9-4_KB금융지주.md:714 · KB금융지주 사업보고서 (2025.12) · 접수번호 20260313001191 · p.276); K-28(handoff/13차_산출물/9-4_KB금융지주.md:1036 · KB금융지주 「2026년 상반기 KB금융지주 현황」(경영공시, 게시 2026-08-31) · https://www.kbfg.com/api/download/board/14863 · p.98); K-27(handoff/13차_산출물/9-4_KB금융지주.md:1053 · KB금융지주 「2026년 상반기 KB금융지주 현황」(경영공시, 게시 2026-08-31) · https://www.kbfg.com/api/download/board/14863 · p.191)","찾은 범위: 연차보고서 p.1–p.328, 사업보고서 p.1–p.1075, 경영공시 p.1–p.204 전 쪽 — 검색어는 5장 「3조」 줄. 반박 검색(검증 2026-10-08(KST)): 검색어 경미·소규모·중요성·적용 배제/제외/예외·측정/관리 대상 — 같은 세 문서·대조판과 같은 회사 FY2023·FY2024 사업보고서(`dart_out/text/risk9/`)의 모든 줄, 결과 ‘반박 실패’(정규식 전문은 맨 끝 검증 기록 표). · 5장 정규식(3조): `적용\s*(범위¦대상¦배제¦제외¦예외)¦경미¦미미¦대상에서\s*제외¦산출\s*대상에서\s*제외¦측정\s*계열사¦연결자산의\s*1%¦감독목적의?\s*연결`","가까운 글(판단): 금리리스크 측정 계열사 기준(연결자산 1% 초과·예수금 보유, K-27), 보험 종속기업 지침 적용 제외(K-22), 감독목적 연결범위 보험사 제외(K-28), 리스크관리협의회 위원 범위(K-10)"
KB금융지주,4,위험관리 철학,위험관리 철학·원칙 문구(내규),받은 글,"위험관리 철학·원칙 문구(내규) — 철학을 둔 내규(리스크관리정책 — 철학 및 원칙 규정, K-03·K-04), 철학 문구(K-05)",-,K-03(handoff/13차_산출물/9-4_KB금융지주.md:149 · KB금융지주 「2025년 지배구조 및 보수체계 연차보고서」 공시 · https://www.kbfg.com/api/download/board/14406 · p.25); K-04(handoff/13차_산출물/9-4_KB금융지주.md:163 · KB금융지주 「2025년 지배구조 및 보수체계 연차보고서」 공시 · https://www.kbfg.com/api/download/board/14406 · p.26); K-05(handoff/13차_산출물/9-4_KB금융지주.md:273 · KB금융지주 「2025년 지배구조 및 보수체계 연차보고서」 공시 · https://www.kbfg.com/api/download/board/14406 · p.161),"찾은 범위: 연차보고서 p.1–p.328, 사업보고서 p.1–p.1075, 경영공시 p.1–p.204 전 쪽 — 검색어는 5장 「4·5조」 줄. 반박 검색(검증 2026-10-08(KST)): 검색어 철학·원칙·기본방침·리스크 문화·위험성향·리스크관리정책·정책규정 — 같은 세 문서·대조판과 같은 회사 FY2023·FY2024 사업보고서(`dart_out/text/risk9/`)의 모든 줄, 결과 ‘반박 실패(관련 글 추가)’(정규식 전문은 맨 끝 검증 기록 표). · 5장 정규식(4·5조): `철학¦리스크\s*관리\s*원칙¦위험\s*관리\s*원칙¦리스크관리정책¦위험관리정책¦최상위\s*(가치)?\s*규범`",철학 문구는 리스크관리위원회 서술 속 인용(K-05) — 리스크관리정책 본문은 추출 범위에 없어 문구가 정책 본문과 같은지는 확인 못 함(판단)
KB금융지주,5,위험관리 원칙,위험관리 철학·원칙 문구(내규),"일부(위험관리 철학·원칙 문구(내규 이름) 있음, 위험관리 철학·원칙 문구(원칙) 추출 범위에 없음)","위험관리 철학·원칙 문구(내규 이름) — 원칙을 둔 내규(리스크관리정책, K-03·K-04)",위험관리 철학·원칙 문구(원칙),K-03(handoff/13차_산출물/9-4_KB금융지주.md:149 · KB금융지주 「2025년 지배구조 및 보수체계 연차보고서」 공시 · https://www.kbfg.com/api/download/board/14406 · p.25); K-04(handoff/13차_산출물/9-4_KB금융지주.md:163 · KB금융지주 「2025년 지배구조 및 보수체계 연차보고서」 공시 · https://www.kbfg.com/api/download/board/14406 · p.26); K-05(handoff/13차_산출물/9-4_KB금융지주.md:273 · KB금융지주 「2025년 지배구조 및 보수체계 연차보고서」 공시 · https://www.kbfg.com/api/download/board/14406 · p.161); K-32(handoff/13차_산출물/9-4_KB금융지주.md:290 · KB금융지주 「2025년 지배구조 및 보수체계 연차보고서」 공시 · https://www.kbfg.com/api/download/board/14406 · p.161),"찾은 범위: 연차보고서 p.1–p.328, 사업보고서 p.1–p.1075, 경영공시 p.1–p.204 전 쪽 — 검색어는 5장 「4·5조」 줄. 반박 검색(검증 2026-10-08(KST)): 검색어 철학·원칙·기본방침·리스크 문화·위험성향·리스크관리정책·정책규정 — 같은 세 문서·대조판과 같은 회사 FY2023·FY2024 사업보고서(`dart_out/text/risk9/`)의 모든 줄, 결과 ‘반박 실패(관련 글 추가)’(정규식 전문은 맨 끝 검증 기록 표). · 5장 정규식(4·5조): `철학¦리스크\s*관리\s*원칙¦위험\s*관리\s*원칙¦리스크관리정책¦위험관리정책¦최상위\s*(가치)?\s*규범`",가까운 글(판단): 리스크관리위원회의 리스크관리 전략 수립 목록(K-32)
KB금융지주,17,의사전달체계,지주가 자회사에 의사를 전달하는 문서 형식,"일부(가까운 글만, 지주가 자회사에 의사를 전달하는 문서 형식 추출 범위에 없음)",-(가까운 글만),지주가 자회사에 의사를 전달하는 문서 형식,K-02(handoff/13차_산출물/9-4_KB금융지주.md:86 · KB금융지주 「2025년 지배구조 및 보수체계 연차보고서」 공시 · https://www.kbfg.com/api/download/board/14406 · p.24); K-29(handoff/13차_산출물/9-4_KB금융지주.md:353 · KB금융지주 「2025년 지배구조 및 보수체계 연차보고서」 공시 · https://www.kbfg.com/api/download/board/14406 · p.198),"찾은 범위: 연차보고서 p.1–p.328, 사업보고서 p.1–p.1075, 경영공시 p.1–p.204 전 쪽 — 검색어는 5장 「17조」 줄. 반박 검색(검증 2026-10-08(KST)): 검색어 의사전달·공문·서면·문서·통보·지시·요청·권고·가이드라인 — 같은 세 문서·대조판과 같은 회사 FY2023·FY2024 사업보고서(`dart_out/text/risk9/`)의 모든 줄, 결과 ‘일부 반박’(정규식 전문은 맨 끝 검증 기록 표). · 5장 정규식(17조): `의사\s*전달¦공식\s*문서¦공문¦전자\s*문서¦업무\s*연락¦서면\s*(으로¦통보¦통지)`","가까운 글(판단): 그룹 경영관리위원회가 계열사 부의 사항을 문서로 요청받고 심의 의견을 문서로 통보(K-29), 내부통제규정 2012.4.27 의사전달방법 관련 조문 신설 연혁(K-02 — 조문은 추출 범위에 없음)"
KB금융지주,21,신용위험,지주 차원의 유형별 측정 방법 · 연결 측정 여부,받은 글,"지주 차원의 유형별 측정 방법 — 예상손실·경제적자본(내부자본) 측정(K-16·K-21), 그룹 내부등급법(K-19) · 연결 측정 여부 — 연결실체 측정 문장(K-21)",-,K-06(handoff/13차_산출물/9-4_KB금융지주.md:313 · KB금융지주 「2025년 지배구조 및 보수체계 연차보고서」 공시 · https://www.kbfg.com/api/download/board/14406 · p.162); K-20(handoff/13차_산출물/9-4_KB금융지주.md:668 · KB금융지주 사업보고서 (2025.12) · 접수번호 20260313001191 · p.257); K-21(handoff/13차_산출물/9-4_KB금융지주.md:691 · KB금융지주 사업보고서 (2025.12) · 접수번호 20260313001191 · p.259); K-15(handoff/13차_산출물/9-4_KB금융지주.md:835 · KB금융지주 사업보고서 (2025.12) · 접수번호 20260313001191 · p.796); K-16(handoff/13차_산출물/9-4_KB금융지주.md:881 · KB금융지주 사업보고서 (2025.12) · 접수번호 20260313001191 · p.797–p.798); K-19(handoff/13차_산출물/9-4_KB금융지주.md:991 · KB금융지주 사업보고서 (2025.12) · 접수번호 20260313001191 · p.800),"찾은 범위: 연차보고서 p.1–p.328, 사업보고서 p.1–p.1075, 경영공시 p.1–p.204 전 쪽 — 검색어는 5장 「21조」 줄. 반박 검색(검증 2026-10-08(KST)): 검색어 그룹·연결·통합 + 신용/시장/금리 + 측정·산출·합산, 단순합, 분산효과 — 같은 세 문서·대조판과 같은 회사 FY2023·FY2024 사업보고서(`dart_out/text/risk9/`)의 모든 줄, 결과 ‘반박 실패’(정규식 전문은 맨 끝 검증 기록 표). · 5장 정규식(21조): `신용\s*(리스크¦위험)¦내부등급법` · 5장 정규식(21·22·24 연결): `연결\s*(기준¦실체)¦그룹\s*(통합¦차원)¦통합\s*(리스크¦위험)¦단순\s*(합¦합산)`",판정 원문 조각(8사 공통 잣대 (a) — 측정 주체·기준 「연결」 낱말): 「연결실체는 난내 및 난외거래를 포함한 신용위험관리 대상자산에 대해 예상손실(Expected Loss)및 경제적자본(Economic Capital)을 측정하여 관리지표로 사용」(K-21). 연결 기준 측정과 단순 합산을 가르는 글은 인용 글에 나오지 않음(수집 note 의 관찰 그대로)
KB금융지주,22,시장위험,지주 차원의 유형별 측정 방법 · 연결 측정 여부,"일부(지주 차원의 유형별 측정 방법 있음, 연결 측정 여부 추출 범위에 없음)","지주 차원의 유형별 측정 방법 — 시장리스크 내부자본 한도·계열사 시스템 산출 후 그룹 포트폴리오 관리(K-17), 바젤Ⅲ 표준방법(K-19·K-23)",연결 측정 여부,K-20(handoff/13차_산출물/9-4_KB금융지주.md:668 · KB금융지주 사업보고서 (2025.12) · 접수번호 20260313001191 · p.257); K-22(handoff/13차_산출물/9-4_KB금융지주.md:714 · KB금융지주 사업보고서 (2025.12) · 접수번호 20260313001191 · p.276); K-23(handoff/13차_산출물/9-4_KB금융지주.md:741 · KB금융지주 사업보고서 (2025.12) · 접수번호 20260313001191 · p.277); K-15(handoff/13차_산출물/9-4_KB금융지주.md:835 · KB금융지주 사업보고서 (2025.12) · 접수번호 20260313001191 · p.796); K-17(handoff/13차_산출물/9-4_KB금융지주.md:917 · KB금융지주 사업보고서 (2025.12) · 접수번호 20260313001191 · p.798); K-19(handoff/13차_산출물/9-4_KB금융지주.md:991 · KB금융지주 사업보고서 (2025.12) · 접수번호 20260313001191 · p.800),"찾은 범위: 연차보고서 p.1–p.328, 사업보고서 p.1–p.1075, 경영공시 p.1–p.204 전 쪽 — 검색어는 5장 「22조」 줄. · 5장 정규식(22조): `시장\s*(리스크¦위험)¦VaR` · 5장 정규식(21·22·24 연결): `연결\s*(기준¦실체)¦그룹\s*(통합¦차원)¦통합\s*(리스크¦위험)¦단순\s*(합¦합산)` · 반박 검색(검증 기록 표 ‘21·22·24’, 같은 세 문서·대조판과 FY2023·FY2024 사업보고서): 검색어 그룹·연결·통합 + 신용/시장/금리 + 측정·산출·합산, 단순합, 분산효과","가까운 글(판단) — 판정 원문 조각(8사 공통 잣대 (b) — 연결·합산 기준 낱말이 그 문장에 나오지 않음): 「연결실체의 종속기업은 '23.1월부터 바젤Ⅲ 표준방법」·「시장리스크를 측정 및 포트폴리오 차원에서 관리」(K-23 — 측정 주체가 종속기업, 포트폴리오 차원), 「그룹은 일반적으로 트레이딩 포지션에서 발생하는 시장리스크를 포트폴리오 수준에서 관리」(K-17)"
KB금융지주,24,금리위험,지주 차원의 유형별 측정 방법 · 연결 측정 여부,"일부(지주 차원의 유형별 측정 방법 있음, 연결 측정 여부(지주 전체 기준) 추출 범위에 없음)",지주 차원의 유형별 측정 방법 — △EVE·△NII·Historical-Simulation·금리리스크 내부자본 한도(K-18·K-24) · 연결 측정 여부(비은행 계열사 넷) — 단순합(K-27),연결 측정 여부(지주 전체 기준),"K-20(handoff/13차_산출물/9-4_KB금융지주.md:668 · KB금융지주 사업보고서 (2025.12) · 접수번호 20260313001191 · p.257); K-22(handoff/13차_산출물/9-4_KB금융지주.md:714 · KB금융지주 사업보고서 (2025.12) · 접수번호 20260313001191 · p.276); K-24(handoff/13차_산출물/9-4_KB금융지주.md:764 · KB금융지주 사업보고서 (2025.12) · 접수번호 20260313001191 · p.279); K-15(handoff/13차_산출물/9-4_KB금융지주.md:835 · KB금융지주 사업보고서 (2025.12) · 접수번호 20260313001191 · p.796); K-18(handoff/13차_산출물/9-4_KB금융지주.md:957 · KB금융지주 사업보고서 (2025.12) · 접수번호 20260313001191 · p.798–p.799); K-27(handoff/13차_산출물/9-4_KB금융지주.md:1053 · KB금융지주 「2026년 상반기 KB금융지주 현황」(경영공시, 게시 2026-08-31) · https://www.kbfg.com/api/download/board/14863 · p.191)","찾은 범위: 연차보고서 p.1–p.328, 사업보고서 p.1–p.1075, 경영공시 p.1–p.204 전 쪽 — 검색어는 5장 「24조」 줄. · 5장 정규식(24조): `금리\s*(리스크¦위험)¦이자율\s*(리스크¦위험)¦IRRBB¦EVE¦NII¦EaR` · 5장 정규식(21·22·24 연결): `연결\s*(기준¦실체)¦그룹\s*(통합¦차원)¦통합\s*(리스크¦위험)¦단순\s*(합¦합산)` · 반박 검색(검증 기록 표 ‘21·22·24’, 같은 세 문서·대조판과 FY2023·FY2024 사업보고서): 검색어 그룹·연결·통합 + 신용/시장/금리 + 측정·산출·합산, 단순합, 분산효과","판정 원문 조각(8사 공통 잣대 (c) — 일부 자회사만의 합산): 「KB증권, KB국민카드, KB캐피탈, KB저축은행의 IRRBB 시나리오별 △EVE/△NII 단순합임」(K-27 — 비은행 계열사 넷만) — 은행 포함 지주 전체 기준 연결 측정·합산은 추출 범위에 없음; 보험계열사는 K-ICS(K-22·K-27)"
KB금융지주,27,전략 및 평판위험,관리 체제 · 측정이나 평가 수단,"일부(가까운 글만, 관리 체제·측정이나 평가 수단 추출 범위에 없음)",-(가까운 글만),관리 체제 · 측정이나 평가 수단,K-20(handoff/13차_산출물/9-4_KB금융지주.md:668 · KB금융지주 사업보고서 (2025.12) · 접수번호 20260313001191 · p.257); K-15(handoff/13차_산출물/9-4_KB금융지주.md:835 · KB금융지주 사업보고서 (2025.12) · 접수번호 20260313001191 · p.796),"찾은 범위: 연차보고서 p.1–p.328, 사업보고서 p.1–p.1075, 경영공시 p.1–p.204 전 쪽 — 검색어는 5장 「27조」 줄. 반박 검색(검증 2026-10-08(KST)): 검색어 평판·명성·이미지·전략/사업/비재무/잠재/신규/중요 리스크·기후·ESG·여론·언론 — 같은 세 문서·대조판과 같은 회사 FY2023·FY2024 사업보고서(`dart_out/text/risk9/`)의 모든 줄, 결과 ‘반박 실패’(정규식 전문은 맨 끝 검증 기록 표). · 5장 정규식(27조): `전략\s*(리스크¦위험)¦평판\s*(리스크¦위험)¦평판¦Reputation`",가까운 글(판단): 중요 리스크(전략·평판 포함)를 내부자본 또는 VaR 형태로 계량화한다는 공통 서술(K-15·K-20)
KB금융지주,34,해외위험 관리,총괄 · 사전 검토 · 정기 점검·보고,"일부(가까운 글만, 총괄·사전 검토·정기 점검·보고 추출 범위에 없음)",-(가까운 글만),총괄 · 사전 검토 · 정기 점검·보고,K-01(handoff/13차_산출물/9-4_KB금융지주.md:120 · KB금융지주 「2025년 지배구조 및 보수체계 연차보고서」 공시 · https://www.kbfg.com/api/download/board/14406 · p.25); K-07(handoff/13차_산출물/9-4_KB금융지주.md:183 · KB금융지주 「2025년 지배구조 및 보수체계 연차보고서」 공시 · https://www.kbfg.com/api/download/board/14406 · p.36); K-30(handoff/13차_산출물/9-4_KB금융지주.md:210 · KB금융지주 「2025년 지배구조 및 보수체계 연차보고서」 공시 · https://www.kbfg.com/api/download/board/14406 · p.119–p.120); K-30b(handoff/13차_산출물/9-4_KB금융지주.md:237 · KB금융지주 사업보고서 (2024.12) · 접수번호 20250314001704 · p.717); K-06(handoff/13차_산출물/9-4_KB금융지주.md:313 · KB금융지주 「2025년 지배구조 및 보수체계 연차보고서」 공시 · https://www.kbfg.com/api/download/board/14406 · p.162); K-14(handoff/13차_산출물/9-4_KB금융지주.md:554 · KB금융지주 「2025년 지배구조 및 보수체계 연차보고서」 공시 · https://www.kbfg.com/api/download/board/14406 · p.305–p.308),"찾은 범위: 연차보고서 p.1–p.328, 사업보고서 p.1–p.1075, 경영공시 p.1–p.204 전 쪽 — 검색어는 5장 「34조」 줄. 반박 검색(검증 2026-10-08(KST)): 검색어 해외·글로벌·국외·국가·국별·현지·외국·역외·신흥국·Global·Overseas·진출 — 같은 세 문서·대조판과 같은 회사 FY2023·FY2024 사업보고서(`dart_out/text/risk9/`)의 모든 줄, 결과 ‘일부 반박’(정규식 전문은 맨 끝 검증 기록 표). · 5장 정규식(34조): `해외¦글로벌¦국외¦국가\s*(별¦위험¦리스크¦익스포)¦국별¦현지\s*법인¦Country`","가까운 글(판단): 국별 익스포져 한도(K-06), 신규사업 진출 사전 리스크 검토 개정 연혁(K-01 — 해외를 따로 적지 않음), 리스크관리위원회규정 신사업 진출 심의(K-14), KB Bank(Indonesia) Recovery Plan 이사회 보고(K-07), 사외이사의 법률 리스크 사전 검토 의견(K-30·K-30b)"
KB금융지주,53,위기대응조직,구성 · 전환 요건,"일부(가까운 글만, 구성·전환 요건 추출 범위에 없음)",-(가까운 글만),구성 · 전환 요건,K-08(handoff/13차_산출물/9-4_KB금융지주.md:199 · KB금융지주 「2025년 지배구조 및 보수체계 연차보고서」 공시 · https://www.kbfg.com/api/download/board/14406 · p.50); K-09(handoff/13차_산출물/9-4_KB금융지주.md:337 · KB금융지주 「2025년 지배구조 및 보수체계 연차보고서」 공시 · https://www.kbfg.com/api/download/board/14406 · p.172); K-10(handoff/13차_산출물/9-4_KB금융지주.md:371 · KB금융지주 「2025년 지배구조 및 보수체계 연차보고서」 공시 · https://www.kbfg.com/api/download/board/14406 · p.202–p.203); K-11(handoff/13차_산출물/9-4_KB금융지주.md:459 · KB금융지주 「2025년 지배구조 및 보수체계 연차보고서」 공시 · https://www.kbfg.com/api/download/board/14406 · p.203–p.204); K-12(handoff/13차_산출물/9-4_KB금융지주.md:500 · KB금융지주 「2025년 지배구조 및 보수체계 연차보고서」 공시 · https://www.kbfg.com/api/download/board/14406 · p.260); K-13(handoff/13차_산출물/9-4_KB금융지주.md:513 · KB금융지주 「2025년 지배구조 및 보수체계 연차보고서」 공시 · https://www.kbfg.com/api/download/board/14406 · p.264–p.265); K-14(handoff/13차_산출물/9-4_KB금융지주.md:554 · KB금융지주 「2025년 지배구조 및 보수체계 연차보고서」 공시 · https://www.kbfg.com/api/download/board/14406 · p.305–p.308); K-25(handoff/13차_산출물/9-4_KB금융지주.md:798 · KB금융지주 사업보고서 (2025.12) · 접수번호 20260313001191 · p.780); K-26(handoff/13차_산출물/9-4_KB금융지주.md:814 · KB금융지주 사업보고서 (2025.12) · 접수번호 20260313001191 · p.781),"찾은 범위: 연차보고서 p.1–p.328, 사업보고서 p.1–p.1075, 경영공시 p.1–p.204 전 쪽 — 검색어는 5장 「53조」 줄. 반박 검색(검증 2026-10-08(KST)): 검색어 위기·비상·컨틴전시·대응/대책 조직·Crisis·자체정상화·Recovery — 같은 세 문서·대조판과 같은 회사 FY2023·FY2024 사업보고서(`dart_out/text/risk9/`)의 모든 줄, 결과 ‘반박 실패’(정규식 전문은 맨 끝 검증 기록 표). · 5장 정규식(53조): `위기\s*대응¦위기\s*관리¦비상\s*(계획¦대책¦조달¦경영¦대응)¦컨틴전시¦Contingency¦자체\s*정상화¦위기관리위원회¦위기관리협의회`","가까운 글(판단): 리스크관리협의회가 유동성 위기상황 진단 시 유동성 비상대책 조직 가동(K-25 — 유동성 한정), 그룹자체정상화계획위원회규정 이름(K-12·K-13), 통합위기상황 분석·유동성 비상조달계획(K-08·K-09)"
KB금융지주,55,조기경보체계,지표 목록 · 발령 단계,"일부(가까운 글만, 지표 목록·발령 단계 추출 범위에 없음)",-(가까운 글만),지표 목록 · 발령 단계,K-09(handoff/13차_산출물/9-4_KB금융지주.md:337 · KB금융지주 「2025년 지배구조 및 보수체계 연차보고서」 공시 · https://www.kbfg.com/api/download/board/14406 · p.172); K-10(handoff/13차_산출물/9-4_KB금융지주.md:371 · KB금융지주 「2025년 지배구조 및 보수체계 연차보고서」 공시 · https://www.kbfg.com/api/download/board/14406 · p.202–p.203); K-11(handoff/13차_산출물/9-4_KB금융지주.md:459 · KB금융지주 「2025년 지배구조 및 보수체계 연차보고서」 공시 · https://www.kbfg.com/api/download/board/14406 · p.203–p.204); K-14(handoff/13차_산출물/9-4_KB금융지주.md:554 · KB금융지주 「2025년 지배구조 및 보수체계 연차보고서」 공시 · https://www.kbfg.com/api/download/board/14406 · p.305–p.308); K-25(handoff/13차_산출물/9-4_KB금융지주.md:798 · KB금융지주 사업보고서 (2025.12) · 접수번호 20260313001191 · p.780); K-26(handoff/13차_산출물/9-4_KB금융지주.md:814 · KB금융지주 사업보고서 (2025.12) · 접수번호 20260313001191 · p.781); K-31(handoff/13차_산출물/9-4_KB금융지주.md:1080 · KB금융지주 사업보고서 (2023.12) · 접수번호 20240314001585 · p.687),"찾은 범위: 연차보고서 p.1–p.328, 사업보고서 p.1–p.1075, 경영공시 p.1–p.204 전 쪽 — 검색어는 5장 「55조」 줄. 반박 검색(검증 2026-10-08(KST)): 검색어 조기경보·경보·경고·징후·위기단계·관심/주의/경계/심각 단계·Trigger·임계·발령·KRI·Risk Map·상황판 — 같은 세 문서·대조판과 같은 회사 FY2023·FY2024 사업보고서(`dart_out/text/risk9/`)의 모든 줄, 결과 ‘일부 반박’(정규식 전문은 맨 끝 검증 기록 표). · 5장 정규식(55조): `조기\s*경보¦위기\s*징후¦Early\s*Warning¦EWS¦위기\s*(단계¦상황\s*단계)¦주의\s*단계¦위기\s*인식¦임계\s*(치¦수준¦값¦점)¦Trigger¦Risk\s*Map¦경보\s*(체계¦지표¦발령¦단계)`","가까운 글(판단): 시장리스크 위기상황 주의단계 진단·해제(K-11 — 단계 이름 하나), 통합 LCR 임계치 변경(K-31 — 지표 이름 하나), 국민은행 유동성 조기경보(K-26 — 자회사)"
신한금융지주,3,적용대상,위험이 경미한 자회사를 적용에서 빼는 기준,"일부(가까운 글만, 위험이 경미한 자회사를 적용에서 빼는 기준 추출 범위에 없음)",-(가까운 글만),위험이 경미한 자회사를 적용에서 빼는 기준,"S-04(handoff/13차_산출물/9-4_신한금융지주.md:250 · 신한금융지주회사 2025 지배구조 및 보수체계 연차보고서 공시 · https://www.shinhangroup.com/main/downloadAttach?attachNo=55653e68caad4dffa2f2e55c8401e6cb&seq=1 · p.160); S-14(handoff/13차_산출물/9-4_신한금융지주.md:405 · 신한금융지주회사 2025 지배구조 및 보수체계 연차보고서 공시 · https://www.shinhangroup.com/main/downloadAttach?attachNo=55653e68caad4dffa2f2e55c8401e6cb&seq=1 · p.193); S-17(handoff/13차_산출물/9-4_신한금융지주.md:767 · 신한금융지주 사업보고서 (2025.12) · 접수번호 20260318000826 · p.792–p.793); S-23(handoff/13차_산출물/9-4_신한금융지주.md:947 · 신한금융지주 사업보고서 (2025.12) · 접수번호 20260318000826 · p.798); S-27(handoff/13차_산출물/9-4_신한금융지주.md:1077 · 신한금융지주 「2026년 상반기 신한금융지주회사 현황」(경영공시, 게시 2026-08-31) · https://www.shinhangroup.com/main/downloadAttach?attachNo=952cc7137d344eaebd5df5a8191a45bf&seq=1 · p.62)","찾은 범위: 연차보고서 p.1–p.316, 사업보고서 p.1–p.1065, 경영공시 p.1–p.145 전 쪽 — 검색어는 5장 「3조」 줄. 반박 검색(검증 2026-10-08(KST)): 검색어 경미·소규모·중요성·적용 배제/제외/예외·측정/관리 대상 — 같은 세 문서·대조판과 같은 회사 FY2023·FY2024 사업보고서(`dart_out/text/risk9/`)의 모든 줄, 결과 ‘반박 실패’(정규식 전문은 맨 끝 검증 기록 표). · 5장 정규식(3조): `적용\s*(범위¦대상¦배제¦제외¦예외)¦경미¦미미¦대상에서\s*제외¦산출\s*대상에서\s*제외¦측정\s*계열사¦연결자산의\s*1%¦감독목적의?\s*연결`","가까운 글(판단): 리스크총한도 대상 자회사 목록(S-04), 그룹리스크협의회 구성 범위(S-14), 국외소재 종속기업 산출 제외(S-23), 감독목적 연결 범위 보험사 제외(S-27)"
신한금융지주,4,위험관리 철학,위험관리 철학·원칙 문구(내규),받은 글,"위험관리 철학·원칙 문구(내규) — 철학을 둔 내규(그룹리스크관리정책규정에 명시, S-02), 철학 문구(S-03)",-,S-02(handoff/13차_산출물/9-4_신한금융지주.md:117 · 신한금융지주회사 2025 지배구조 및 보수체계 연차보고서 공시 · https://www.shinhangroup.com/main/downloadAttach?attachNo=55653e68caad4dffa2f2e55c8401e6cb&seq=1 · p.24); S-29(handoff/13차_산출물/9-4_신한금융지주.md:179 · 신한금융지주회사 2025 지배구조 및 보수체계 연차보고서 공시 · https://www.shinhangroup.com/main/downloadAttach?attachNo=55653e68caad4dffa2f2e55c8401e6cb&seq=1 · p.40); S-03(handoff/13차_산출물/9-4_신한금융지주.md:224 · 신한금융지주회사 2025 지배구조 및 보수체계 연차보고서 공시 · https://www.shinhangroup.com/main/downloadAttach?attachNo=55653e68caad4dffa2f2e55c8401e6cb&seq=1 · p.160); S-29b(handoff/13차_산출물/9-4_신한금융지주.md:340 · 신한금융지주회사 2025 지배구조 및 보수체계 연차보고서 공시 · https://www.shinhangroup.com/main/downloadAttach?attachNo=55653e68caad4dffa2f2e55c8401e6cb&seq=1 · p.164); S-17(handoff/13차_산출물/9-4_신한금융지주.md:767 · 신한금융지주 사업보고서 (2025.12) · 접수번호 20260318000826 · p.792–p.793),"찾은 범위: 연차보고서 p.1–p.316, 사업보고서 p.1–p.1065, 경영공시 p.1–p.145 전 쪽 — 검색어는 5장 「4·5조」 줄. 반박 검색(검증 2026-10-08(KST)): 검색어 철학·원칙·기본방침·리스크 문화·위험성향·리스크관리정책·정책규정 — 같은 세 문서·대조판과 같은 회사 FY2023·FY2024 사업보고서(`dart_out/text/risk9/`)의 모든 줄, 결과 ‘반박 실패(관련 글 추가)’(정규식 전문은 맨 끝 검증 기록 표). · 5장 정규식(4·5조): `철학¦리스크\s*관리\s*원칙¦위험\s*관리\s*원칙¦리스크관리정책¦위험관리정책¦최상위\s*(가치)?\s*규범`",문구는 연차보고서 위험관리위원회 서술(S-03) — 그룹리스크관리정책규정 전문은 추출 범위에 없음
신한금융지주,5,위험관리 원칙,위험관리 철학·원칙 문구(내규),받은 글,"위험관리 철학·원칙 문구(내규) — 원칙을 둔 내규(그룹리스크관리정책규정에 명시, S-02), 원칙 문구(원칙 ①~⑦, S-03·S-17)",-,S-02(handoff/13차_산출물/9-4_신한금융지주.md:117 · 신한금융지주회사 2025 지배구조 및 보수체계 연차보고서 공시 · https://www.shinhangroup.com/main/downloadAttach?attachNo=55653e68caad4dffa2f2e55c8401e6cb&seq=1 · p.24); S-29(handoff/13차_산출물/9-4_신한금융지주.md:179 · 신한금융지주회사 2025 지배구조 및 보수체계 연차보고서 공시 · https://www.shinhangroup.com/main/downloadAttach?attachNo=55653e68caad4dffa2f2e55c8401e6cb&seq=1 · p.40); S-03(handoff/13차_산출물/9-4_신한금융지주.md:224 · 신한금융지주회사 2025 지배구조 및 보수체계 연차보고서 공시 · https://www.shinhangroup.com/main/downloadAttach?attachNo=55653e68caad4dffa2f2e55c8401e6cb&seq=1 · p.160); S-29b(handoff/13차_산출물/9-4_신한금융지주.md:340 · 신한금융지주회사 2025 지배구조 및 보수체계 연차보고서 공시 · https://www.shinhangroup.com/main/downloadAttach?attachNo=55653e68caad4dffa2f2e55c8401e6cb&seq=1 · p.164); S-17(handoff/13차_산출물/9-4_신한금융지주.md:767 · 신한금융지주 사업보고서 (2025.12) · 접수번호 20260318000826 · p.792–p.793),"찾은 범위: 연차보고서 p.1–p.316, 사업보고서 p.1–p.1065, 경영공시 p.1–p.145 전 쪽 — 검색어는 5장 「4·5조」 줄. 반박 검색(검증 2026-10-08(KST)): 검색어 철학·원칙·기본방침·리스크 문화·위험성향·리스크관리정책·정책규정 — 같은 세 문서·대조판과 같은 회사 FY2023·FY2024 사업보고서(`dart_out/text/risk9/`)의 모든 줄, 결과 ‘반박 실패(관련 글 추가)’(정규식 전문은 맨 끝 검증 기록 표). · 5장 정규식(4·5조): `철학¦리스크\s*관리\s*원칙¦위험\s*관리\s*원칙¦리스크관리정책¦위험관리정책¦최상위\s*(가치)?\s*규범`",그룹리스크관리정책규정 전문은 추출 범위에 없음; 원칙 ② 주어·이름이 연차(S-03)와 사업보고서(S-17)에서 다름
신한금융지주,17,의사전달체계,지주가 자회사에 의사를 전달하는 문서 형식,받은 글,"지주가 자회사에 의사를 전달하는 문서 형식 — 그룹내부통제규정 제13조② 공식문서(스윙 전자문서 포함)(S-15), 그룹리스크협의회 결의 전자문서 통지(S-30)",-,S-30(handoff/13차_산출물/9-4_신한금융지주.md:419 · 신한금융지주회사 2025 지배구조 및 보수체계 연차보고서 공시 · https://www.shinhangroup.com/main/downloadAttach?attachNo=55653e68caad4dffa2f2e55c8401e6cb&seq=1 · p.194); S-11(handoff/13차_산출물/9-4_신한금융지주.md:434 · 신한금융지주회사 2025 지배구조 및 보수체계 연차보고서 공시 · https://www.shinhangroup.com/main/downloadAttach?attachNo=55653e68caad4dffa2f2e55c8401e6cb&seq=1 · p.241); S-15(handoff/13차_산출물/9-4_신한금융지주.md:479 · 신한금융지주회사 2025 지배구조 및 보수체계 연차보고서 공시 · https://www.shinhangroup.com/main/downloadAttach?attachNo=55653e68caad4dffa2f2e55c8401e6cb&seq=1 · p.254–p.255); S-13(handoff/13차_산출물/9-4_신한금융지주.md:639 · 신한금융지주회사 2025 지배구조 및 보수체계 연차보고서 공시 · https://www.shinhangroup.com/main/downloadAttach?attachNo=55653e68caad4dffa2f2e55c8401e6cb&seq=1 · p.297–p.299),"찾은 범위: 연차보고서 p.1–p.316, 사업보고서 p.1–p.1065, 경영공시 p.1–p.145 전 쪽 — 검색어는 5장 「17조」 줄. 반박 검색(검증 2026-10-08(KST)): 검색어 의사전달·공문·서면·문서·통보·지시·요청·권고·가이드라인 — 같은 세 문서·대조판과 같은 회사 FY2023·FY2024 사업보고서(`dart_out/text/risk9/`)의 모든 줄, 결과 ‘일부 반박’(정규식 전문은 맨 끝 검증 기록 표). · 5장 정규식(17조): `의사\s*전달¦공식\s*문서¦공문¦전자\s*문서¦업무\s*연락¦서면\s*(으로¦통보¦통지)`",공식문서로 전달할 사항을 정한 관련 내규(제13조③)는 추출 범위에 없음 — 지시서 핵심 밖
신한금융지주,21,신용위험,지주 차원의 유형별 측정 방법 · 연결 측정 여부,"일부(지주 차원의 유형별 측정 방법 있음, 연결 측정 여부 추출 범위에 없음)","지주 차원의 유형별 측정 방법 — 그룹 BIS 신용리스크 위험가중자산·내부등급법 적용범위(S-31·S-32), 위험자본 관리(S-18)",연결 측정 여부,"S-12(handoff/13차_산출물/9-4_신한금융지주.md:509 · 신한금융지주회사 2025 지배구조 및 보수체계 연차보고서 공시 · https://www.shinhangroup.com/main/downloadAttach?attachNo=55653e68caad4dffa2f2e55c8401e6cb&seq=1 · p.284–p.286); S-13(handoff/13차_산출물/9-4_신한금융지주.md:639 · 신한금융지주회사 2025 지배구조 및 보수체계 연차보고서 공시 · https://www.shinhangroup.com/main/downloadAttach?attachNo=55653e68caad4dffa2f2e55c8401e6cb&seq=1 · p.297–p.299); S-17(handoff/13차_산출물/9-4_신한금융지주.md:767 · 신한금융지주 사업보고서 (2025.12) · 접수번호 20260318000826 · p.792–p.793); S-18(handoff/13차_산출물/9-4_신한금융지주.md:842 · 신한금융지주 사업보고서 (2025.12) · 접수번호 20260318000826 · p.793–p.794); S-20(handoff/13차_산출물/9-4_신한금융지주.md:906 · 신한금융지주 사업보고서 (2025.12) · 접수번호 20260318000826 · p.794); S-31(handoff/13차_산출물/9-4_신한금융지주.md:1094 · 신한금융지주 「2026년 상반기 신한금융지주회사 현황」(경영공시, 게시 2026-08-31) · https://www.shinhangroup.com/main/downloadAttach?attachNo=952cc7137d344eaebd5df5a8191a45bf&seq=1 · p.74); S-32(handoff/13차_산출물/9-4_신한금융지주.md:1157 · 신한금융지주 「2026년 상반기 신한금융지주회사 현황」(경영공시, 게시 2026-08-31) · https://www.shinhangroup.com/main/downloadAttach?attachNo=952cc7137d344eaebd5df5a8191a45bf&seq=1 · p.107)","찾은 범위: 연차보고서 p.1–p.316, 사업보고서 p.1–p.1065, 경영공시 p.1–p.145 전 쪽 — 검색어는 5장 「21조」 줄. 반박 검색(검증 2026-10-08(KST)): 검색어 그룹·연결·통합 + 신용/시장/금리 + 측정·산출·합산, 단순합, 분산효과 — 같은 세 문서·대조판과 같은 회사 FY2023·FY2024 사업보고서(`dart_out/text/risk9/`)의 모든 줄, 결과 ‘일부 반박’(정규식 전문은 맨 끝 검증 기록 표). · 5장 정규식(21조): `신용\s*(리스크¦위험)¦내부등급법` · 5장 정규식(21·22·24 연결): `연결\s*(기준¦실체)¦그룹\s*(통합¦차원)¦통합\s*(리스크¦위험)¦단순\s*(합¦합산)`",가까운 글(판단) — 판정 원문 조각(8사 공통 잣대 (b) — 연결·합산 기준 낱말이 그 문장에 나오지 않음): 「신한금융그룹은 2020년 9월말부터 바젤3 최종안 중 신용리스크 부문을 조기도입하여 위험가중자산을 산출」(S-31 — 그룹 낱말). 측정 방법은 규제자본 기준 — 내부자본(위험자본) 기준 지주 차원 측정 방법은 추출 범위에 없음
신한금융지주,22,시장위험,지주 차원의 유형별 측정 방법 · 연결 측정 여부,"일부(지주 차원의 유형별 측정 방법 있음, 연결 측정 여부 추출 범위에 없음)","지주 차원의 유형별 측정 방법 — 그룹 시장리스크측정시스템 표준방법·신한투자증권 역사적 시뮬레이션 VaR(S-21), 그룹 BIS 시장리스크 위험가중자산(S-31)",연결 측정 여부,"S-18(handoff/13차_산출물/9-4_신한금융지주.md:842 · 신한금융지주 사업보고서 (2025.12) · 접수번호 20260318000826 · p.793–p.794); S-21(handoff/13차_산출물/9-4_신한금융지주.md:923 · 신한금융지주 사업보고서 (2025.12) · 접수번호 20260318000826 · p.796); S-23(handoff/13차_산출물/9-4_신한금융지주.md:947 · 신한금융지주 사업보고서 (2025.12) · 접수번호 20260318000826 · p.798); S-31(handoff/13차_산출물/9-4_신한금융지주.md:1094 · 신한금융지주 「2026년 상반기 신한금융지주회사 현황」(경영공시, 게시 2026-08-31) · https://www.shinhangroup.com/main/downloadAttach?attachNo=952cc7137d344eaebd5df5a8191a45bf&seq=1 · p.74)","찾은 범위: 연차보고서 p.1–p.316, 사업보고서 p.1–p.1065, 경영공시 p.1–p.145 전 쪽 — 검색어는 5장 「22조」 줄. · 5장 정규식(22조): `시장\s*(리스크¦위험)¦VaR` · 5장 정규식(21·22·24 연결): `연결\s*(기준¦실체)¦그룹\s*(통합¦차원)¦통합\s*(리스크¦위험)¦단순\s*(합¦합산)` · 반박 검색(검증 기록 표 ‘21·22·24’, 같은 세 문서·대조판과 FY2023·FY2024 사업보고서): 검색어 그룹·연결·통합 + 신용/시장/금리 + 측정·산출·합산, 단순합, 분산효과",가까운 글(판단) — 판정 원문 조각(8사 공통 잣대 (b) — 연결·합산 기준 낱말이 그 문장에 나오지 않음): 「VaR는 그룹 시장리스크측정시스템을 이용하여 표준방법 시장리스크량을 산출」(S-21 — 그룹 시스템). 「연결」 측정 한 벌에 닿는 p.796 조각 「연결실체가 보유중인 트레이딩 포지션에 대한 바젤III 신표준방법 시장리스크 규제자본」은 S-21 note 에만 옮긴 표 머리 글이고 원문 인용(코드 블록)으로는 옮기지 않음 — 원문 인용으로는 연결 측정 여부 추출 범위에 없음
신한금융지주,24,금리위험,지주 차원의 유형별 측정 방법 · 연결 측정 여부,"일부(지주 차원의 유형별 측정 방법 있음, 연결 측정 여부(지주 전체 기준) 추출 범위에 없음)","지주 차원의 유형별 측정 방법 — 자회사별 측정·그룹 IRRBB 표준방법(S-22), △EVE·△NII(S-26) · 연결 측정 여부(은행 자회사 둘) — 단순합(S-26)",연결 측정 여부(지주 전체 기준),"S-18(handoff/13차_산출물/9-4_신한금융지주.md:842 · 신한금융지주 사업보고서 (2025.12) · 접수번호 20260318000826 · p.793–p.794); S-22(handoff/13차_산출물/9-4_신한금융지주.md:977 · 신한금융지주 사업보고서 (2025.12) · 접수번호 20260318000826 · p.799); S-26(handoff/13차_산출물/9-4_신한금융지주.md:1186 · 신한금융지주 「2026년 상반기 신한금융지주회사 현황」(경영공시, 게시 2026-08-31) · https://www.shinhangroup.com/main/downloadAttach?attachNo=952cc7137d344eaebd5df5a8191a45bf&seq=1 · p.132)","찾은 범위: 연차보고서 p.1–p.316, 사업보고서 p.1–p.1065, 경영공시 p.1–p.145 전 쪽 — 검색어는 5장 「24조」 줄. · 5장 정규식(24조): `금리\s*(리스크¦위험)¦이자율\s*(리스크¦위험)¦IRRBB¦EVE¦NII¦EaR` · 5장 정규식(21·22·24 연결): `연결\s*(기준¦실체)¦그룹\s*(통합¦차원)¦통합\s*(리스크¦위험)¦단순\s*(합¦합산)` · 반박 검색(검증 기록 표 ‘21·22·24’, 같은 세 문서·대조판과 FY2023·FY2024 사업보고서): 검색어 그룹·연결·통합 + 신용/시장/금리 + 측정·산출·합산, 단순합, 분산효과",판정 원문 조각(8사 공통 잣대 (c) — 일부 자회사만의 합산): 「IRRBB의 규제를 적용 받는 신한은행과 제주은행의 단순합으로 공시함」(S-26 — 은행 자회사 둘만) — 비은행 회사 값의 합산 방식·지주 전체 기준 연결 측정은 추출 범위에 없음
신한금융지주,27,전략 및 평판위험,관리 체제 · 측정이나 평가 수단,"일부(가까운 글만, 관리 체제·측정이나 평가 수단 추출 범위에 없음)",-(가까운 글만),관리 체제 · 측정이나 평가 수단,S-16(handoff/13차_산출물/9-4_신한금융지주.md:209 · 신한금융지주회사 2025 지배구조 및 보수체계 연차보고서 공시 · https://www.shinhangroup.com/main/downloadAttach?attachNo=55653e68caad4dffa2f2e55c8401e6cb&seq=1 · p.49),"찾은 범위: 연차보고서 p.1–p.316, 사업보고서 p.1–p.1065, 경영공시 p.1–p.145 전 쪽 — 검색어는 5장 「27조」 줄. 반박 검색(검증 2026-10-08(KST)): 검색어 평판·명성·이미지·전략/사업/비재무/잠재/신규/중요 리스크·기후·ESG·여론·언론 — 같은 세 문서·대조판과 같은 회사 FY2023·FY2024 사업보고서(`dart_out/text/risk9/`)의 모든 줄, 결과 ‘반박 실패’(정규식 전문은 맨 끝 검증 기록 표). · 5장 정규식(27조): `전략\s*(리스크¦위험)¦평판\s*(리스크¦위험)¦평판¦Reputation`",가까운 글(판단): 위험관리위원회 운영실적 보고 때 사외이사의 평판리스크 관리 방법 제언(S-16)
신한금융지주,34,해외위험 관리,총괄 · 사전 검토 · 정기 점검·보고,"일부(정기 점검·보고 있음, 총괄·사전 검토 추출 범위에 없음)",정기 점검·보고 — 해외 법인의 리스크관리현황 매 분기 보고(S-05),총괄 · 사전 검토,S-33(handoff/13차_산출물/9-4_신한금융지주.md:194 · 신한금융지주회사 2025 지배구조 및 보수체계 연차보고서 공시 · https://www.shinhangroup.com/main/downloadAttach?attachNo=55653e68caad4dffa2f2e55c8401e6cb&seq=1 · p.45); S-04(handoff/13차_산출물/9-4_신한금융지주.md:250 · 신한금융지주회사 2025 지배구조 및 보수체계 연차보고서 공시 · https://www.shinhangroup.com/main/downloadAttach?attachNo=55653e68caad4dffa2f2e55c8401e6cb&seq=1 · p.160); S-05(handoff/13차_산출물/9-4_신한금융지주.md:272 · 신한금융지주회사 2025 지배구조 및 보수체계 연차보고서 공시 · https://www.shinhangroup.com/main/downloadAttach?attachNo=55653e68caad4dffa2f2e55c8401e6cb&seq=1 · p.161); S-08(handoff/13차_산출물/9-4_신한금융지주.md:357 · 신한금융지주회사 2025 지배구조 및 보수체계 연차보고서 공시 · https://www.shinhangroup.com/main/downloadAttach?attachNo=55653e68caad4dffa2f2e55c8401e6cb&seq=1 · p.164); S-09(handoff/13차_산출물/9-4_신한금융지주.md:369 · 신한금융지주회사 2025 지배구조 및 보수체계 연차보고서 공시 · https://www.shinhangroup.com/main/downloadAttach?attachNo=55653e68caad4dffa2f2e55c8401e6cb&seq=1 · p.165); S-12(handoff/13차_산출물/9-4_신한금융지주.md:509 · 신한금융지주회사 2025 지배구조 및 보수체계 연차보고서 공시 · https://www.shinhangroup.com/main/downloadAttach?attachNo=55653e68caad4dffa2f2e55c8401e6cb&seq=1 · p.284–p.286); S-13(handoff/13차_산출물/9-4_신한금융지주.md:639 · 신한금융지주회사 2025 지배구조 및 보수체계 연차보고서 공시 · https://www.shinhangroup.com/main/downloadAttach?attachNo=55653e68caad4dffa2f2e55c8401e6cb&seq=1 · p.297–p.299); S-18(handoff/13차_산출물/9-4_신한금융지주.md:842 · 신한금융지주 사업보고서 (2025.12) · 접수번호 20260318000826 · p.793–p.794),"찾은 범위: 연차보고서 p.1–p.316, 사업보고서 p.1–p.1065, 경영공시 p.1–p.145 전 쪽 — 검색어는 5장 「34조」 줄. 반박 검색(검증 2026-10-08(KST)): 검색어 해외·글로벌·국외·국가·국별·현지·외국·역외·신흥국·Global·Overseas·진출 — 같은 세 문서·대조판과 같은 회사 FY2023·FY2024 사업보고서(`dart_out/text/risk9/`)의 모든 줄, 결과 ‘일부 반박’(정규식 전문은 맨 끝 검증 기록 표). · 5장 정규식(34조): `해외¦글로벌¦국외¦국가\s*(별¦위험¦리스크¦익스포)¦국별¦현지\s*법인¦Country`","가까운 글(판단): 국가별 익스포저 한도·국가위험분석(S-04·S-08), 위험관리위원회규정 제6조②3호다목 외국금융기관 전략적 제휴 리스크 검토 심의(S-12), 신상품·신사업 리스크 리뷰(S-18 — 해외를 따로 적지 않음), 그룹 인도네시아 지배구조 변경 보고(S-33)"
신한금융지주,53,위기대응조직,구성 · 전환 요건,"일부(전환 요건 있음, 구성 추출 범위에 없음)",전환 요건 — 2개 이상 종속기업이 주의 이상 단계에 진입하는 등 지배기업 직접 위기관리(S-19),구성,S-28(handoff/13차_산출물/9-4_신한금융지주.md:165 · 신한금융지주회사 2025 지배구조 및 보수체계 연차보고서 공시 · https://www.shinhangroup.com/main/downloadAttach?attachNo=55653e68caad4dffa2f2e55c8401e6cb&seq=1 · p.28); S-06(handoff/13차_산출물/9-4_신한금융지주.md:302 · 신한금융지주회사 2025 지배구조 및 보수체계 연차보고서 공시 · https://www.shinhangroup.com/main/downloadAttach?attachNo=55653e68caad4dffa2f2e55c8401e6cb&seq=1 · p.162); S-07(handoff/13차_산출물/9-4_신한금융지주.md:327 · 신한금융지주회사 2025 지배구조 및 보수체계 연차보고서 공시 · https://www.shinhangroup.com/main/downloadAttach?attachNo=55653e68caad4dffa2f2e55c8401e6cb&seq=1 · p.163); S-09(handoff/13차_산출물/9-4_신한금융지주.md:369 · 신한금융지주회사 2025 지배구조 및 보수체계 연차보고서 공시 · https://www.shinhangroup.com/main/downloadAttach?attachNo=55653e68caad4dffa2f2e55c8401e6cb&seq=1 · p.165); S-10(handoff/13차_산출물/9-4_신한금융지주.md:385 · 신한금융지주회사 2025 지배구조 및 보수체계 연차보고서 공시 · https://www.shinhangroup.com/main/downloadAttach?attachNo=55653e68caad4dffa2f2e55c8401e6cb&seq=1 · p.168); S-11(handoff/13차_산출물/9-4_신한금융지주.md:434 · 신한금융지주회사 2025 지배구조 및 보수체계 연차보고서 공시 · https://www.shinhangroup.com/main/downloadAttach?attachNo=55653e68caad4dffa2f2e55c8401e6cb&seq=1 · p.241); S-12(handoff/13차_산출물/9-4_신한금융지주.md:509 · 신한금융지주회사 2025 지배구조 및 보수체계 연차보고서 공시 · https://www.shinhangroup.com/main/downloadAttach?attachNo=55653e68caad4dffa2f2e55c8401e6cb&seq=1 · p.284–p.286); S-19(handoff/13차_산출물/9-4_신한금융지주.md:885 · 신한금융지주 사업보고서 (2025.12) · 접수번호 20260318000826 · p.794),"찾은 범위: 연차보고서 p.1–p.316, 사업보고서 p.1–p.1065, 경영공시 p.1–p.145 전 쪽 — 검색어는 5장 「53조」 줄. 반박 검색(검증 2026-10-08(KST)): 검색어 위기·비상·컨틴전시·대응/대책 조직·Crisis·자체정상화·Recovery — 같은 세 문서·대조판과 같은 회사 FY2023·FY2024 사업보고서(`dart_out/text/risk9/`)의 모든 줄, 결과 ‘반박 실패’(정규식 전문은 맨 끝 검증 기록 표). · 5장 정규식(53조): `위기\s*대응¦위기\s*관리¦비상\s*(계획¦대책¦조달¦경영¦대응)¦컨틴전시¦Contingency¦자체\s*정상화¦위기관리위원회¦위기관리협의회`","조직 이름(그룹 위기관리규정에 따른 그룹 위기관리위원회·위기관리협의회, S-07)만 있음 — 구성원은 추출 범위에 없음"
신한금융지주,55,조기경보체계,지표 목록 · 발령 단계,"일부(발령 단계 있음, 지표 목록 추출 범위에 없음)",발령 단계 — 위기상황단계 주의·경계·위기징후·위기 4단계(S-19),지표 목록,"S-06(handoff/13차_산출물/9-4_신한금융지주.md:302 · 신한금융지주회사 2025 지배구조 및 보수체계 연차보고서 공시 · https://www.shinhangroup.com/main/downloadAttach?attachNo=55653e68caad4dffa2f2e55c8401e6cb&seq=1 · p.162); S-09(handoff/13차_산출물/9-4_신한금융지주.md:369 · 신한금융지주회사 2025 지배구조 및 보수체계 연차보고서 공시 · https://www.shinhangroup.com/main/downloadAttach?attachNo=55653e68caad4dffa2f2e55c8401e6cb&seq=1 · p.165); S-10(handoff/13차_산출물/9-4_신한금융지주.md:385 · 신한금융지주회사 2025 지배구조 및 보수체계 연차보고서 공시 · https://www.shinhangroup.com/main/downloadAttach?attachNo=55653e68caad4dffa2f2e55c8401e6cb&seq=1 · p.168); S-13(handoff/13차_산출물/9-4_신한금융지주.md:639 · 신한금융지주회사 2025 지배구조 및 보수체계 연차보고서 공시 · https://www.shinhangroup.com/main/downloadAttach?attachNo=55653e68caad4dffa2f2e55c8401e6cb&seq=1 · p.297–p.299); S-18(handoff/13차_산출물/9-4_신한금융지주.md:842 · 신한금융지주 사업보고서 (2025.12) · 접수번호 20260318000826 · p.793–p.794); S-19(handoff/13차_산출물/9-4_신한금융지주.md:885 · 신한금융지주 사업보고서 (2025.12) · 접수번호 20260318000826 · p.794); S-24(handoff/13차_산출물/9-4_신한금융지주.md:1023 · 신한금융지주 사업보고서 (2025.12) · 접수번호 20260318000826 · p.802); S-24b(handoff/13차_산출물/9-4_신한금융지주.md:1051 · 신한금융지주 사업보고서 (2025.12) · 접수번호 20260318000826 · p.803); S-25(handoff/13차_산출물/9-4_신한금융지주.md:1116 · 신한금융지주 「2026년 상반기 신한금융지주회사 현황」(경영공시, 게시 2026-08-31) · https://www.shinhangroup.com/main/downloadAttach?attachNo=952cc7137d344eaebd5df5a8191a45bf&seq=1 · p.83)","찾은 범위: 연차보고서 p.1–p.316, 사업보고서 p.1–p.1065, 경영공시 p.1–p.145 전 쪽 — 검색어는 5장 「55조」 줄. 반박 검색(검증 2026-10-08(KST)): 검색어 조기경보·경보·경고·징후·위기단계·관심/주의/경계/심각 단계·Trigger·임계·발령·KRI·Risk Map·상황판 — 같은 세 문서·대조판과 같은 회사 FY2023·FY2024 사업보고서(`dart_out/text/risk9/`)의 모든 줄, 결과 ‘반박 실패’(정규식 전문은 맨 끝 검증 기록 표). · 5장 정규식(55조): `조기\s*경보¦위기\s*징후¦Early\s*Warning¦EWS¦위기\s*(단계¦상황\s*단계)¦주의\s*단계¦위기\s*인식¦임계\s*(치¦수준¦값¦점)¦Trigger¦Risk\s*Map¦경보\s*(체계¦지표¦발령¦단계)`","가까운 글(판단): 그룹 공통 유동성 지표 종류(한도관리지표·위기인식판단지표·모니터링지표, S-24), 신한은행 지표 목록(S-25)·신한카드 위기수준(S-24b), 그룹 Risk Map(S-09·S-10)"
하나금융지주,3,적용대상,위험이 경미한 자회사를 적용에서 빼는 기준,"일부(가까운 글만, 위험이 경미한 자회사를 적용에서 빼는 기준 추출 범위에 없음)",-(가까운 글만),위험이 경미한 자회사를 적용에서 빼는 기준,H-04(handoff/13차_산출물/9-4_하나금융지주.md:331 · 하나금융지주 「2025 하나금융지주 지배구조 및 보수체계 연차보고서」(본공시) · https://www.hanafn.com:8002/download/10072114/crossDownload.do · p.223–p.226); H-08(handoff/13차_산출물/9-4_하나금융지주.md:525 · 하나금융지주 「2025 하나금융지주 지배구조 및 보수체계 연차보고서」(본공시) · https://www.hanafn.com:8002/download/10072114/crossDownload.do · p.236); H-09(handoff/13차_산출물/9-4_하나금융지주.md:546 · 하나금융지주 「2025 하나금융지주 지배구조 및 보수체계 연차보고서」(본공시) · https://www.hanafn.com:8002/download/10072114/crossDownload.do · p.285–p.286); H-35(handoff/13차_산출물/9-4_하나금융지주.md:677 · 하나금융지주 「2025 하나금융지주 지배구조 및 보수체계 연차보고서」(본공시) · https://www.hanafn.com:8002/download/10072114/crossDownload.do · p.291); H-17(handoff/13차_산출물/9-4_하나금융지주.md:1185 · 하나금융지주 「2025 하나금융지주 지배구조 및 보수체계 연차보고서」(본공시) · https://www.hanafn.com:8002/download/10072114/crossDownload.do · p.436); H-36(handoff/13차_산출물/9-4_하나금융지주.md:1202 · 하나금융지주 「2025 하나금융지주 지배구조 및 보수체계 연차보고서」(본공시) · https://www.hanafn.com:8002/download/10072114/crossDownload.do · p.438); H-21(handoff/13차_산출물/9-4_하나금융지주.md:1289 · 하나금융지주 사업보고서 (2025.12) · 접수번호 20260316001292 · p.228); H-31(handoff/13차_산출물/9-4_하나금융지주.md:1690 · 하나금융지주 「2026년 2분기 하나금융지주회사 현황」(경영공시) · https://www.hanafn.com/download/10080193/crossDownload.do · p.64); H-32(handoff/13차_산출물/9-4_하나금융지주.md:1781 · 하나금융지주 「2026년 2분기 하나금융지주회사 현황」(경영공시) · https://www.hanafn.com/download/10080193/crossDownload.do · p.124–p.125),"찾은 범위: 연차보고서 p.1–p.456, 사업보고서 p.1–p.924, 경영공시 p.1–p.137 전 쪽 — 검색어는 5장 「3조」 줄. / 검증 반박(2026-10-08 KST): 넓힌 검색어로 같은 출처(risk8 세 문서·대조판)와 risk9 같은 회사 다른 기간 정기보고서 전 쪽을 다시 검색 — 검색어·걸린 줄 수는 맨 끝 검증 기록 표의 3조 행. 결과: 실패 — 부분 보강 H-36(그룹내부통제 규정 제6조③)·H-35(공동투자 관리대상 한정 지적). 위험이 경미한 자회사를 적용에서 빼는 기준은 추출 범위에 없음. · 5장 정규식(3조): `적용\s*(범위¦대상¦배제¦제외¦예외)¦경미¦미미¦대상에서\s*제외¦산출\s*대상에서\s*제외¦측정\s*(대상¦계열사¦자회사)¦간편법¦감독목적의?\s*연결¦특수성을\s*반영`","가까운 글(판단): 그룹내부통제 규정 제2조③·제6조③ 적용 범위·적용 제외(H-17·H-36 — 내부통제 쪽), 관계회사 특수성 반영 위험관리 기준 별도 적용(H-21), 감독목적 연결 범위 보험회사 제외(H-31), 금리리스크 주요 자회사 공시(H-32), 집행위원회 위원 범위(H-09), 한도 대상 회사 목록(H-04·H-08), 공동투자 관리대상 한정 지적(H-35)"
하나금융지주,4,위험관리 철학,위험관리 철학·원칙 문구(내규),"일부(가까운 글만, 위험관리 철학·원칙 문구(내규) 추출 범위에 없음)",-(가까운 글만),위험관리 철학·원칙 문구(내규),H-02(handoff/13차_산출물/9-4_하나금융지주.md:152 · 하나금융지주 「2025 하나금융지주 지배구조 및 보수체계 연차보고서」(본공시) · https://www.hanafn.com:8002/download/10072114/crossDownload.do · p.28–p.29); H-03(handoff/13차_산출물/9-4_하나금융지주.md:217 · 하나금융지주 「2025 하나금융지주 지배구조 및 보수체계 연차보고서」(본공시) · https://www.hanafn.com:8002/download/10072114/crossDownload.do · p.54–p.56); H-04(handoff/13차_산출물/9-4_하나금융지주.md:331 · 하나금융지주 「2025 하나금융지주 지배구조 및 보수체계 연차보고서」(본공시) · https://www.hanafn.com:8002/download/10072114/crossDownload.do · p.223–p.226); H-21(handoff/13차_산출물/9-4_하나금융지주.md:1289 · 하나금융지주 사업보고서 (2025.12) · 접수번호 20260316001292 · p.228); H-25(handoff/13차_산출물/9-4_하나금융지주.md:1519 · 하나금융지주 사업보고서 (2025.12) · 접수번호 20260316001292 · p.756–p.757),"찾은 범위: 연차보고서 p.1–p.456, 사업보고서 p.1–p.924, 경영공시 p.1–p.137 전 쪽 — 검색어는 5장 「4·5조」 줄. / 검증 반박(2026-10-08 KST): 넓힌 검색어로 같은 출처(risk8 세 문서·대조판)와 risk9 같은 회사 다른 기간 정기보고서 전 쪽을 다시 검색 — 검색어·걸린 줄 수는 맨 끝 검증 기록 표의 4·5조 행. 결과: 실패 — 걸린 것은 그룹 소비자리스크관리 정책, 연결 주석의 유동성 관리 원칙, 하나은행 파생상품 기본 원칙 등. 그룹 위험관리 원칙 문구(그룹 위험관리 정책 본문)는 추출 범위에 없음. · 5장 정규식(4·5조): `철학¦리스크\s*관리\s*원칙¦위험\s*관리\s*원칙¦리스크\s*관리\s*정책¦위험\s*관리\s*정책¦최상위¦금융업의\s*본질`","가까운 글(판단): 그룹 위험관리 정책 — 최상위 위험관리 관련 규범(H-02), 적극적이고 체계적인 리스크관리가 금융업의 본질이라는 인식(H-04·H-25)"
하나금융지주,5,위험관리 원칙,위험관리 철학·원칙 문구(내규),"일부(위험관리 철학·원칙 문구(내규 이름) 있음, 위험관리 철학·원칙 문구(원칙) 추출 범위에 없음)","위험관리 철학·원칙 문구(내규 이름) — 원칙을 둔 내규(그룹 위험관리 정책 — 핵심 원칙 등 제시, H-02)",위험관리 철학·원칙 문구(원칙),H-02(handoff/13차_산출물/9-4_하나금융지주.md:152 · 하나금융지주 「2025 하나금융지주 지배구조 및 보수체계 연차보고서」(본공시) · https://www.hanafn.com:8002/download/10072114/crossDownload.do · p.28–p.29); H-03(handoff/13차_산출물/9-4_하나금융지주.md:217 · 하나금융지주 「2025 하나금융지주 지배구조 및 보수체계 연차보고서」(본공시) · https://www.hanafn.com:8002/download/10072114/crossDownload.do · p.54–p.56); H-04(handoff/13차_산출물/9-4_하나금융지주.md:331 · 하나금융지주 「2025 하나금융지주 지배구조 및 보수체계 연차보고서」(본공시) · https://www.hanafn.com:8002/download/10072114/crossDownload.do · p.223–p.226); H-21(handoff/13차_산출물/9-4_하나금융지주.md:1289 · 하나금융지주 사업보고서 (2025.12) · 접수번호 20260316001292 · p.228); H-25(handoff/13차_산출물/9-4_하나금융지주.md:1519 · 하나금융지주 사업보고서 (2025.12) · 접수번호 20260316001292 · p.756–p.757),"찾은 범위: 연차보고서 p.1–p.456, 사업보고서 p.1–p.924, 경영공시 p.1–p.137 전 쪽 — 검색어는 5장 「4·5조」 줄. / 검증 반박(2026-10-08 KST): 넓힌 검색어로 같은 출처(risk8 세 문서·대조판)와 risk9 같은 회사 다른 기간 정기보고서 전 쪽을 다시 검색 — 검색어·걸린 줄 수는 맨 끝 검증 기록 표의 4·5조 행. 결과: 실패 — 걸린 것은 그룹 소비자리스크관리 정책, 연결 주석의 유동성 관리 원칙, 하나은행 파생상품 기본 원칙 등. 그룹 위험관리 원칙 문구(그룹 위험관리 정책 본문)는 추출 범위에 없음. · 5장 정규식(4·5조): `철학¦리스크\s*관리\s*원칙¦위험\s*관리\s*원칙¦리스크\s*관리\s*정책¦위험\s*관리\s*정책¦최상위¦금융업의\s*본질`",정책 본문(핵심 원칙 문구)은 추출 범위에 없음
하나금융지주,17,의사전달체계,지주가 자회사에 의사를 전달하는 문서 형식,받은 글,"지주가 자회사에 의사를 전달하는 문서 형식 — 그룹내부통제 규정 제9조⑥ 공식문서(전자문서 포함)(H-16), 리스크관리집행위원회 결의 전자문서 통지(H-09)",-,H-09(handoff/13차_산출물/9-4_하나금융지주.md:546 · 하나금융지주 「2025 하나금융지주 지배구조 및 보수체계 연차보고서」(본공시) · https://www.hanafn.com:8002/download/10072114/crossDownload.do · p.285–p.286); H-10(handoff/13차_산출물/9-4_하나금융지주.md:696 · 하나금융지주 「2025 하나금융지주 지배구조 및 보수체계 연차보고서」(본공시) · https://www.hanafn.com:8002/download/10072114/crossDownload.do · p.291–p.292); H-15(handoff/13차_산출물/9-4_하나금융지주.md:1100 · 하나금융지주 「2025 하나금융지주 지배구조 및 보수체계 연차보고서」(본공시) · https://www.hanafn.com:8002/download/10072114/crossDownload.do · p.431–p.432); H-37(handoff/13차_산출물/9-4_하나금융지주.md:1226 · 하나금융지주 「2025 하나금융지주 지배구조 및 보수체계 연차보고서」(본공시) · https://www.hanafn.com:8002/download/10072114/crossDownload.do · p.438–p.439); H-16(handoff/13차_산출물/9-4_하나금융지주.md:1261 · 하나금융지주 「2025 하나금융지주 지배구조 및 보수체계 연차보고서」(본공시) · https://www.hanafn.com:8002/download/10072114/crossDownload.do · p.439),"찾은 범위: 연차보고서 p.1–p.456, 사업보고서 p.1–p.924, 경영공시 p.1–p.137 전 쪽 — 검색어는 5장 「17조」 줄. / 검증 반박(2026-10-08 KST): 넓힌 검색어로 같은 출처(risk8 세 문서·대조판)와 risk9 같은 회사 다른 기간 정기보고서 전 쪽을 다시 검색 — 검색어·걸린 줄 수는 맨 끝 검증 기록 표의 17조 행. 결과: 부분 성공 — H-37(그룹내부통제 규정 제7조⑥⑧) 추가. 제9조⑦의 관련 내규(공식문서로 전달할 사항)는 추출 범위에 없음. · 5장 정규식(17조): `의사\s*전달¦의사\s*소통¦공식\s*문서¦공문¦전자\s*문서¦서면\s*(으로¦통보¦통지)¦사전\s*협의`",공식문서로 전달할 사항을 정한 관련 내규(제9조⑦)는 추출 범위에 없음 — 지시서 핵심 밖
하나금융지주,21,신용위험,지주 차원의 유형별 측정 방법 · 연결 측정 여부,받은 글,"지주 차원의 유형별 측정 방법 — 연결기업 신용위험 예상손실·미예상손실(H-22), 리스크 유형별 내부자본 한도(H-39·H-40) · 연결 측정 여부 — 연결기업 측정 문장(H-22)",-,H-04(handoff/13차_산출물/9-4_하나금융지주.md:331 · 하나금융지주 「2025 하나금융지주 지배구조 및 보수체계 연차보고서」(본공시) · https://www.hanafn.com:8002/download/10072114/crossDownload.do · p.223–p.226); H-34(handoff/13차_산출물/9-4_하나금융지주.md:634 · 하나금융지주 「2025 하나금융지주 지배구조 및 보수체계 연차보고서」(본공시) · https://www.hanafn.com:8002/download/10072114/crossDownload.do · p.289); H-10(handoff/13차_산출물/9-4_하나금융지주.md:696 · 하나금융지주 「2025 하나금융지주 지배구조 및 보수체계 연차보고서」(본공시) · https://www.hanafn.com:8002/download/10072114/crossDownload.do · p.291–p.292); H-11(handoff/13차_산출물/9-4_하나금융지주.md:895 · 하나금융지주 「2025 하나금융지주 지배구조 및 보수체계 연차보고서」(본공시) · https://www.hanafn.com:8002/download/10072114/crossDownload.do · p.390–p.394); H-22(handoff/13차_산출물/9-4_하나금융지주.md:1318 · 하나금융지주 사업보고서 (2025.12) · 접수번호 20260316001292 · p.228–p.229); H-39(handoff/13차_산출물/9-4_하나금융지주.md:1482 · 하나금융지주 사업보고서 (2025.12) · 접수번호 20260316001292 · p.265); H-41(handoff/13차_산출물/9-4_하나금융지주.md:1505 · 하나금융지주 사업보고서 (2025.12) · 접수번호 20260316001292 · p.733); H-26(handoff/13차_산출물/9-4_하나금융지주.md:1586 · 하나금융지주 사업보고서 (2025.12) · 접수번호 20260316001292 · p.757); H-40(handoff/13차_산출물/9-4_하나금융지주.md:1727 · 하나금융지주 「2026년 2분기 하나금융지주회사 현황」(경영공시) · https://www.hanafn.com/download/10080193/crossDownload.do · p.77),"찾은 범위: 연차보고서 p.1–p.456, 사업보고서 p.1–p.924, 경영공시 p.1–p.137 전 쪽 — 검색어는 5장 「21조」 줄과 「21·22·24 연결」 줄. / 검증 반박(2026-10-08 KST): 넓힌 검색어로 같은 출처(risk8 세 문서·대조판)와 risk9 같은 회사 다른 기간 정기보고서 전 쪽을 다시 검색 — 검색어·걸린 줄 수는 맨 끝 검증 기록 표의 21·22·24조 행. 결과: 실패 — 부분 보강 H-39·H-40(유형별 내부자본 한도)·H-34·H-41. 걸린 분산효과·상관관계는 보험자회사 K-ICS·공정가치 평가 주석. 그룹 유형별 연결 측정·단순 합산 여부는 추출 범위에 없음. · 5장 정규식(21조): `신용\s*(리스크¦위험)¦내부등급법¦예상\s*손실¦미예상\s*손실` · 5장 정규식(21·22·24 연결): `연결\s*(기준¦실체¦기업¦회사)¦그룹\s*(통합¦차원)¦통합\s*(리스크¦위험¦내부자본)¦단순\s*(합¦합산)¦분산\s*효과¦상관\s*계수`",판정 원문 조각(8사 공통 잣대 (a) — 측정 주체·기준 「연결」 낱말): 「연결기업은 신용위험 측정시 예상손실과 미예상손실로 구분하고 있습니다」(H-22). 관계회사 측정치를 연결 기준으로 통합하는지 단순 합산하는지를 가르는 글은 인용 글에 나오지 않음(H-22 수집 note 의 관찰 그대로); 금감원 검사 지적의 상관계수 분산효과 반영 통합 내부자본(H-10)은 유형 사이 통합
하나금융지주,22,시장위험,지주 차원의 유형별 측정 방법 · 연결 측정 여부,받은 글,"지주 차원의 유형별 측정 방법 — 바젤III 표준방법(민감도·부도·잔여위험 측정 뒤 합산)·관계기업 자체 시스템(H-23), 일별 측정·월/분기 보고(H-27) · 연결 측정 여부 — 연결기업 측정 문장(H-23)",-,H-04(handoff/13차_산출물/9-4_하나금융지주.md:331 · 하나금융지주 「2025 하나금융지주 지배구조 및 보수체계 연차보고서」(본공시) · https://www.hanafn.com:8002/download/10072114/crossDownload.do · p.223–p.226); H-10(handoff/13차_산출물/9-4_하나금융지주.md:696 · 하나금융지주 「2025 하나금융지주 지배구조 및 보수체계 연차보고서」(본공시) · https://www.hanafn.com:8002/download/10072114/crossDownload.do · p.291–p.292); H-23(handoff/13차_산출물/9-4_하나금융지주.md:1349 · 하나금융지주 사업보고서 (2025.12) · 접수번호 20260316001292 · p.257–p.258); H-39(handoff/13차_산출물/9-4_하나금융지주.md:1482 · 하나금융지주 사업보고서 (2025.12) · 접수번호 20260316001292 · p.265); H-27(handoff/13차_산출물/9-4_하나금융지주.md:1615 · 하나금융지주 사업보고서 (2025.12) · 접수번호 20260316001292 · p.757–p.758); H-40(handoff/13차_산출물/9-4_하나금융지주.md:1727 · 하나금융지주 「2026년 2분기 하나금융지주회사 현황」(경영공시) · https://www.hanafn.com/download/10080193/crossDownload.do · p.77),"찾은 범위: 연차보고서 p.1–p.456, 사업보고서 p.1–p.924, 경영공시 p.1–p.137 전 쪽 — 검색어는 5장 「22조」 줄과 「21·22·24 연결」 줄. / 검증 반박(2026-10-08 KST): 넓힌 검색어로 같은 출처(risk8 세 문서·대조판)와 risk9 같은 회사 다른 기간 정기보고서 전 쪽을 다시 검색 — 검색어·걸린 줄 수는 맨 끝 검증 기록 표의 21·22·24조 행. 결과: 실패 — 부분 보강 H-39·H-40. 그룹 시장위험의 연결 측정 여부는 H-23(일관된 방법으로 산출) 밖에 추출 범위에 없음. · 5장 정규식(22조): `시장\s*(리스크¦위험)¦VaR¦표준방법¦내부모형¦트레이딩\s*정책` · 5장 정규식(21·22·24 연결): `연결\s*(기준¦실체¦기업¦회사)¦그룹\s*(통합¦차원)¦통합\s*(리스크¦위험¦내부자본)¦단순\s*(합¦합산)¦분산\s*효과¦상관\s*계수`","판정 원문 조각(8사 공통 잣대 (a) — 측정 주체·기준 「연결」 낱말): 「연결기업은 시장위험관리를 위해 정기적으로 위험량을 측정」(H-23 — iM [I-B3]·NH [N-B3] 와 같은 꼴), 「바젤III 표준방법으로 민감도 위험, 부도위험, 잔여위험으로 나누어 측정한 뒤 합산하여산출합니다」(H-23). 「그룹차원의 시장위험을 일관된 방법으로 산출」(H-23)만으로는 잣대 (b)(연결·합산 기준 낱말이 그 문장에 나오지 않음)"
하나금융지주,24,금리위험,지주 차원의 유형별 측정 방법 · 연결 측정 여부,"일부(지주 차원의 유형별 측정 방법 있음, 연결 측정 여부 추출 범위에 없음)","지주 차원의 유형별 측정 방법 — 각 관계회사별 측정·IRRBB △EVE 한도(H-24·H-28), 주요 자회사별 △EVE·△NII(H-32)",연결 측정 여부,H-10(handoff/13차_산출물/9-4_하나금융지주.md:696 · 하나금융지주 「2025 하나금융지주 지배구조 및 보수체계 연차보고서」(본공시) · https://www.hanafn.com:8002/download/10072114/crossDownload.do · p.291–p.292); H-24(handoff/13차_산출물/9-4_하나금융지주.md:1441 · 하나금융지주 사업보고서 (2025.12) · 접수번호 20260316001292 · p.260); H-39(handoff/13차_산출물/9-4_하나금융지주.md:1482 · 하나금융지주 사업보고서 (2025.12) · 접수번호 20260316001292 · p.265); H-28(handoff/13차_산출물/9-4_하나금융지주.md:1654 · 하나금융지주 사업보고서 (2025.12) · 접수번호 20260316001292 · p.758–p.759); H-40(handoff/13차_산출물/9-4_하나금융지주.md:1727 · 하나금융지주 「2026년 2분기 하나금융지주회사 현황」(경영공시) · https://www.hanafn.com/download/10080193/crossDownload.do · p.77); H-32(handoff/13차_산출물/9-4_하나금융지주.md:1781 · 하나금융지주 「2026년 2분기 하나금융지주회사 현황」(경영공시) · https://www.hanafn.com/download/10080193/crossDownload.do · p.124–p.125),"찾은 범위: 연차보고서 p.1–p.456, 사업보고서 p.1–p.924, 경영공시 p.1–p.137 전 쪽 — 검색어는 5장 「24조」 줄과 「21·22·24 연결」 줄. / 검증 반박(2026-10-08 KST): 넓힌 검색어로 같은 출처(risk8 세 문서·대조판)와 risk9 같은 회사 다른 기간 정기보고서 전 쪽을 다시 검색 — 검색어·걸린 줄 수는 맨 끝 검증 기록 표의 21·22·24조 행. 결과: 실패 — 부분 보강 H-39·H-40. 금리위험 합산값·연결 측정 여부는 추출 범위에 없음. · 5장 정규식(24조): `금리\s*(리스크¦위험)¦이자율\s*(리스크¦위험)¦IRRBB¦EVE¦NII¦EaR` · 5장 정규식(21·22·24 연결): `연결\s*(기준¦실체¦기업¦회사)¦그룹\s*(통합¦차원)¦통합\s*(리스크¦위험¦내부자본)¦단순\s*(합¦합산)¦분산\s*효과¦상관\s*계수`","가까운 글(판단) — 판정 원문 조각(자회사별 측정 — 측정 단위가 자회사): 「연결기업은 각 관계회사별로 여신, 예치금, 채권 등의 금리부자산과」·「금리위험을 측정합니다」(H-24 — 측정 단위가 관계회사). 자회사별 값만 공시 — 합산값·연결 측정값은 추출 범위에 없음"
하나금융지주,27,전략 및 평판위험,관리 체제 · 측정이나 평가 수단,"일부(가까운 글만, 관리 체제·측정이나 평가 수단 추출 범위에 없음)",-(가까운 글만),관리 체제 · 측정이나 평가 수단,H-24b(handoff/13차_산출물/9-4_하나금융지주.md:1420 · 하나금융지주 사업보고서 (2025.12) · 접수번호 20260316001292 · p.259),"찾은 범위: 연차보고서 p.1–p.456, 사업보고서 p.1–p.924, 경영공시 p.1–p.137 전 쪽 — 검색어는 5장 「27조」 줄. / 검증 반박(2026-10-08 KST): 넓힌 검색어로 같은 출처(risk8 세 문서·대조판)와 risk9 같은 회사 다른 기간 정기보고서 전 쪽을 다시 검색 — 검색어·걸린 줄 수는 맨 끝 검증 기록 표의 27조 행. 결과: 실패 — 걸린 것은 하나은행 정보보호 위험 서술(사업 p.852 평판저하), ELS 판매 중단에 따른 평판 악화(사업 p.102), 사외이사·최고경영자 후보 평판 등. 전략·평판위험 관리 체제·측정 수단은 추출 범위에 없음. · 5장 정규식(27조): `전략\s*(리스크¦위험)¦평판\s*(리스크¦위험¦손실¦저하¦악화)¦평판¦Reputation`",가까운 글(판단): 운영위험 손실사건 정의 속 평판손실 등 비금전적 손실(H-24b)
하나금융지주,34,해외위험 관리,총괄 · 사전 검토 · 정기 점검·보고,"일부(정기 점검·보고 있음, 총괄·사전 검토 추출 범위에 없음)","정기 점검·보고 — 리스크관리집행위원회 보고 의안(관계회사별 해외점포 리스크관리 현황·국가별 리스크 분석 결과, H-09 — 정기 보고로 읽음(판단))",총괄 · 사전 검토,H-04(handoff/13차_산출물/9-4_하나금융지주.md:331 · 하나금융지주 「2025 하나금융지주 지배구조 및 보수체계 연차보고서」(본공시) · https://www.hanafn.com:8002/download/10072114/crossDownload.do · p.223–p.226); H-05(handoff/13차_산출물/9-4_하나금융지주.md:473 · 하나금융지주 「2025 하나금융지주 지배구조 및 보수체계 연차보고서」(본공시) · https://www.hanafn.com:8002/download/10072114/crossDownload.do · p.227); H-08(handoff/13차_산출물/9-4_하나금융지주.md:525 · 하나금융지주 「2025 하나금융지주 지배구조 및 보수체계 연차보고서」(본공시) · https://www.hanafn.com:8002/download/10072114/crossDownload.do · p.236); H-09(handoff/13차_산출물/9-4_하나금융지주.md:546 · 하나금융지주 「2025 하나금융지주 지배구조 및 보수체계 연차보고서」(본공시) · https://www.hanafn.com:8002/download/10072114/crossDownload.do · p.285–p.286); H-34(handoff/13차_산출물/9-4_하나금융지주.md:634 · 하나금융지주 「2025 하나금융지주 지배구조 및 보수체계 연차보고서」(본공시) · https://www.hanafn.com:8002/download/10072114/crossDownload.do · p.289); H-35(handoff/13차_산출물/9-4_하나금융지주.md:677 · 하나금융지주 「2025 하나금융지주 지배구조 및 보수체계 연차보고서」(본공시) · https://www.hanafn.com:8002/download/10072114/crossDownload.do · p.291); H-11(handoff/13차_산출물/9-4_하나금융지주.md:895 · 하나금융지주 「2025 하나금융지주 지배구조 및 보수체계 연차보고서」(본공시) · https://www.hanafn.com:8002/download/10072114/crossDownload.do · p.390–p.394); H-15(handoff/13차_산출물/9-4_하나금융지주.md:1100 · 하나금융지주 「2025 하나금융지주 지배구조 및 보수체계 연차보고서」(본공시) · https://www.hanafn.com:8002/download/10072114/crossDownload.do · p.431–p.432); H-26(handoff/13차_산출물/9-4_하나금융지주.md:1586 · 하나금융지주 사업보고서 (2025.12) · 접수번호 20260316001292 · p.757); H-33(handoff/13차_산출물/9-4_하나금융지주.md:1746 · 하나금융지주 「2026년 2분기 하나금융지주회사 현황」(경영공시) · https://www.hanafn.com/download/10080193/crossDownload.do · p.120); H-38(handoff/13차_산출물/9-4_하나금융지주.md:1863 · 하나금융지주 사업보고서 (2024.12) · 접수번호 20250317000894 · p.492–p.493),"찾은 범위: 연차보고서 p.1–p.456, 사업보고서 p.1–p.924, 경영공시 p.1–p.137 전 쪽 — 검색어는 5장 「34조」 줄. / 검증 반박(2026-10-08 KST): 넓힌 검색어로 같은 출처(risk8 세 문서·대조판)와 risk9 같은 회사 다른 기간 정기보고서 전 쪽을 다시 검색 — 검색어·걸린 줄 수는 맨 끝 검증 기록 표의 34조 행. 결과: 실패 — 부분 보강 H-34·H-35·H-38. 해외위험 총괄·사전 검토·정기 점검을 정한 내규 문구는 추출 범위에 없음. · 5장 정규식(34조): `해외¦글로벌¦국외¦국가\s*(별¦위험¦리스크¦익스포)¦국별¦지역별¦현지\s*법인¦Country¦신사업\s*진출`","가까운 글(판단): 국가별 신용공여 한도·해외 대체투자 한도(H-04·H-08·H-11), 리스크관리위원회 규정 제5조의2 신사업 진출 사전심의·경영관리협의회 규정 제6조 사전검토(H-11·H-15 — 해외를 따로 적지 않음), 금감원 검사 지적(H-34·H-35), 해외대체투자 한도 관리대상 확대(H-38)"
하나금융지주,53,위기대응조직,구성 · 전환 요건,"일부(가까운 글만, 구성·전환 요건 추출 범위에 없음)",-(가까운 글만),구성 · 전환 요건,H-07(handoff/13차_산출물/9-4_하나금융지주.md:510 · 하나금융지주 「2025 하나금융지주 지배구조 및 보수체계 연차보고서」(본공시) · https://www.hanafn.com:8002/download/10072114/crossDownload.do · p.230); H-08(handoff/13차_산출물/9-4_하나금융지주.md:525 · 하나금융지주 「2025 하나금융지주 지배구조 및 보수체계 연차보고서」(본공시) · https://www.hanafn.com:8002/download/10072114/crossDownload.do · p.236); H-14(handoff/13차_산출물/9-4_하나금융지주.md:814 · 하나금융지주 「2025 하나금융지주 지배구조 및 보수체계 연차보고서」(본공시) · https://www.hanafn.com:8002/download/10072114/crossDownload.do · p.378–p.379); H-25(handoff/13차_산출물/9-4_하나금융지주.md:1519 · 하나금융지주 사업보고서 (2025.12) · 접수번호 20260316001292 · p.756–p.757); H-28(handoff/13차_산출물/9-4_하나금융지주.md:1654 · 하나금융지주 사업보고서 (2025.12) · 접수번호 20260316001292 · p.758–p.759),"찾은 범위: 연차보고서 p.1–p.456, 사업보고서 p.1–p.924, 경영공시 p.1–p.137 전 쪽 — 검색어는 5장 「53조」 줄. / 검증 반박(2026-10-08 KST): 넓힌 검색어로 같은 출처(risk8 세 문서·대조판)와 risk9 같은 회사 다른 기간 정기보고서 전 쪽을 다시 검색 — 검색어·걸린 줄 수는 맨 끝 검증 기록 표의 53조 행. 결과: 실패 — 걸린 것은 자체정상화계획 갱신·모의훈련, 통합위기상황분석, 유동성 비상조달계획, 최고경영자 비상계획(경영승계), 하나은행 멕시코 법인 Contingency Plan 제재(사업 p.840·p.842). 위기대응조직 구성·전환 요건은 추출 범위에 없음. · 5장 정규식(53조): `위기\s*대응¦위기\s*관리¦비상\s*(계획¦대책¦조달¦경영¦대응¦지원)¦컨틴전시¦Contingency¦자체\s*정상화¦위기대응계획`","가까운 글(판단): 통합위기상황분석 결과 그룹 자본관리계획·비상조달계획 결의(H-07·H-08), 자체정상화계획 이사회 결의사항(H-14), 그룹차원의 위기대응능력 강화 과제(H-25), 유동성 위기 대응(H-28)"
하나금융지주,55,조기경보체계,지표 목록 · 발령 단계,"일부(가까운 글만, 지표 목록·발령 단계 추출 범위에 없음)",-(가까운 글만),지표 목록 · 발령 단계,H-41(handoff/13차_산출물/9-4_하나금융지주.md:1505 · 하나금융지주 사업보고서 (2025.12) · 접수번호 20260316001292 · p.733); H-26(handoff/13차_산출물/9-4_하나금융지주.md:1586 · 하나금융지주 사업보고서 (2025.12) · 접수번호 20260316001292 · p.757); H-27(handoff/13차_산출물/9-4_하나금융지주.md:1615 · 하나금융지주 사업보고서 (2025.12) · 접수번호 20260316001292 · p.757–p.758); H-28(handoff/13차_산출물/9-4_하나금융지주.md:1654 · 하나금융지주 사업보고서 (2025.12) · 접수번호 20260316001292 · p.758–p.759); H-33(handoff/13차_산출물/9-4_하나금융지주.md:1746 · 하나금융지주 「2026년 2분기 하나금융지주회사 현황」(경영공시) · https://www.hanafn.com/download/10080193/crossDownload.do · p.120),"찾은 범위: 연차보고서 p.1–p.456, 사업보고서 p.1–p.924, 경영공시 p.1–p.137 전 쪽 — 검색어는 5장 「55조」 줄. / 검증 반박(2026-10-08 KST): 넓힌 검색어로 같은 출처(risk8 세 문서·대조판)와 risk9 같은 회사 다른 기간 정기보고서 전 쪽을 다시 검색 — 검색어·걸린 줄 수는 맨 끝 검증 기록 표의 55조 행. 결과: 실패 — 부분 보강 H-41. 걸린 손상징후·트리거 조항은 회계·유동화 주석. 지표 목록·발령 단계는 추출 범위에 없음. · 5장 정규식(55조): `조기\s*경보¦위기\s*징후¦Early\s*Warning¦EWS¦위기\s*(단계¦상황\s*단계)¦주의\s*단계¦위기\s*인식¦임계\s*(치¦수준¦값¦점)¦Trigger¦경보\s*(체계¦지표¦발령¦단계)¦단계별\s*대응¦모니터링\s*지표`","가까운 글(판단): 시장리스크 조기경보지표·단계별 대응방안이 있다는 서술(H-27), 관계회사별 유동성 조기경보지표(H-28), 신용 조기 경보 시스템(H-26·H-41), 하나은행 유동성 모니터링 지표(H-33)"
우리금융지주,3,적용대상,위험이 경미한 자회사를 적용에서 빼는 기준,"일부(가까운 글만, 위험이 경미한 자회사를 적용에서 빼는 기준 추출 범위에 없음)",-(가까운 글만),위험이 경미한 자회사를 적용에서 빼는 기준,W-35(handoff/13차_산출물/9-4_우리금융지주.md:313 · 우리금융지주 「2025 년도 지배구조 및 보상체계 연차보고서 공시」(본공시) · https://www.woorifg.com/cmm/fms/FileDown.do?fileId=FILE_000000000003960&saveFileNm=202602270537409700.pdf&fileSeq=0 · p.99); W-05(handoff/13차_산출물/9-4_우리금융지주.md:391 · 우리금융지주 「2025 년도 지배구조 및 보상체계 연차보고서 공시」(본공시) · https://www.woorifg.com/cmm/fms/FileDown.do?fileId=FILE_000000000003960&saveFileNm=202602270537409700.pdf&fileSeq=0 · p.162); W-11(handoff/13차_산출물/9-4_우리금융지주.md:646 · 우리금융지주 「2025 년도 지배구조 및 보상체계 연차보고서 공시」(본공시) · https://www.woorifg.com/cmm/fms/FileDown.do?fileId=FILE_000000000003960&saveFileNm=202602270537409700.pdf&fileSeq=0 · p.195–p.197); W-26(handoff/13차_산출물/9-4_우리금융지주.md:1164 · 우리금융지주 사업보고서 (2025.12) · 접수번호 20260313001235 · p.230); W-23(handoff/13차_산출물/9-4_우리금융지주.md:1353 · 우리금융지주 사업보고서 (2025.12) · 접수번호 20260313001235 · p.671); W-31(handoff/13차_산출물/9-4_우리금융지주.md:1439 · 우리금융지주 「2026년 상반기 우리금융지주 현황」(경영공시) · https://www.woorifg.com/cmm/fms/FileDown.do?fileId=FILE_000000000004555&saveFileNm=202608310428140410.pdf&fileSeq=0 · p.68); W-32(handoff/13차_산출물/9-4_우리금융지주.md:1492 · 우리금융지주 「2026년 상반기 우리금융지주 현황」(경영공시) · https://www.woorifg.com/cmm/fms/FileDown.do?fileId=FILE_000000000004555&saveFileNm=202608310428140410.pdf&fileSeq=0 · p.114),"찾은 범위: 연차보고서 p.1–p.301, 사업보고서 p.1–p.794, 경영공시 p.1–p.132 전 쪽 — 검색어는 5장 「3조」 줄. / 검증 반박(2026-10-08 KST): 넓힌 검색어로 같은 출처(risk8 세 문서·대조판)와 risk9 같은 회사 다른 기간 정기보고서 전 쪽을 다시 검색 — 검색어·걸린 줄 수는 맨 끝 검증 기록 표의 3조 행. 결과: 실패 — 부분 보강 W-35(자체정상화 계획의 자회사 유형 분류). 위험이 경미한 자회사를 적용에서 빼는 기준은 추출 범위에 없음. · 5장 정규식(3조): `적용\s*(범위¦대상¦배제¦제외¦예외)¦경미¦미미¦대상에서\s*제외¦산출\s*대상에서\s*제외¦측정\s*(대상¦계열사¦자회사)¦간편법¦감독목적의?\s*연결¦특수성을\s*반영`","가까운 글(판단): 트레이딩 규모가 미미한 자회사 등 간편법(W-23·W-26·W-32 — 배제가 아니라 간편 측정), 위험성향 설정 대상 12개 자회사(W-05), 협의회 위원 범위(W-11), 감독목적 연결 범위 보험사 제외(W-31), 자체정상화 계획 자회사 유형 분류(W-35)"
우리금융지주,4,위험관리 철학,위험관리 철학·원칙 문구(내규),"일부(위험관리 철학·원칙 문구(철학) 있음, 위험관리 철학·원칙 문구(내규 이름) 추출 범위에 없음)",위험관리 철학·원칙 문구(철학) — 철학 문구(W-04),위험관리 철학·원칙 문구(내규 이름),W-02(handoff/13차_산출물/9-4_우리금융지주.md:129 · 우리금융지주 「2025 년도 지배구조 및 보상체계 연차보고서 공시」(본공시) · https://www.woorifg.com/cmm/fms/FileDown.do?fileId=FILE_000000000003960&saveFileNm=202602270537409700.pdf&fileSeq=0 · p.22–p.23); W-03(handoff/13차_산출물/9-4_우리금융지주.md:201 · 우리금융지주 「2025 년도 지배구조 및 보상체계 연차보고서 공시」(본공시) · https://www.woorifg.com/cmm/fms/FileDown.do?fileId=FILE_000000000003960&saveFileNm=202602270537409700.pdf&fileSeq=0 · p.40–p.42); W-04(handoff/13차_산출물/9-4_우리금융지주.md:346 · 우리금융지주 「2025 년도 지배구조 및 보상체계 연차보고서 공시」(본공시) · https://www.woorifg.com/cmm/fms/FileDown.do?fileId=FILE_000000000003960&saveFileNm=202602270537409700.pdf&fileSeq=0 · p.161); W-06(handoff/13차_산출물/9-4_우리금융지주.md:438 · 우리금융지주 「2025 년도 지배구조 및 보상체계 연차보고서 공시」(본공시) · https://www.woorifg.com/cmm/fms/FileDown.do?fileId=FILE_000000000003960&saveFileNm=202602270537409700.pdf&fileSeq=0 · p.164–p.165); W-21(handoff/13차_산출물/9-4_우리금융지주.md:1239 · 우리금융지주 사업보고서 (2025.12) · 접수번호 20260313001235 · p.669–p.670),"찾은 범위: 연차보고서 p.1–p.301, 사업보고서 p.1–p.794, 경영공시 p.1–p.132 전 쪽 — 검색어는 5장 「4·5조」 줄. / 검증 반박(2026-10-08 KST): 넓힌 검색어로 같은 출처(risk8 세 문서·대조판)와 risk9 같은 회사 다른 기간 정기보고서 전 쪽을 다시 검색 — 검색어·걸린 줄 수는 맨 끝 검증 기록 표의 4·5조 행. 결과: 새 문구는 걸리지 않음 — 원래 인용(W-04·W-21) 그대로. 철학·원칙이 실린 내규 이름은 추출 범위에 없음. · 5장 정규식(4·5조): `철학¦리스크\s*관리\s*원칙¦위험\s*관리\s*원칙¦리스크\s*관리\s*정책¦위험\s*관리\s*정책¦최상위¦금융업의\s*본질`","실린 내규 이름은 추출 범위에 없음 — 그룹리스크관리정책(2025.2.28 이사회 제정, W-03)일 가능성(판단)"
우리금융지주,5,위험관리 원칙,위험관리 철학·원칙 문구(내규),"일부(위험관리 철학·원칙 문구(원칙) 있음, 위험관리 철학·원칙 문구(내규 이름) 추출 범위에 없음)","위험관리 철학·원칙 문구(원칙) — 원칙 문구(원칙 1~5, W-04·W-21)",위험관리 철학·원칙 문구(내규 이름),W-02(handoff/13차_산출물/9-4_우리금융지주.md:129 · 우리금융지주 「2025 년도 지배구조 및 보상체계 연차보고서 공시」(본공시) · https://www.woorifg.com/cmm/fms/FileDown.do?fileId=FILE_000000000003960&saveFileNm=202602270537409700.pdf&fileSeq=0 · p.22–p.23); W-03(handoff/13차_산출물/9-4_우리금융지주.md:201 · 우리금융지주 「2025 년도 지배구조 및 보상체계 연차보고서 공시」(본공시) · https://www.woorifg.com/cmm/fms/FileDown.do?fileId=FILE_000000000003960&saveFileNm=202602270537409700.pdf&fileSeq=0 · p.40–p.42); W-04(handoff/13차_산출물/9-4_우리금융지주.md:346 · 우리금융지주 「2025 년도 지배구조 및 보상체계 연차보고서 공시」(본공시) · https://www.woorifg.com/cmm/fms/FileDown.do?fileId=FILE_000000000003960&saveFileNm=202602270537409700.pdf&fileSeq=0 · p.161); W-06(handoff/13차_산출물/9-4_우리금융지주.md:438 · 우리금융지주 「2025 년도 지배구조 및 보상체계 연차보고서 공시」(본공시) · https://www.woorifg.com/cmm/fms/FileDown.do?fileId=FILE_000000000003960&saveFileNm=202602270537409700.pdf&fileSeq=0 · p.164–p.165); W-21(handoff/13차_산출물/9-4_우리금융지주.md:1239 · 우리금융지주 사업보고서 (2025.12) · 접수번호 20260313001235 · p.669–p.670),"찾은 범위: 연차보고서 p.1–p.301, 사업보고서 p.1–p.794, 경영공시 p.1–p.132 전 쪽 — 검색어는 5장 「4·5조」 줄. / 검증 반박(2026-10-08 KST): 넓힌 검색어로 같은 출처(risk8 세 문서·대조판)와 risk9 같은 회사 다른 기간 정기보고서 전 쪽을 다시 검색 — 검색어·걸린 줄 수는 맨 끝 검증 기록 표의 4·5조 행. 결과: 새 문구는 걸리지 않음 — 원래 인용(W-04·W-21) 그대로. 철학·원칙이 실린 내규 이름은 추출 범위에 없음. · 5장 정규식(4·5조): `철학¦리스크\s*관리\s*원칙¦위험\s*관리\s*원칙¦리스크\s*관리\s*정책¦위험\s*관리\s*정책¦최상위¦금융업의\s*본질`",실린 내규 이름은 추출 범위에 없음 — 그룹리스크관리정책(W-03)일 가능성(판단)
우리금융지주,17,의사전달체계,지주가 자회사에 의사를 전달하는 문서 형식,"일부(가까운 글만, 지주가 자회사에 의사를 전달하는 문서 형식 추출 범위에 없음)",-(가까운 글만),지주가 자회사에 의사를 전달하는 문서 형식,W-36(handoff/13차_산출물/9-4_우리금융지주.md:331 · 우리금융지주 「2025 년도 지배구조 및 보상체계 연차보고서 공시」(본공시) · https://www.woorifg.com/cmm/fms/FileDown.do?fileId=FILE_000000000003960&saveFileNm=202602270537409700.pdf&fileSeq=0 · p.156); W-42(handoff/13차_산출물/9-4_우리금융지주.md:620 · 우리금융지주 「2025 년도 지배구조 및 보상체계 연차보고서 공시」(본공시) · https://www.woorifg.com/cmm/fms/FileDown.do?fileId=FILE_000000000003960&saveFileNm=202602270537409700.pdf&fileSeq=0 · p.193); W-11(handoff/13차_산출물/9-4_우리금융지주.md:646 · 우리금융지주 「2025 년도 지배구조 및 보상체계 연차보고서 공시」(본공시) · https://www.woorifg.com/cmm/fms/FileDown.do?fileId=FILE_000000000003960&saveFileNm=202602270537409700.pdf&fileSeq=0 · p.195–p.197); W-15(handoff/13차_산출물/9-4_우리금융지주.md:998 · 우리금융지주 「2025 년도 지배구조 및 보상체계 연차보고서 공시」(본공시) · https://www.woorifg.com/cmm/fms/FileDown.do?fileId=FILE_000000000003960&saveFileNm=202602270537409700.pdf&fileSeq=0 · p.280–p.282); W-19(handoff/13차_산출물/9-4_우리금융지주.md:1111 · 우리금융지주 「2025 년도 지배구조 및 보상체계 연차보고서 공시」(본공시) · https://www.woorifg.com/cmm/fms/FileDown.do?fileId=FILE_000000000003960&saveFileNm=202602270537409700.pdf&fileSeq=0 · p.297–p.298),"찾은 범위: 연차보고서 p.1–p.301, 사업보고서 p.1–p.794, 경영공시 p.1–p.132 전 쪽 — 검색어는 5장 「17조」 줄. / 검증 반박(2026-10-08 KST): 넓힌 검색어로 같은 출처(risk8 세 문서·대조판)와 risk9 같은 회사 다른 기간 정기보고서 전 쪽을 다시 검색 — 검색어·걸린 줄 수는 맨 끝 검증 기록 표의 17조 행. 결과: 부분 보강 — W-36(자회사등경영관리규정 이름)·W-42(그룹경영협의회 운영). 지주가 자회사에 뜻을 전하는 문서 형식은 추출 범위에 없음. · 5장 정규식(17조): `의사\s*전달¦의사\s*소통¦공식\s*문서¦공문¦전자\s*문서¦서면\s*(으로¦통보¦통지)¦사전\s*협의`","가까운 글(판단): 그룹경영협의회규정 — 지주와 자회사등간 원활한 의사소통 및 협조체제·협의 사안 이행 점검(W-19·W-42), 지주 및 자회사 간 사전협의 지주 내규 일괄 개정(W-36), 리스크관리위원회규정 제6조②3호(W-15 — 자회사→지주 방향), 그룹리스크관리협의회 운영(W-11)"
우리금융지주,21,신용위험,지주 차원의 유형별 측정 방법 · 연결 측정 여부,"일부(지주 차원의 유형별 측정 방법 있음, 연결 측정 여부 추출 범위에 없음)","지주 차원의 유형별 측정 방법 — 그룹 신용위험 측정요소 PD·EAD·LGD·신용등급평가모형(W-22), 리스크유형별·그룹사별 내부자본 배분(W-05·W-10)",연결 측정 여부,W-05(handoff/13차_산출물/9-4_우리금융지주.md:391 · 우리금융지주 「2025 년도 지배구조 및 보상체계 연차보고서 공시」(본공시) · https://www.woorifg.com/cmm/fms/FileDown.do?fileId=FILE_000000000003960&saveFileNm=202602270537409700.pdf&fileSeq=0 · p.162); W-10(handoff/13차_산출물/9-4_우리금융지주.md:607 · 우리금융지주 「2025 년도 지배구조 및 보상체계 연차보고서 공시」(본공시) · https://www.woorifg.com/cmm/fms/FileDown.do?fileId=FILE_000000000003960&saveFileNm=202602270537409700.pdf&fileSeq=0 · p.170); W-15(handoff/13차_산출물/9-4_우리금융지주.md:998 · 우리금융지주 「2025 년도 지배구조 및 보상체계 연차보고서 공시」(본공시) · https://www.woorifg.com/cmm/fms/FileDown.do?fileId=FILE_000000000003960&saveFileNm=202602270537409700.pdf&fileSeq=0 · p.280–p.282); W-22(handoff/13차_산출물/9-4_우리금융지주.md:1321 · 우리금융지주 사업보고서 (2025.12) · 접수번호 20260313001235 · p.670–p.671); W-41(handoff/13차_산출물/9-4_우리금융지주.md:1475 · 우리금융지주 「2026년 상반기 우리금융지주 현황」(경영공시) · https://www.woorifg.com/cmm/fms/FileDown.do?fileId=FILE_000000000004555&saveFileNm=202608310428140410.pdf&fileSeq=0 · p.83),"찾은 범위: 연차보고서 p.1–p.301, 사업보고서 p.1–p.794, 경영공시 p.1–p.132 전 쪽 — 검색어는 5장 「21조」 줄과 「21·22·24 연결」 줄. / 검증 반박(2026-10-08 KST): 넓힌 검색어로 같은 출처(risk8 세 문서·대조판)와 risk9 같은 회사 다른 기간 정기보고서 전 쪽을 다시 검색 — 검색어·걸린 줄 수는 맨 끝 검증 기록 표의 21·22·24조 행. 결과: 실패 — 부분 보강 W-41(그룹 자본적정성은 BIS 비율로 평가). 그룹 유형별 연결 측정·단순 합산 여부는 추출 범위에 없음. · 5장 정규식(21조): `신용\s*(리스크¦위험)¦내부등급법¦예상\s*손실¦미예상\s*손실` · 5장 정규식(21·22·24 연결): `연결\s*(기준¦실체¦기업¦회사)¦그룹\s*(통합¦차원)¦통합\s*(리스크¦위험¦내부자본)¦단순\s*(합¦합산)¦분산\s*효과¦상관\s*계수`",가까운 글(판단) — 판정 원문 조각(8사 공통 잣대 (b) — 연결·합산 기준 낱말이 그 문장에 나오지 않음): 「우리금융그룹은 신용위험을 측정하기 위해」(W-22 — 그룹 낱말). 경영공시 그룹 자본적정성 평가방법은 BIS 비율만(W-41)
우리금융지주,22,시장위험,지주 차원의 유형별 측정 방법 · 연결 측정 여부,받은 글,"지주 차원의 유형별 측정 방법 — 표준방법과 내부모형(은행)(W-26), 은행 등 주요 자회사 표준방법·그 외 간편법(W-23·W-26·W-32), 시장리스크 내부자본 배분(W-08) · 연결 측정 여부 — 연결회사 측정 문장(W-26)",-,W-08(handoff/13차_산출물/9-4_우리금융지주.md:538 · 우리금융지주 「2025 년도 지배구조 및 보상체계 연차보고서 공시」(본공시) · https://www.woorifg.com/cmm/fms/FileDown.do?fileId=FILE_000000000003960&saveFileNm=202602270537409700.pdf&fileSeq=0 · p.167–p.168); W-26(handoff/13차_산출물/9-4_우리금융지주.md:1164 · 우리금융지주 사업보고서 (2025.12) · 접수번호 20260313001235 · p.230); W-23(handoff/13차_산출물/9-4_우리금융지주.md:1353 · 우리금융지주 사업보고서 (2025.12) · 접수번호 20260313001235 · p.671); W-41(handoff/13차_산출물/9-4_우리금융지주.md:1475 · 우리금융지주 「2026년 상반기 우리금융지주 현황」(경영공시) · https://www.woorifg.com/cmm/fms/FileDown.do?fileId=FILE_000000000004555&saveFileNm=202608310428140410.pdf&fileSeq=0 · p.83); W-32(handoff/13차_산출물/9-4_우리금융지주.md:1492 · 우리금융지주 「2026년 상반기 우리금융지주 현황」(경영공시) · https://www.woorifg.com/cmm/fms/FileDown.do?fileId=FILE_000000000004555&saveFileNm=202608310428140410.pdf&fileSeq=0 · p.114),"찾은 범위: 연차보고서 p.1–p.301, 사업보고서 p.1–p.794, 경영공시 p.1–p.132 전 쪽 — 검색어는 5장 「22조」 줄과 「21·22·24 연결」 줄. / 검증 반박(2026-10-08 KST): 넓힌 검색어로 같은 출처(risk8 세 문서·대조판)와 risk9 같은 회사 다른 기간 정기보고서 전 쪽을 다시 검색 — 검색어·걸린 줄 수는 맨 끝 검증 기록 표의 21·22·24조 행. 결과: 실패 — 부분 보강 W-41. 그룹 시장위험 합산 방식은 추출 범위에 없음. · 5장 정규식(22조): `시장\s*(리스크¦위험)¦VaR¦표준방법¦내부모형¦트레이딩\s*정책` · 5장 정규식(21·22·24 연결): `연결\s*(기준¦실체¦기업¦회사)¦그룹\s*(통합¦차원)¦통합\s*(리스크¦위험¦내부자본)¦단순\s*(합¦합산)¦분산\s*효과¦상관\s*계수`",판정 원문 조각(8사 공통 잣대 (a) — 측정 주체·기준 「연결」 낱말): 「연결회사는 트레이딩 포지션에 대한 시장위험의 측정방법으로 표준방법과 내부모형(은행)을 이용」(W-26). 자회사별 방법(표준방법/간편법)·내부자본 배분도 같은 글; 경영공시 그룹 자본적정성 평가방법은 BIS 비율만(W-41)
우리금융지주,24,금리위험,지주 차원의 유형별 측정 방법 · 연결 측정 여부,"일부(지주 차원의 유형별 측정 방법 있음, 연결 측정 여부 추출 범위에 없음)","지주 차원의 유형별 측정 방법 — 은행·은행외 자회사 IRRBB, 회사별 △EVE·△NII(W-23·W-26·W-34)",연결 측정 여부,W-26(handoff/13차_산출물/9-4_우리금융지주.md:1164 · 우리금융지주 사업보고서 (2025.12) · 접수번호 20260313001235 · p.230); W-23(handoff/13차_산출물/9-4_우리금융지주.md:1353 · 우리금융지주 사업보고서 (2025.12) · 접수번호 20260313001235 · p.671); W-41(handoff/13차_산출물/9-4_우리금융지주.md:1475 · 우리금융지주 「2026년 상반기 우리금융지주 현황」(경영공시) · https://www.woorifg.com/cmm/fms/FileDown.do?fileId=FILE_000000000004555&saveFileNm=202608310428140410.pdf&fileSeq=0 · p.83); W-34(handoff/13차_산출물/9-4_우리금융지주.md:1581 · 우리금융지주 「2026년 상반기 우리금융지주 현황」(경영공시) · https://www.woorifg.com/cmm/fms/FileDown.do?fileId=FILE_000000000004555&saveFileNm=202608310428140410.pdf&fileSeq=0 · p.121),"찾은 범위: 연차보고서 p.1–p.301, 사업보고서 p.1–p.794, 경영공시 p.1–p.132 전 쪽 — 검색어는 5장 「24조」 줄과 「21·22·24 연결」 줄. / 검증 반박(2026-10-08 KST): 넓힌 검색어로 같은 출처(risk8 세 문서·대조판)와 risk9 같은 회사 다른 기간 정기보고서 전 쪽을 다시 검색 — 검색어·걸린 줄 수는 맨 끝 검증 기록 표의 21·22·24조 행. 결과: 실패 — 부분 보강 W-41. 금리위험 합산값·연결 측정 여부는 추출 범위에 없음. · 5장 정규식(24조): `금리\s*(리스크¦위험)¦이자율\s*(리스크¦위험)¦IRRBB¦EVE¦NII¦EaR` · 5장 정규식(21·22·24 연결): `연결\s*(기준¦실체¦기업¦회사)¦그룹\s*(통합¦차원)¦통합\s*(리스크¦위험¦내부자본)¦단순\s*(합¦합산)¦분산\s*효과¦상관\s*계수`","가까운 글(판단) — 판정 원문 조각(자회사별 측정 — 측정 단위가 자회사): 「비트레이딩 부문의 금리리스크 관리는 은행의 경우, 2019년말부터 은행외 자회사의 경우 2021년부터」(W-26 — 은행·은행외 자회사별). 회사별 값만 공시 — 합산(단순합)·연결 측정값은 추출 범위에 없음; 보험계열사는 K-ICS"
우리금융지주,27,전략 및 평판위험,관리 체제 · 측정이나 평가 수단,"일부(가까운 글만, 관리 체제·측정이나 평가 수단 추출 범위에 없음)",-(가까운 글만),관리 체제 · 측정이나 평가 수단,W-29(handoff/13차_산출물/9-4_우리금융지주.md:1423 · 우리금융지주 사업보고서 (2025.12) · 접수번호 20260313001235 · p.775),"찾은 범위: 연차보고서 p.1–p.301, 사업보고서 p.1–p.794, 경영공시 p.1–p.132 전 쪽 — 검색어는 5장 「27조」 줄. / 검증 반박(2026-10-08 KST): 넓힌 검색어로 같은 출처(risk8 세 문서·대조판)와 risk9 같은 회사 다른 기간 정기보고서 전 쪽을 다시 검색 — 검색어·걸린 줄 수는 맨 끝 검증 기록 표의 27조 행. 결과: 실패 — 걸린 것은 우리금융캐피탈 정보보호(W-29), 회사 이미지·투명성 등. 전략·평판위험 관리 체제·측정 수단은 추출 범위에 없음. · 5장 정규식(27조): `전략\s*(리스크¦위험)¦평판\s*(리스크¦위험¦손실¦저하¦악화)¦평판¦Reputation`",가까운 글(판단): 자회사(우리금융캐피탈) 정보보호 서술 속 평판 리스크 확대(W-29)
우리금융지주,34,해외위험 관리,총괄 · 사전 검토 · 정기 점검·보고,"일부(가까운 글만, 총괄·사전 검토·정기 점검·보고 추출 범위에 없음)",-(가까운 글만),총괄 · 사전 검토 · 정기 점검·보고,W-39(handoff/13차_산출물/9-4_우리금융지주.md:186 · 우리금융지주 「2025 년도 지배구조 및 보상체계 연차보고서 공시」(본공시) · https://www.woorifg.com/cmm/fms/FileDown.do?fileId=FILE_000000000003960&saveFileNm=202602270537409700.pdf&fileSeq=0 · p.40); W-40(handoff/13차_산출물/9-4_우리금융지주.md:295 · 우리금융지주 「2025 년도 지배구조 및 보상체계 연차보고서 공시」(본공시) · https://www.woorifg.com/cmm/fms/FileDown.do?fileId=FILE_000000000003960&saveFileNm=202602270537409700.pdf&fileSeq=0 · p.95); W-05(handoff/13차_산출물/9-4_우리금융지주.md:391 · 우리금융지주 「2025 년도 지배구조 및 보상체계 연차보고서 공시」(본공시) · https://www.woorifg.com/cmm/fms/FileDown.do?fileId=FILE_000000000003960&saveFileNm=202602270537409700.pdf&fileSeq=0 · p.162); W-07(handoff/13차_산출물/9-4_우리금융지주.md:483 · 우리금융지주 「2025 년도 지배구조 및 보상체계 연차보고서 공시」(본공시) · https://www.woorifg.com/cmm/fms/FileDown.do?fileId=FILE_000000000003960&saveFileNm=202602270537409700.pdf&fileSeq=0 · p.165–p.166); W-10(handoff/13차_산출물/9-4_우리금융지주.md:607 · 우리금융지주 「2025 년도 지배구조 및 보상체계 연차보고서 공시」(본공시) · https://www.woorifg.com/cmm/fms/FileDown.do?fileId=FILE_000000000003960&saveFileNm=202602270537409700.pdf&fileSeq=0 · p.170); W-11(handoff/13차_산출물/9-4_우리금융지주.md:646 · 우리금융지주 「2025 년도 지배구조 및 보상체계 연차보고서 공시」(본공시) · https://www.woorifg.com/cmm/fms/FileDown.do?fileId=FILE_000000000003960&saveFileNm=202602270537409700.pdf&fileSeq=0 · p.195–p.197); W-14(handoff/13차_산출물/9-4_우리금융지주.md:789 · 우리금융지주 「2025 년도 지배구조 및 보상체계 연차보고서 공시」(본공시) · https://www.woorifg.com/cmm/fms/FileDown.do?fileId=FILE_000000000003960&saveFileNm=202602270537409700.pdf&fileSeq=0 · p.205–p.206); W-15(handoff/13차_산출물/9-4_우리금융지주.md:998 · 우리금융지주 「2025 년도 지배구조 및 보상체계 연차보고서 공시」(본공시) · https://www.woorifg.com/cmm/fms/FileDown.do?fileId=FILE_000000000003960&saveFileNm=202602270537409700.pdf&fileSeq=0 · p.280–p.282); W-28(handoff/13차_산출물/9-4_우리금융지주.md:1224 · 우리금융지주 사업보고서 (2025.12) · 접수번호 20260313001235 · p.644); W-21(handoff/13차_산출물/9-4_우리금융지주.md:1239 · 우리금융지주 사업보고서 (2025.12) · 접수번호 20260313001235 · p.669–p.670); W-25(handoff/13차_산출물/9-4_우리금융지주.md:1395 · 우리금융지주 사업보고서 (2025.12) · 접수번호 20260313001235 · p.672); W-33(handoff/13차_산출물/9-4_우리금융지주.md:1535 · 우리금융지주 「2026년 상반기 우리금융지주 현황」(경영공시) · https://www.woorifg.com/cmm/fms/FileDown.do?fileId=FILE_000000000004555&saveFileNm=202608310428140410.pdf&fileSeq=0 · p.118),"찾은 범위: 연차보고서 p.1–p.301, 사업보고서 p.1–p.794, 경영공시 p.1–p.132 전 쪽 — 검색어는 5장 「34조」 줄. / 검증 반박(2026-10-08 KST): 넓힌 검색어로 같은 출처(risk8 세 문서·대조판)와 risk9 같은 회사 다른 기간 정기보고서 전 쪽을 다시 검색 — 검색어·걸린 줄 수는 맨 끝 검증 기록 표의 34조 행. 결과: 실패 — 부분 보강 W-39(지주 이사회의 국외영업점 Credit Risk 개선 진행현황 결의)·W-40(사외이사 발언). 해외위험 총괄·사전 검토·정기 점검을 정한 내규 문구는 추출 범위에 없음. · 5장 정규식(34조): `해외¦글로벌¦국외¦국가\s*(별¦위험¦리스크¦익스포)¦국별¦지역별¦현지\s*법인¦Country¦신사업\s*진출`","가까운 글(판단): 국가별/지역별 익스포져 한도(W-05·W-10·W-14), 그룹국가별리스크관리지침 개정(W-14), 우리은행 캄보디아법인 건전성 관리계획 보고(W-07), 리스크관리위원회규정 신사업 진출 심의·협의회 그룹차원 신상품 도입 심의(W-15·W-11 — 해외를 따로 적지 않음), 우리은행 신규 해외시장 진출 리스크 검토(W-25 — 자회사 단위), 은행 국외영업점 Credit Risk 개선 진행현황 이사회 보고(W-39), 사외이사 발언(W-40), 해외법인 유동성 관리(W-28·W-33)"
우리금융지주,53,위기대응조직,구성 · 전환 요건,"일부(가까운 글만, 구성·전환 요건 추출 범위에 없음)",-(가까운 글만),구성 · 전환 요건,W-06(handoff/13차_산출물/9-4_우리금융지주.md:438 · 우리금융지주 「2025 년도 지배구조 및 보상체계 연차보고서 공시」(본공시) · https://www.woorifg.com/cmm/fms/FileDown.do?fileId=FILE_000000000003960&saveFileNm=202602270537409700.pdf&fileSeq=0 · p.164–p.165); W-07(handoff/13차_산출물/9-4_우리금융지주.md:483 · 우리금융지주 「2025 년도 지배구조 및 보상체계 연차보고서 공시」(본공시) · https://www.woorifg.com/cmm/fms/FileDown.do?fileId=FILE_000000000003960&saveFileNm=202602270537409700.pdf&fileSeq=0 · p.165–p.166); W-09(handoff/13차_산출물/9-4_우리금융지주.md:589 · 우리금융지주 「2025 년도 지배구조 및 보상체계 연차보고서 공시」(본공시) · https://www.woorifg.com/cmm/fms/FileDown.do?fileId=FILE_000000000003960&saveFileNm=202602270537409700.pdf&fileSeq=0 · p.169); W-15(handoff/13차_산출물/9-4_우리금융지주.md:998 · 우리금융지주 「2025 년도 지배구조 및 보상체계 연차보고서 공시」(본공시) · https://www.woorifg.com/cmm/fms/FileDown.do?fileId=FILE_000000000003960&saveFileNm=202602270537409700.pdf&fileSeq=0 · p.280–p.282); W-28(handoff/13차_산출물/9-4_우리금융지주.md:1224 · 우리금융지주 사업보고서 (2025.12) · 접수번호 20260313001235 · p.644); W-37(handoff/13차_산출물/9-4_우리금융지주.md:1633 · 우리금융지주 사업보고서 (2023.12) · 접수번호 20240314001383 · p.632); W-38(handoff/13차_산출물/9-4_우리금융지주.md:1671 · 우리금융지주 사업보고서 (2023.12) · 접수번호 20240314001383 · p.633),"찾은 범위: 연차보고서 p.1–p.301, 사업보고서 p.1–p.794, 경영공시 p.1–p.132 전 쪽 — 검색어는 5장 「53조」 줄. / 검증 반박(2026-10-08 KST): 넓힌 검색어로 같은 출처(risk8 세 문서·대조판)와 risk9 같은 회사 다른 기간 정기보고서 전 쪽을 다시 검색 — 검색어·걸린 줄 수는 맨 끝 검증 기록 표의 53조 행. 결과: 부분 보강 — W-37·W-38(2023.12 사업보고서의 위기대응체계 의안·자체정상화위원회규정 이름). 위기대응조직의 구성·전환 요건은 추출 범위에 없음. · 5장 정규식(53조): `위기\s*대응¦위기\s*관리¦비상\s*(계획¦대책¦조달¦경영¦대응¦지원)¦컨틴전시¦Contingency¦자체\s*정상화¦위기대응계획`","가까운 글(판단): 통합위기상황분석 결과 및 위기대응계획 결의(W-06), 자체정상화계획·비상조달계획(W-07·W-09), 리스크관리위원회규정 제5조①5호(W-15), 2023.12 사업보고서의 위기대응체계 강화 운영(안)·자체정상화위원회규정 개정 의안 이름(W-37·W-38)"
우리금융지주,55,조기경보체계,지표 목록 · 발령 단계,"일부(가까운 글만, 지표 목록·발령 단계 추출 범위에 없음)",-(가까운 글만),지표 목록 · 발령 단계,W-35(handoff/13차_산출물/9-4_우리금융지주.md:313 · 우리금융지주 「2025 년도 지배구조 및 보상체계 연차보고서 공시」(본공시) · https://www.woorifg.com/cmm/fms/FileDown.do?fileId=FILE_000000000003960&saveFileNm=202602270537409700.pdf&fileSeq=0 · p.99); W-28(handoff/13차_산출물/9-4_우리금융지주.md:1224 · 우리금융지주 사업보고서 (2025.12) · 접수번호 20260313001235 · p.644); W-33(handoff/13차_산출물/9-4_우리금융지주.md:1535 · 우리금융지주 「2026년 상반기 우리금융지주 현황」(경영공시) · https://www.woorifg.com/cmm/fms/FileDown.do?fileId=FILE_000000000004555&saveFileNm=202608310428140410.pdf&fileSeq=0 · p.118),"찾은 범위: 연차보고서 p.1–p.301, 사업보고서 p.1–p.794, 경영공시 p.1–p.132 전 쪽 — 검색어는 5장 「55조」 줄. / 검증 반박(2026-10-08 KST): 넓힌 검색어로 같은 출처(risk8 세 문서·대조판)와 risk9 같은 회사 다른 기간 정기보고서 전 쪽을 다시 검색 — 검색어·걸린 줄 수는 맨 끝 검증 기록 표의 55조 행. 결과: 부분 보강 — W-35(뱅크런 발동 지표 하나). 걸린 조기경보 등급·KRI 는 연결 주석의 신용위험 유의적 증가 판단 요소·운영리스크 지표. 그룹 조기경보 지표 목록·발령 단계는 추출 범위에 없음. · 5장 정규식(55조): `조기\s*경보¦위기\s*징후¦Early\s*Warning¦EWS¦위기\s*(단계¦상황\s*단계)¦주의\s*단계¦위기\s*인식¦임계\s*(치¦수준¦값¦점)¦Trigger¦경보\s*(체계¦지표¦발령¦단계)¦단계별\s*대응¦모니터링\s*지표`","가까운 글(판단): 우리은행 유동성 지표·Contingency Plan(W-28 — 자회사), 국외영업점별 위기상황분석·비상지원계획(W-33), 자체정상화계획 뱅크런 발동 지표 하나(W-35)"
