검색어,사이트총건수,쪽,관리번호,제목,부서,시행일,시행여부,첨부,첨부URL,상세,비고
통합리스크,1,1,2014-017,금융지주회사 통합리스크관리 모범규준 및 금융지주회사의 그룹내부통제기준 모범규준,감독총괄국,20160801,폐지,붙임1_금융지주회사의 그룹내부통제기준 모범규준 개정 후 전문.hwp ; 붙임2_금융지주회사 통합위험관리 모범규준 개정 후 전문.hwp,https://www.fss.or.kr/fss.hpdownload?path=/law/ptl/&file=2150753_20170213145817399_0.hwp&filere=%EB%B6%99%EC%9E%841_%EA%B8%88%EC%9C%B5%EC%A7%80%EC%A3%BC%ED%9A%8C%EC%82%AC%EC%9D%98+%EA%B7%B8%EB%A3%B9%EB%82%B4%EB%B6%80%ED%86%B5%EC%A0%9C%EA%B8%B0%EC%A4%80+%EB%AA%A8%EB%B2%94%EA%B7%9C%EC%A4%80+%EA%B0%9C%EC%A0%95+%ED%9B%84+%EC%A0%84%EB%AC%B8.hwp ; https://www.fss.or.kr/fss.hpdownload?path=/law/ptl/&file=2150753_20170213145817413_1.hwp&filere=%EB%B6%99%EC%9E%842_%EA%B8%88%EC%9C%B5%EC%A7%80%EC%A3%BC%ED%9A%8C%EC%82%AC+%ED%86%B5%ED%95%A9%EC%9C%84%ED%97%98%EA%B4%80%EB%A6%AC+%EB%AA%A8%EB%B2%94%EA%B7%9C%EC%A4%80+%EA%B0%9C%EC%A0%95+%ED%9B%84+%EC%A0%84%EB%AC%B8.hwp,https://www.fss.or.kr/fss/job/admnstgudc/view.do?guGuidanceMgrSeq=20170210165649943&menuNo=200492&searchRegn=&searchYear=&searchCecYn=T&searchWrd=%ED%86%B5%ED%95%A9%EB%A6%AC%EC%8A%A4%ED%81%AC&pageIndex=1,
통합위험,2,1,2014-017,금융지주회사 통합위험관리 모범규준 및 금융지주회사의 그룹내부통제기준 모범규준,감독총괄국,20170401,폐지,(붙임1) 금융지주회사의 그룹내부통제기준 모범규준.hwp ; (붙임2) 금융지주회사 통합위험관리 모범규준.hwp,https://www.fss.or.kr/fss.hpdownload?path=/law/ptl/&file=2150753_20170328150222201_0.hwp&filere=%28%EB%B6%99%EC%9E%841%29+%EA%B8%88%EC%9C%B5%EC%A7%80%EC%A3%BC%ED%9A%8C%EC%82%AC%EC%9D%98+%EA%B7%B8%EB%A3%B9%EB%82%B4%EB%B6%80%ED%86%B5%EC%A0%9C%EA%B8%B0%EC%A4%80+%EB%AA%A8%EB%B2%94%EA%B7%9C%EC%A4%80.hwp ; https://www.fss.or.kr/fss.hpdownload?path=/law/ptl/&file=2150753_20170328150222208_1.hwp&filere=%28%EB%B6%99%EC%9E%842%29+%EA%B8%88%EC%9C%B5%EC%A7%80%EC%A3%BC%ED%9A%8C%EC%82%AC+%ED%86%B5%ED%95%A9%EC%9C%84%ED%97%98%EA%B4%80%EB%A6%AC+%EB%AA%A8%EB%B2%94%EA%B7%9C%EC%A4%80.hwp,https://www.fss.or.kr/fss/job/admnstgudc/view.do?guGuidanceMgrSeq=20170328150222228&menuNo=200492&searchRegn=&searchYear=&searchCecYn=T&searchWrd=%ED%86%B5%ED%95%A9%EC%9C%84%ED%97%98&pageIndex=1,
통합위험,2,1,2014-017,금융지주회사 통합리스크관리 모범규준 및 금융지주회사의 그룹내부통제기준 모범규준,감독총괄국,20160801,폐지,붙임1_금융지주회사의 그룹내부통제기준 모범규준 개정 후 전문.hwp ; 붙임2_금융지주회사 통합위험관리 모범규준 개정 후 전문.hwp,https://www.fss.or.kr/fss.hpdownload?path=/law/ptl/&file=2150753_20170213145817399_0.hwp&filere=%EB%B6%99%EC%9E%841_%EA%B8%88%EC%9C%B5%EC%A7%80%EC%A3%BC%ED%9A%8C%EC%82%AC%EC%9D%98+%EA%B7%B8%EB%A3%B9%EB%82%B4%EB%B6%80%ED%86%B5%EC%A0%9C%EA%B8%B0%EC%A4%80+%EB%AA%A8%EB%B2%94%EA%B7%9C%EC%A4%80+%EA%B0%9C%EC%A0%95+%ED%9B%84+%EC%A0%84%EB%AC%B8.hwp ; https://www.fss.or.kr/fss.hpdownload?path=/law/ptl/&file=2150753_20170213145817413_1.hwp&filere=%EB%B6%99%EC%9E%842_%EA%B8%88%EC%9C%B5%EC%A7%80%EC%A3%BC%ED%9A%8C%EC%82%AC+%ED%86%B5%ED%95%A9%EC%9C%84%ED%97%98%EA%B4%80%EB%A6%AC+%EB%AA%A8%EB%B2%94%EA%B7%9C%EC%A4%80+%EA%B0%9C%EC%A0%95+%ED%9B%84+%EC%A0%84%EB%AC%B8.hwp,https://www.fss.or.kr/fss/job/admnstgudc/view.do?guGuidanceMgrSeq=20170210165649943&menuNo=200492&searchRegn=&searchYear=&searchCecYn=T&searchWrd=%ED%86%B5%ED%95%A9%EC%9C%84%ED%97%98&pageIndex=1,
리스크관리 모범규준,8,1,2014-017,금융지주회사 통합리스크관리 모범규준 및 금융지주회사의 그룹내부통제기준 모범규준,감독총괄국,20160801,폐지,붙임1_금융지주회사의 그룹내부통제기준 모범규준 개정 후 전문.hwp ; 붙임2_금융지주회사 통합위험관리 모범규준 개정 후 전문.hwp,https://www.fss.or.kr/fss.hpdownload?path=/law/ptl/&file=2150753_20170213145817399_0.hwp&filere=%EB%B6%99%EC%9E%841_%EA%B8%88%EC%9C%B5%EC%A7%80%EC%A3%BC%ED%9A%8C%EC%82%AC%EC%9D%98+%EA%B7%B8%EB%A3%B9%EB%82%B4%EB%B6%80%ED%86%B5%EC%A0%9C%EA%B8%B0%EC%A4%80+%EB%AA%A8%EB%B2%94%EA%B7%9C%EC%A4%80+%EA%B0%9C%EC%A0%95+%ED%9B%84+%EC%A0%84%EB%AC%B8.hwp ; https://www.fss.or.kr/fss.hpdownload?path=/law/ptl/&file=2150753_20170213145817413_1.hwp&filere=%EB%B6%99%EC%9E%842_%EA%B8%88%EC%9C%B5%EC%A7%80%EC%A3%BC%ED%9A%8C%EC%82%AC+%ED%86%B5%ED%95%A9%EC%9C%84%ED%97%98%EA%B4%80%EB%A6%AC+%EB%AA%A8%EB%B2%94%EA%B7%9C%EC%A4%80+%EA%B0%9C%EC%A0%95+%ED%9B%84+%EC%A0%84%EB%AC%B8.hwp,https://www.fss.or.kr/fss/job/admnstgudc/view.do?guGuidanceMgrSeq=20170210165649943&menuNo=200492&searchRegn=&searchYear=&searchCecYn=T&searchWrd=%EB%A6%AC%EC%8A%A4%ED%81%AC%EA%B4%80%EB%A6%AC+%EB%AA%A8%EB%B2%94%EA%B7%9C%EC%A4%80&pageIndex=1,
리스크관리 모범규준,8,1,,여신전문금융회사의『부동산 PF리스크관리 모범규준』제정·송부,여신전문서비스실,20110630,폐지,여신전문금융회사의『부동산 PF리스크관리 모범규준』1부.hwp,https://www.fss.or.kr/fss.hpdownload?path=/law/ptl/&file=20110701155752689.hwp&filere=%EC%97%AC%EC%8B%A0%EC%A0%84%EB%AC%B8%EA%B8%88%EC%9C%B5%ED%9A%8C%EC%82%AC%EC%9D%98%E3%80%8E%EB%B6%80%EB%8F%99%EC%82%B0+PF%EB%A6%AC%EC%8A%A4%ED%81%AC%EA%B4%80%EB%A6%AC+%EB%AA%A8%EB%B2%94%EA%B7%9C%EC%A4%80%E3%80%8F1%EB%B6%80.hwp,https://www.fss.or.kr/fss/job/admnstgudc/view.do?guGuidanceMgrSeq=20110207173739519&menuNo=200492&searchRegn=&searchYear=&searchCecYn=T&searchWrd=%EB%A6%AC%EC%8A%A4%ED%81%AC%EA%B4%80%EB%A6%AC+%EB%AA%A8%EB%B2%94%EA%B7%9C%EC%A4%80&pageIndex=1,
리스크관리 모범규준,8,1,,「부동산PF 리스크관리 모범규준」 개정 내용 송부,보험감독국,20110629,폐지,보험회사의 부동산PF 리스크관리 모범규준(개정안).hwp ; 공문붙임1_개정안대비표.hwp,https://www.fss.or.kr/fss.hpdownload?path=/law/ptl/&file=20110630111125464.hwp&filere=%EB%B3%B4%ED%97%98%ED%9A%8C%EC%82%AC%EC%9D%98+%EB%B6%80%EB%8F%99%EC%82%B0PF+%EB%A6%AC%EC%8A%A4%ED%81%AC%EA%B4%80%EB%A6%AC+%EB%AA%A8%EB%B2%94%EA%B7%9C%EC%A4%80%28%EA%B0%9C%EC%A0%95%EC%95%88%29.hwp ; https://www.fss.or.kr/fss.hpdownload?path=/law/ptl/&file=20110630111126412.hwp&filere=%EA%B3%B5%EB%AC%B8%EB%B6%99%EC%9E%841_%EA%B0%9C%EC%A0%95%EC%95%88%EB%8C%80%EB%B9%84%ED%91%9C.hwp,https://www.fss.or.kr/fss/job/admnstgudc/view.do?guGuidanceMgrSeq=20110630111125275&menuNo=200492&searchRegn=&searchYear=&searchCecYn=T&searchWrd=%EB%A6%AC%EC%8A%A4%ED%81%AC%EA%B4%80%EB%A6%AC+%EB%AA%A8%EB%B2%94%EA%B7%9C%EC%A4%80&pageIndex=1,
리스크관리 모범규준,8,1,,부동산 PF대출 및 PF ABCP 매입약정의 건전성 제고를 위한 유의사항 통보,은행서비스총괄국,20100308,폐지,,,https://www.fss.or.kr/fss/job/admnstgudc/view.do?guGuidanceMgrSeq=20100928181451292&menuNo=200492&searchRegn=&searchYear=&searchCecYn=T&searchWrd=%EB%A6%AC%EC%8A%A4%ED%81%AC%EA%B4%80%EB%A6%AC+%EB%AA%A8%EB%B2%94%EA%B7%9C%EC%A4%80&pageIndex=1,
리스크관리 모범규준,8,1,,보험회사의 부동산PF 리스크관리 모범규준,생명보험서비스국,20091210,폐지,보험회사의 부동산PF 리스크관리 모범규준(송부)_복호화.hwp,https://www.fss.or.kr/fss.hpdownload?path=/law/ptl/&file=20091210112945777.hwp&filere=%EB%B3%B4%ED%97%98%ED%9A%8C%EC%82%AC%EC%9D%98+%EB%B6%80%EB%8F%99%EC%82%B0PF+%EB%A6%AC%EC%8A%A4%ED%81%AC%EA%B4%80%EB%A6%AC+%EB%AA%A8%EB%B2%94%EA%B7%9C%EC%A4%80%28%EC%86%A1%EB%B6%80%29_%EB%B3%B5%ED%98%B8%ED%99%94.hwp,https://www.fss.or.kr/fss/job/admnstgudc/view.do?guGuidanceMgrSeq=20091210112945366&menuNo=200492&searchRegn=&searchYear=&searchCecYn=T&searchWrd=%EB%A6%AC%EC%8A%A4%ED%81%AC%EA%B4%80%EB%A6%AC+%EB%AA%A8%EB%B2%94%EA%B7%9C%EC%A4%80&pageIndex=1,
리스크관리 모범규준,8,1,,은행권「부동산 PF 리스크관리 모범규준」,은행서비스총괄국,20081001,폐지,(붙임)은행권 부동산 PF 모범규준(안)_090909 재등록용.hwp,https://www.fss.or.kr/fss.hpdownload?path=/law/ptl/&file=20090914101710930.hwp&filere=%28%EB%B6%99%EC%9E%84%29%EC%9D%80%ED%96%89%EA%B6%8C+%EB%B6%80%EB%8F%99%EC%82%B0+PF+%EB%AA%A8%EB%B2%94%EA%B7%9C%EC%A4%80%28%EC%95%88%29_090909+%EC%9E%AC%EB%93%B1%EB%A1%9D%EC%9A%A9.hwp,https://www.fss.or.kr/fss/job/admnstgudc/view.do?guGuidanceMgrSeq=20090914101710827&menuNo=200492&searchRegn=&searchYear=&searchCecYn=T&searchWrd=%EB%A6%AC%EC%8A%A4%ED%81%AC%EA%B4%80%EB%A6%AC+%EB%AA%A8%EB%B2%94%EA%B7%9C%EC%A4%80&pageIndex=1,
리스크관리 모범규준,8,1,,"신용카드 부가서비스관련 수익성분석 내부통제 모범규준(06.3.10, 리스크관리 모범규준 추가 사항)",여신전문서비스실,20071017,폐지,071017-신용카드 부가서비스 관련 수익성분석 및 내부통제 모범규준신용카드 부가서비스 관련 수익성분석 및 내부통제 모범규준.hwp,https://www.fss.or.kr/fss.hpdownload?path=/law/ptl/&file=20110119100008456.hwp&filere=071017-%EC%8B%A0%EC%9A%A9%EC%B9%B4%EB%93%9C+%EB%B6%80%EA%B0%80%EC%84%9C%EB%B9%84%EC%8A%A4+%EA%B4%80%EB%A0%A8+%EC%88%98%EC%9D%B5%EC%84%B1%EB%B6%84%EC%84%9D+%EB%B0%8F+%EB%82%B4%EB%B6%80%ED%86%B5%EC%A0%9C+%EB%AA%A8%EB%B2%94%EA%B7%9C%EC%A4%80%EC%8B%A0%EC%9A%A9%EC%B9%B4%EB%93%9C+%EB%B6%80%EA%B0%80%EC%84%9C%EB%B9%84%EC%8A%A4+%EA%B4%80%EB%A0%A8+%EC%88%98%EC%9D%B5%EC%84%B1%EB%B6%84%EC%84%9D+%EB%B0%8F+%EB%82%B4%EB%B6%80%ED%86%B5%EC%A0%9C+%EB%AA%A8%EB%B2%94%EA%B7%9C%EC%A4%80.hwp,https://www.fss.or.kr/fss/job/admnstgudc/view.do?guGuidanceMgrSeq=20110119100008223&menuNo=200492&searchRegn=&searchYear=&searchCecYn=T&searchWrd=%EB%A6%AC%EC%8A%A4%ED%81%AC%EA%B4%80%EB%A6%AC+%EB%AA%A8%EB%B2%94%EA%B7%9C%EC%A4%80&pageIndex=1,
리스크관리 모범규준,8,1,,신용카드업 리스크관리 모범규준 제정ㆍ시행,여신전문서비스실,20060310,폐지,060320-신용카드사 리스크관리 모범규준.hwp,https://www.fss.or.kr/fss.hpdownload?path=/law/ptl/&file=20110119093528380.hwp&filere=060320-%EC%8B%A0%EC%9A%A9%EC%B9%B4%EB%93%9C%EC%82%AC+%EB%A6%AC%EC%8A%A4%ED%81%AC%EA%B4%80%EB%A6%AC+%EB%AA%A8%EB%B2%94%EA%B7%9C%EC%A4%80.hwp,https://www.fss.or.kr/fss/job/admnstgudc/view.do?guGuidanceMgrSeq=20110119093528238&menuNo=200492&searchRegn=&searchYear=&searchCecYn=T&searchWrd=%EB%A6%AC%EC%8A%A4%ED%81%AC%EA%B4%80%EB%A6%AC+%EB%AA%A8%EB%B2%94%EA%B7%9C%EC%A4%80&pageIndex=1,
위험관리 모범규준,3,1,2014-017,금융지주회사 통합위험관리 모범규준 및 금융지주회사의 그룹내부통제기준 모범규준,감독총괄국,20170401,폐지,(붙임1) 금융지주회사의 그룹내부통제기준 모범규준.hwp ; (붙임2) 금융지주회사 통합위험관리 모범규준.hwp,https://www.fss.or.kr/fss.hpdownload?path=/law/ptl/&file=2150753_20170328150222201_0.hwp&filere=%28%EB%B6%99%EC%9E%841%29+%EA%B8%88%EC%9C%B5%EC%A7%80%EC%A3%BC%ED%9A%8C%EC%82%AC%EC%9D%98+%EA%B7%B8%EB%A3%B9%EB%82%B4%EB%B6%80%ED%86%B5%EC%A0%9C%EA%B8%B0%EC%A4%80+%EB%AA%A8%EB%B2%94%EA%B7%9C%EC%A4%80.hwp ; https://www.fss.or.kr/fss.hpdownload?path=/law/ptl/&file=2150753_20170328150222208_1.hwp&filere=%28%EB%B6%99%EC%9E%842%29+%EA%B8%88%EC%9C%B5%EC%A7%80%EC%A3%BC%ED%9A%8C%EC%82%AC+%ED%86%B5%ED%95%A9%EC%9C%84%ED%97%98%EA%B4%80%EB%A6%AC+%EB%AA%A8%EB%B2%94%EA%B7%9C%EC%A4%80.hwp,https://www.fss.or.kr/fss/job/admnstgudc/view.do?guGuidanceMgrSeq=20170328150222228&menuNo=200492&searchRegn=&searchYear=&searchCecYn=T&searchWrd=%EC%9C%84%ED%97%98%EA%B4%80%EB%A6%AC+%EB%AA%A8%EB%B2%94%EA%B7%9C%EC%A4%80&pageIndex=1,
위험관리 모범규준,3,1,2014-017,금융지주회사 통합리스크관리 모범규준 및 금융지주회사의 그룹내부통제기준 모범규준,감독총괄국,20160801,폐지,붙임1_금융지주회사의 그룹내부통제기준 모범규준 개정 후 전문.hwp ; 붙임2_금융지주회사 통합위험관리 모범규준 개정 후 전문.hwp,https://www.fss.or.kr/fss.hpdownload?path=/law/ptl/&file=2150753_20170213145817399_0.hwp&filere=%EB%B6%99%EC%9E%841_%EA%B8%88%EC%9C%B5%EC%A7%80%EC%A3%BC%ED%9A%8C%EC%82%AC%EC%9D%98+%EA%B7%B8%EB%A3%B9%EB%82%B4%EB%B6%80%ED%86%B5%EC%A0%9C%EA%B8%B0%EC%A4%80+%EB%AA%A8%EB%B2%94%EA%B7%9C%EC%A4%80+%EA%B0%9C%EC%A0%95+%ED%9B%84+%EC%A0%84%EB%AC%B8.hwp ; https://www.fss.or.kr/fss.hpdownload?path=/law/ptl/&file=2150753_20170213145817413_1.hwp&filere=%EB%B6%99%EC%9E%842_%EA%B8%88%EC%9C%B5%EC%A7%80%EC%A3%BC%ED%9A%8C%EC%82%AC+%ED%86%B5%ED%95%A9%EC%9C%84%ED%97%98%EA%B4%80%EB%A6%AC+%EB%AA%A8%EB%B2%94%EA%B7%9C%EC%A4%80+%EA%B0%9C%EC%A0%95+%ED%9B%84+%EC%A0%84%EB%AC%B8.hwp,https://www.fss.or.kr/fss/job/admnstgudc/view.do?guGuidanceMgrSeq=20170210165649943&menuNo=200492&searchRegn=&searchYear=&searchCecYn=T&searchWrd=%EC%9C%84%ED%97%98%EA%B4%80%EB%A6%AC+%EB%AA%A8%EB%B2%94%EA%B7%9C%EC%A4%80&pageIndex=1,
위험관리 모범규준,3,1,2015-010,국가별 위험관리 모범규준 행정지도 시행,외환감독국,20151001,폐지,국가별위험관리 모범규준.hwp,https://www.fss.or.kr/fss.hpdownload?path=/law/ptl/&file=20150625103342769.hwp&filere=%EA%B5%AD%EA%B0%80%EB%B3%84%EC%9C%84%ED%97%98%EA%B4%80%EB%A6%AC+%EB%AA%A8%EB%B2%94%EA%B7%9C%EC%A4%80.hwp,https://www.fss.or.kr/fss/job/admnstgudc/view.do?guGuidanceMgrSeq=20150625102405680&menuNo=200492&searchRegn=&searchYear=&searchCecYn=T&searchWrd=%EC%9C%84%ED%97%98%EA%B4%80%EB%A6%AC+%EB%AA%A8%EB%B2%94%EA%B7%9C%EC%A4%80&pageIndex=1,
지주회사,10,1,행2017-11002,비청산 장외파생상품거래 증거금 교환 제도에 대한 가이드라인,자본시장감독국,20260901,시행중,비청산 장외파생상품거래 증거금 교환 제도에 대한 가이드라인(2026) 전문 1부.hwp,https://www.fss.or.kr/fss.hpdownload?path=/law/ptl/&file=2210314_20260831092158633_0.hwp&filere=%EB%B9%84%EC%B2%AD%EC%82%B0+%EC%9E%A5%EC%99%B8%ED%8C%8C%EC%83%9D%EC%83%81%ED%92%88%EA%B1%B0%EB%9E%98+%EC%A6%9D%EA%B1%B0%EA%B8%88+%EA%B5%90%ED%99%98+%EC%A0%9C%EB%8F%84%EC%97%90+%EB%8C%80%ED%95%9C+%EA%B0%80%EC%9D%B4%EB%93%9C%EB%9D%BC%EC%9D%B8%282026%29+%EC%A0%84%EB%AC%B8+1%EB%B6%80.hwp,https://www.fss.or.kr/fss/job/admnstgudc/view.do?guGuidanceMgrSeq=20260831092158649&menuNo=200492&searchRegn=&searchYear=&searchCecYn=T&searchWrd=%EC%A7%80%EC%A3%BC%ED%9A%8C%EC%82%AC&pageIndex=1,
지주회사,10,1,2014-017,금융지주회사 통합위험관리 모범규준 및 금융지주회사의 그룹내부통제기준 모범규준,감독총괄국,20170401,폐지,(붙임1) 금융지주회사의 그룹내부통제기준 모범규준.hwp ; (붙임2) 금융지주회사 통합위험관리 모범규준.hwp,https://www.fss.or.kr/fss.hpdownload?path=/law/ptl/&file=2150753_20170328150222201_0.hwp&filere=%28%EB%B6%99%EC%9E%841%29+%EA%B8%88%EC%9C%B5%EC%A7%80%EC%A3%BC%ED%9A%8C%EC%82%AC%EC%9D%98+%EA%B7%B8%EB%A3%B9%EB%82%B4%EB%B6%80%ED%86%B5%EC%A0%9C%EA%B8%B0%EC%A4%80+%EB%AA%A8%EB%B2%94%EA%B7%9C%EC%A4%80.hwp ; https://www.fss.or.kr/fss.hpdownload?path=/law/ptl/&file=2150753_20170328150222208_1.hwp&filere=%28%EB%B6%99%EC%9E%842%29+%EA%B8%88%EC%9C%B5%EC%A7%80%EC%A3%BC%ED%9A%8C%EC%82%AC+%ED%86%B5%ED%95%A9%EC%9C%84%ED%97%98%EA%B4%80%EB%A6%AC+%EB%AA%A8%EB%B2%94%EA%B7%9C%EC%A4%80.hwp,https://www.fss.or.kr/fss/job/admnstgudc/view.do?guGuidanceMgrSeq=20170328150222228&menuNo=200492&searchRegn=&searchYear=&searchCecYn=T&searchWrd=%EC%A7%80%EC%A3%BC%ED%9A%8C%EC%82%AC&pageIndex=1,
지주회사,10,1,2014-017,금융지주회사 통합리스크관리 모범규준 및 금융지주회사의 그룹내부통제기준 모범규준,감독총괄국,20160801,폐지,붙임1_금융지주회사의 그룹내부통제기준 모범규준 개정 후 전문.hwp ; 붙임2_금융지주회사 통합위험관리 모범규준 개정 후 전문.hwp,https://www.fss.or.kr/fss.hpdownload?path=/law/ptl/&file=2150753_20170213145817399_0.hwp&filere=%EB%B6%99%EC%9E%841_%EA%B8%88%EC%9C%B5%EC%A7%80%EC%A3%BC%ED%9A%8C%EC%82%AC%EC%9D%98+%EA%B7%B8%EB%A3%B9%EB%82%B4%EB%B6%80%ED%86%B5%EC%A0%9C%EA%B8%B0%EC%A4%80+%EB%AA%A8%EB%B2%94%EA%B7%9C%EC%A4%80+%EA%B0%9C%EC%A0%95+%ED%9B%84+%EC%A0%84%EB%AC%B8.hwp ; https://www.fss.or.kr/fss.hpdownload?path=/law/ptl/&file=2150753_20170213145817413_1.hwp&filere=%EB%B6%99%EC%9E%842_%EA%B8%88%EC%9C%B5%EC%A7%80%EC%A3%BC%ED%9A%8C%EC%82%AC+%ED%86%B5%ED%95%A9%EC%9C%84%ED%97%98%EA%B4%80%EB%A6%AC+%EB%AA%A8%EB%B2%94%EA%B7%9C%EC%A4%80+%EA%B0%9C%EC%A0%95+%ED%9B%84+%EC%A0%84%EB%AC%B8.hwp,https://www.fss.or.kr/fss/job/admnstgudc/view.do?guGuidanceMgrSeq=20170210165649943&menuNo=200492&searchRegn=&searchYear=&searchCecYn=T&searchWrd=%EC%A7%80%EC%A3%BC%ED%9A%8C%EC%82%AC&pageIndex=1,
지주회사,10,1,,금융지주회사등의 고객정보 관리에 관한 행정지도,감독총괄국,20140501,폐지,업무지침서 모범안 v.4.hwp ; 붙임_관리기준(예시).hwp,https://www.fss.or.kr/fss.hpdownload?path=/law/ptl/&file=20140411111456890.hwp&filere=%EC%97%85%EB%AC%B4%EC%A7%80%EC%B9%A8%EC%84%9C+%EB%AA%A8%EB%B2%94%EC%95%88+v.4.hwp ; https://www.fss.or.kr/fss.hpdownload?path=/law/ptl/&file=20140411111453950.hwp&filere=%EB%B6%99%EC%9E%84_%EA%B4%80%EB%A6%AC%EA%B8%B0%EC%A4%80%28%EC%98%88%EC%8B%9C%29.hwp,https://www.fss.or.kr/fss/job/admnstgudc/view.do?guGuidanceMgrSeq=20140411104757610&menuNo=200492&searchRegn=&searchYear=&searchCecYn=T&searchWrd=%EC%A7%80%EC%A3%BC%ED%9A%8C%EC%82%AC&pageIndex=1,
지주회사,10,1,2014-018,금융지주회사의그룹내부통제기준모범규준,감독총괄국,20120401,폐지,그룹내부통제모범규준(게시)F.hwp,https://www.fss.or.kr/fss.hpdownload?path=/law/ptl/&file=20150715164724804.hwp&filere=%EA%B7%B8%EB%A3%B9%EB%82%B4%EB%B6%80%ED%86%B5%EC%A0%9C%EB%AA%A8%EB%B2%94%EA%B7%9C%EC%A4%80%28%EA%B2%8C%EC%8B%9C%29F.hwp,https://www.fss.or.kr/fss/job/admnstgudc/view.do?guGuidanceMgrSeq=20120320105719564&menuNo=200492&searchRegn=&searchYear=&searchCecYn=T&searchWrd=%EC%A7%80%EC%A3%BC%ED%9A%8C%EC%82%AC&pageIndex=1,
지주회사,10,1,,금융지주회사의 그룹 내부통제기준 모범규준,감독서비스총괄국,20100212,폐지,그룹 내부통제기준 모범규준.hwp,https://www.fss.or.kr/fss.hpdownload?path=/law/ptl/&file=20100512104443484.hwp&filere=%EA%B7%B8%EB%A3%B9+%EB%82%B4%EB%B6%80%ED%86%B5%EC%A0%9C%EA%B8%B0%EC%A4%80+%EB%AA%A8%EB%B2%94%EA%B7%9C%EC%A4%80.hwp,https://www.fss.or.kr/fss/job/admnstgudc/view.do?guGuidanceMgrSeq=20100512104443362&menuNo=200492&searchRegn=&searchYear=&searchCecYn=T&searchWrd=%EC%A7%80%EC%A3%BC%ED%9A%8C%EC%82%AC&pageIndex=1,
지주회사,10,1,,금융지주회사의 성과보상체계 모범규준,감독서비스총괄국,20100122,폐지,금융지주회사 모범규준(통보용).hwp,https://www.fss.or.kr/fss.hpdownload?path=/law/ptl/&file=20100222160804470.hwp&filere=%EA%B8%88%EC%9C%B5%EC%A7%80%EC%A3%BC%ED%9A%8C%EC%82%AC+%EB%AA%A8%EB%B2%94%EA%B7%9C%EC%A4%80%28%ED%86%B5%EB%B3%B4%EC%9A%A9%29.hwp,https://www.fss.or.kr/fss/job/admnstgudc/view.do?guGuidanceMgrSeq=20100222160804294&menuNo=200492&searchRegn=&searchYear=&searchCecYn=T&searchWrd=%EC%A7%80%EC%A3%BC%ED%9A%8C%EC%82%AC&pageIndex=1,
지주회사,10,1,,금융지주회사의 자회사 후순위채무 인수 관련 유의사항,감독서비스총괄국,20060331,폐지,,,https://www.fss.or.kr/fss/job/admnstgudc/view.do?guGuidanceMgrSeq=20061220105920305&menuNo=200492&searchRegn=&searchYear=&searchCecYn=T&searchWrd=%EC%A7%80%EC%A3%BC%ED%9A%8C%EC%82%AC&pageIndex=1,
지주회사,10,1,,금융지주회사 자회사등의 영업점 공동이용시 유의사항 통지,감독서비스총괄국,20060322,폐지,금융지주회사 자회사등의 영업점 공동이용시 유의사항.hwp,https://www.fss.or.kr/fss.hpdownload?path=/law/ptl/&file=20061220105359892.hwp&filere=%EA%B8%88%EC%9C%B5%EC%A7%80%EC%A3%BC%ED%9A%8C%EC%82%AC+%EC%9E%90%ED%9A%8C%EC%82%AC%EB%93%B1%EC%9D%98+%EC%98%81%EC%97%85%EC%A0%90+%EA%B3%B5%EB%8F%99%EC%9D%B4%EC%9A%A9%EC%8B%9C+%EC%9C%A0%EC%9D%98%EC%82%AC%ED%95%AD.hwp,https://www.fss.or.kr/fss/job/admnstgudc/view.do?guGuidanceMgrSeq=20061220105359575&menuNo=200492&searchRegn=&searchYear=&searchCecYn=T&searchWrd=%EC%A7%80%EC%A3%BC%ED%9A%8C%EC%82%AC&pageIndex=1,
지주회사,10,1,,주식매수선택권제도 관련사항 통보,감독서비스총괄국,20050503,폐지,주식매수선택권제도의 바람직한 운영방안.hwp,https://www.fss.or.kr/fss.hpdownload?path=/law/ptl/&file=20061220111258041.hwp&filere=%EC%A3%BC%EC%8B%9D%EB%A7%A4%EC%88%98%EC%84%A0%ED%83%9D%EA%B6%8C%EC%A0%9C%EB%8F%84%EC%9D%98+%EB%B0%94%EB%9E%8C%EC%A7%81%ED%95%9C+%EC%9A%B4%EC%98%81%EB%B0%A9%EC%95%88.hwp,https://www.fss.or.kr/fss/job/admnstgudc/view.do?guGuidanceMgrSeq=20061220105012721&menuNo=200492&searchRegn=&searchYear=&searchCecYn=T&searchWrd=%EC%A7%80%EC%A3%BC%ED%9A%8C%EC%82%AC&pageIndex=1,
지주,16,1,행2017-11002,비청산 장외파생상품거래 증거금 교환 제도에 대한 가이드라인,자본시장감독국,20260901,시행중,비청산 장외파생상품거래 증거금 교환 제도에 대한 가이드라인(2026) 전문 1부.hwp,https://www.fss.or.kr/fss.hpdownload?path=/law/ptl/&file=2210314_20260831092158633_0.hwp&filere=%EB%B9%84%EC%B2%AD%EC%82%B0+%EC%9E%A5%EC%99%B8%ED%8C%8C%EC%83%9D%EC%83%81%ED%92%88%EA%B1%B0%EB%9E%98+%EC%A6%9D%EA%B1%B0%EA%B8%88+%EA%B5%90%ED%99%98+%EC%A0%9C%EB%8F%84%EC%97%90+%EB%8C%80%ED%95%9C+%EA%B0%80%EC%9D%B4%EB%93%9C%EB%9D%BC%EC%9D%B8%282026%29+%EC%A0%84%EB%AC%B8+1%EB%B6%80.hwp,https://www.fss.or.kr/fss/job/admnstgudc/view.do?guGuidanceMgrSeq=20260831092158649&menuNo=200492&searchRegn=&searchYear=&searchCecYn=T&searchWrd=%EC%A7%80%EC%A3%BC&pageIndex=1,
지주,16,1,행2020-11001,「금융그룹 공시 세부사항」,금융그룹감독실,20210601,폐지,[붙임] 금융그룹 공시 세부사항.hwp,https://www.fss.or.kr/fss.hpdownload?path=/law/ptl/&file=2200031_20210531150915228_0.hwp&filere=%5B%EB%B6%99%EC%9E%84%5D+%EA%B8%88%EC%9C%B5%EA%B7%B8%EB%A3%B9+%EA%B3%B5%EC%8B%9C+%EC%84%B8%EB%B6%80%EC%82%AC%ED%95%AD.hwp,https://www.fss.or.kr/fss/job/admnstgudc/view.do?guGuidanceMgrSeq=20210531091330868&menuNo=200492&searchRegn=&searchYear=&searchCecYn=T&searchWrd=%EC%A7%80%EC%A3%BC&pageIndex=1,
지주,16,1,행2018-11006,「금융그룹감독 보고서식」,금융그룹감독실,20210601,폐지,[붙임] 금융그룹감독 보고서식.xlsx,https://www.fss.or.kr/fss.hpdownload?path=/law/ptl/&file=2200031_20210531151316685_0.xlsx&filere=%5B%EB%B6%99%EC%9E%84%5D+%EA%B8%88%EC%9C%B5%EA%B7%B8%EB%A3%B9%EA%B0%90%EB%8F%85+%EB%B3%B4%EA%B3%A0%EC%84%9C%EC%8B%9D.xlsx,https://www.fss.or.kr/fss/job/admnstgudc/view.do?guGuidanceMgrSeq=20210531082440243&menuNo=200492&searchRegn=&searchYear=&searchCecYn=T&searchWrd=%EC%A7%80%EC%A3%BC&pageIndex=1,
지주,16,1,행2021-11001,코로나19 대응을 위한 은행 및 은행지주 자본관리 권고,은행감독국,20210127,폐지,(붙임) 코로나19 대응을 위한 자본관리 권고안.hwp,https://www.fss.or.kr/fss.hpdownload?path=/law/ptl/&file=2070190_20210127154258533_0.hwp&filere=%28%EB%B6%99%EC%9E%84%29+%EC%BD%94%EB%A1%9C%EB%82%9819+%EB%8C%80%EC%9D%91%EC%9D%84+%EC%9C%84%ED%95%9C+%EC%9E%90%EB%B3%B8%EA%B4%80%EB%A6%AC+%EA%B6%8C%EA%B3%A0%EC%95%88.hwp,https://www.fss.or.kr/fss/job/admnstgudc/view.do?guGuidanceMgrSeq=20210127152413476&menuNo=200492&searchRegn=&searchYear=&searchCecYn=T&searchWrd=%EC%A7%80%EC%A3%BC&pageIndex=1,
지주,16,1,행2020-11001,금융그룹 공시 세부사항,금융그룹감독실,20200601,폐지,금융그룹 공시 세부사항_(최종).hwp,https://www.fss.or.kr/fss.hpdownload?path=/law/ptl/&file=2170268_20200528145605701_0.hwp&filere=%EA%B8%88%EC%9C%B5%EA%B7%B8%EB%A3%B9+%EA%B3%B5%EC%8B%9C+%EC%84%B8%EB%B6%80%EC%82%AC%ED%95%AD_%28%EC%B5%9C%EC%A2%85%29.hwp,https://www.fss.or.kr/fss/job/admnstgudc/view.do?guGuidanceMgrSeq=20200528145605733&menuNo=200492&searchRegn=&searchYear=&searchCecYn=T&searchWrd=%EC%A7%80%EC%A3%BC&pageIndex=1,
지주,16,1,행2018-11006,「금융그룹감독 보고서식」,금융그룹감독실,20200601,폐지,20년 금융그룹감독 보고서식_(최종).xlsx,https://www.fss.or.kr/fss.hpdownload?path=/law/ptl/&file=2170268_20200528152626379_0.xlsx&filere=20%EB%85%84+%EA%B8%88%EC%9C%B5%EA%B7%B8%EB%A3%B9%EA%B0%90%EB%8F%85+%EB%B3%B4%EA%B3%A0%EC%84%9C%EC%8B%9D_%28%EC%B5%9C%EC%A2%85%29.xlsx,https://www.fss.or.kr/fss/job/admnstgudc/view.do?guGuidanceMgrSeq=20200528152626422&menuNo=200492&searchRegn=&searchYear=&searchCecYn=T&searchWrd=%EC%A7%80%EC%A3%BC&pageIndex=1,
지주,16,1,행2018-11006,금융그룹감독 보고서식,금융그룹감독실,20190928,폐지,금융그룹감독 보고서식_최종.xlsx,https://www.fss.or.kr/fss.hpdownload?path=/law/ptl/&file=2170268_20190924091516622_0.xlsx&filere=%EA%B8%88%EC%9C%B5%EA%B7%B8%EB%A3%B9%EA%B0%90%EB%8F%85+%EB%B3%B4%EA%B3%A0%EC%84%9C%EC%8B%9D_%EC%B5%9C%EC%A2%85.xlsx,https://www.fss.or.kr/fss/job/admnstgudc/view.do?guGuidanceMgrSeq=20190924091516660&menuNo=200492&searchRegn=&searchYear=&searchCecYn=T&searchWrd=%EC%A7%80%EC%A3%BC&pageIndex=1,
지주,16,1,2014-017,금융지주회사 통합위험관리 모범규준 및 금융지주회사의 그룹내부통제기준 모범규준,감독총괄국,20170401,폐지,(붙임1) 금융지주회사의 그룹내부통제기준 모범규준.hwp ; (붙임2) 금융지주회사 통합위험관리 모범규준.hwp,https://www.fss.or.kr/fss.hpdownload?path=/law/ptl/&file=2150753_20170328150222201_0.hwp&filere=%28%EB%B6%99%EC%9E%841%29+%EA%B8%88%EC%9C%B5%EC%A7%80%EC%A3%BC%ED%9A%8C%EC%82%AC%EC%9D%98+%EA%B7%B8%EB%A3%B9%EB%82%B4%EB%B6%80%ED%86%B5%EC%A0%9C%EA%B8%B0%EC%A4%80+%EB%AA%A8%EB%B2%94%EA%B7%9C%EC%A4%80.hwp ; https://www.fss.or.kr/fss.hpdownload?path=/law/ptl/&file=2150753_20170328150222208_1.hwp&filere=%28%EB%B6%99%EC%9E%842%29+%EA%B8%88%EC%9C%B5%EC%A7%80%EC%A3%BC%ED%9A%8C%EC%82%AC+%ED%86%B5%ED%95%A9%EC%9C%84%ED%97%98%EA%B4%80%EB%A6%AC+%EB%AA%A8%EB%B2%94%EA%B7%9C%EC%A4%80.hwp,https://www.fss.or.kr/fss/job/admnstgudc/view.do?guGuidanceMgrSeq=20170328150222228&menuNo=200492&searchRegn=&searchYear=&searchCecYn=T&searchWrd=%EC%A7%80%EC%A3%BC&pageIndex=1,
지주,16,1,2014-017,금융지주회사 통합리스크관리 모범규준 및 금융지주회사의 그룹내부통제기준 모범규준,감독총괄국,20160801,폐지,붙임1_금융지주회사의 그룹내부통제기준 모범규준 개정 후 전문.hwp ; 붙임2_금융지주회사 통합위험관리 모범규준 개정 후 전문.hwp,https://www.fss.or.kr/fss.hpdownload?path=/law/ptl/&file=2150753_20170213145817399_0.hwp&filere=%EB%B6%99%EC%9E%841_%EA%B8%88%EC%9C%B5%EC%A7%80%EC%A3%BC%ED%9A%8C%EC%82%AC%EC%9D%98+%EA%B7%B8%EB%A3%B9%EB%82%B4%EB%B6%80%ED%86%B5%EC%A0%9C%EA%B8%B0%EC%A4%80+%EB%AA%A8%EB%B2%94%EA%B7%9C%EC%A4%80+%EA%B0%9C%EC%A0%95+%ED%9B%84+%EC%A0%84%EB%AC%B8.hwp ; https://www.fss.or.kr/fss.hpdownload?path=/law/ptl/&file=2150753_20170213145817413_1.hwp&filere=%EB%B6%99%EC%9E%842_%EA%B8%88%EC%9C%B5%EC%A7%80%EC%A3%BC%ED%9A%8C%EC%82%AC+%ED%86%B5%ED%95%A9%EC%9C%84%ED%97%98%EA%B4%80%EB%A6%AC+%EB%AA%A8%EB%B2%94%EA%B7%9C%EC%A4%80+%EA%B0%9C%EC%A0%95+%ED%9B%84+%EC%A0%84%EB%AC%B8.hwp,https://www.fss.or.kr/fss/job/admnstgudc/view.do?guGuidanceMgrSeq=20170210165649943&menuNo=200492&searchRegn=&searchYear=&searchCecYn=T&searchWrd=%EC%A7%80%EC%A3%BC&pageIndex=1,
지주,16,1,,금융지주회사등의 고객정보 관리에 관한 행정지도,감독총괄국,20140501,폐지,업무지침서 모범안 v.4.hwp ; 붙임_관리기준(예시).hwp,https://www.fss.or.kr/fss.hpdownload?path=/law/ptl/&file=20140411111456890.hwp&filere=%EC%97%85%EB%AC%B4%EC%A7%80%EC%B9%A8%EC%84%9C+%EB%AA%A8%EB%B2%94%EC%95%88+v.4.hwp ; https://www.fss.or.kr/fss.hpdownload?path=/law/ptl/&file=20140411111453950.hwp&filere=%EB%B6%99%EC%9E%84_%EA%B4%80%EB%A6%AC%EA%B8%B0%EC%A4%80%28%EC%98%88%EC%8B%9C%29.hwp,https://www.fss.or.kr/fss/job/admnstgudc/view.do?guGuidanceMgrSeq=20140411104757610&menuNo=200492&searchRegn=&searchYear=&searchCecYn=T&searchWrd=%EC%A7%80%EC%A3%BC&pageIndex=1,
지주,16,2,2014-018,금융지주회사의그룹내부통제기준모범규준,감독총괄국,20120401,폐지,그룹내부통제모범규준(게시)F.hwp,https://www.fss.or.kr/fss.hpdownload?path=/law/ptl/&file=20150715164724804.hwp&filere=%EA%B7%B8%EB%A3%B9%EB%82%B4%EB%B6%80%ED%86%B5%EC%A0%9C%EB%AA%A8%EB%B2%94%EA%B7%9C%EC%A4%80%28%EA%B2%8C%EC%8B%9C%29F.hwp,https://www.fss.or.kr/fss/job/admnstgudc/view.do?guGuidanceMgrSeq=20120320105719564&menuNo=200492&searchRegn=&searchYear=&searchCecYn=T&searchWrd=%EC%A7%80%EC%A3%BC&pageIndex=2,
지주,16,2,,금융지주회사의 그룹 내부통제기준 모범규준,감독서비스총괄국,20100212,폐지,그룹 내부통제기준 모범규준.hwp,https://www.fss.or.kr/fss.hpdownload?path=/law/ptl/&file=20100512104443484.hwp&filere=%EA%B7%B8%EB%A3%B9+%EB%82%B4%EB%B6%80%ED%86%B5%EC%A0%9C%EA%B8%B0%EC%A4%80+%EB%AA%A8%EB%B2%94%EA%B7%9C%EC%A4%80.hwp,https://www.fss.or.kr/fss/job/admnstgudc/view.do?guGuidanceMgrSeq=20100512104443362&menuNo=200492&searchRegn=&searchYear=&searchCecYn=T&searchWrd=%EC%A7%80%EC%A3%BC&pageIndex=2,
지주,16,2,,금융지주회사의 성과보상체계 모범규준,감독서비스총괄국,20100122,폐지,금융지주회사 모범규준(통보용).hwp,https://www.fss.or.kr/fss.hpdownload?path=/law/ptl/&file=20100222160804470.hwp&filere=%EA%B8%88%EC%9C%B5%EC%A7%80%EC%A3%BC%ED%9A%8C%EC%82%AC+%EB%AA%A8%EB%B2%94%EA%B7%9C%EC%A4%80%28%ED%86%B5%EB%B3%B4%EC%9A%A9%29.hwp,https://www.fss.or.kr/fss/job/admnstgudc/view.do?guGuidanceMgrSeq=20100222160804294&menuNo=200492&searchRegn=&searchYear=&searchCecYn=T&searchWrd=%EC%A7%80%EC%A3%BC&pageIndex=2,
지주,16,2,,금융지주회사의 자회사 후순위채무 인수 관련 유의사항,감독서비스총괄국,20060331,폐지,,,https://www.fss.or.kr/fss/job/admnstgudc/view.do?guGuidanceMgrSeq=20061220105920305&menuNo=200492&searchRegn=&searchYear=&searchCecYn=T&searchWrd=%EC%A7%80%EC%A3%BC&pageIndex=2,
지주,16,2,,금융지주회사 자회사등의 영업점 공동이용시 유의사항 통지,감독서비스총괄국,20060322,폐지,금융지주회사 자회사등의 영업점 공동이용시 유의사항.hwp,https://www.fss.or.kr/fss.hpdownload?path=/law/ptl/&file=20061220105359892.hwp&filere=%EA%B8%88%EC%9C%B5%EC%A7%80%EC%A3%BC%ED%9A%8C%EC%82%AC+%EC%9E%90%ED%9A%8C%EC%82%AC%EB%93%B1%EC%9D%98+%EC%98%81%EC%97%85%EC%A0%90+%EA%B3%B5%EB%8F%99%EC%9D%B4%EC%9A%A9%EC%8B%9C+%EC%9C%A0%EC%9D%98%EC%82%AC%ED%95%AD.hwp,https://www.fss.or.kr/fss/job/admnstgudc/view.do?guGuidanceMgrSeq=20061220105359575&menuNo=200492&searchRegn=&searchYear=&searchCecYn=T&searchWrd=%EC%A7%80%EC%A3%BC&pageIndex=2,
지주,16,2,,주식매수선택권제도 관련사항 통보,감독서비스총괄국,20050503,폐지,주식매수선택권제도의 바람직한 운영방안.hwp,https://www.fss.or.kr/fss.hpdownload?path=/law/ptl/&file=20061220111258041.hwp&filere=%EC%A3%BC%EC%8B%9D%EB%A7%A4%EC%88%98%EC%84%A0%ED%83%9D%EA%B6%8C%EC%A0%9C%EB%8F%84%EC%9D%98+%EB%B0%94%EB%9E%8C%EC%A7%81%ED%95%9C+%EC%9A%B4%EC%98%81%EB%B0%A9%EC%95%88.hwp,https://www.fss.or.kr/fss/job/admnstgudc/view.do?guGuidanceMgrSeq=20061220105012721&menuNo=200492&searchRegn=&searchYear=&searchCecYn=T&searchWrd=%EC%A7%80%EC%A3%BC&pageIndex=2,
그룹리스크,0,1,,(결과 없음),,,,,,https://www.fss.or.kr/fss/job/admnstgudc/list.do?menuNo=200492&pageIndex=1&searchRegn=&searchYear=&searchCecYn=T&searchWrd=%EA%B7%B8%EB%A3%B9%EB%A6%AC%EC%8A%A4%ED%81%AC,
모범규준,69,1,행2021-41001,해지율 산출 및 적용에 관한 모범규준,보험상품분쟁1국,20260401,시행중,해지율 산출 및 적용에 관한 모범규준 행정지도 연장.hwp,https://www.fss.or.kr/fss.hpdownload?path=/law/ptl/&file=2210218_20260331173618868_0.hwp&filere=%ED%95%B4%EC%A7%80%EC%9C%A8+%EC%82%B0%EC%B6%9C+%EB%B0%8F+%EC%A0%81%EC%9A%A9%EC%97%90+%EA%B4%80%ED%95%9C+%EB%AA%A8%EB%B2%94%EA%B7%9C%EC%A4%80+%ED%96%89%EC%A0%95%EC%A7%80%EB%8F%84+%EC%97%B0%EC%9E%A5.hwp,https://www.fss.or.kr/fss/job/admnstgudc/view.do?guGuidanceMgrSeq=20260331173618877&menuNo=200492&searchRegn=&searchYear=&searchCecYn=T&searchWrd=%EB%AA%A8%EB%B2%94%EA%B7%9C%EC%A4%80&pageIndex=1,
모범규준,69,1,행2021-41001,해지율 산출 및 적용에 관한 모범규준,보험계리상품감독국,20250401,폐지,해지율 산출 및 적용에 관한 모범규준 행정지도 내용 변경.hwp,https://www.fss.or.kr/fss.hpdownload?path=/law/ptl/&file=2130067_20250331094840950_0.hwp&filere=%ED%95%B4%EC%A7%80%EC%9C%A8+%EC%82%B0%EC%B6%9C+%EB%B0%8F+%EC%A0%81%EC%9A%A9%EC%97%90+%EA%B4%80%ED%95%9C+%EB%AA%A8%EB%B2%94%EA%B7%9C%EC%A4%80+%ED%96%89%EC%A0%95%EC%A7%80%EB%8F%84+%EB%82%B4%EC%9A%A9+%EB%B3%80%EA%B2%BD.hwp,https://www.fss.or.kr/fss/job/admnstgudc/view.do?guGuidanceMgrSeq=20250331094840960&menuNo=200492&searchRegn=&searchYear=&searchCecYn=T&searchWrd=%EB%AA%A8%EB%B2%94%EA%B7%9C%EC%A4%80&pageIndex=1,
모범규준,69,1,행2018-41002,보험사기 예방 모범규준,보험감독국,20230511,폐지,230509 붙임 전문.hwp,https://www.fss.or.kr/fss.hpdownload?path=/law/ptl/&file=2140289_20230509095019578_0.hwp&filere=230509+%EB%B6%99%EC%9E%84+%EC%A0%84%EB%AC%B8.hwp,https://www.fss.or.kr/fss/job/admnstgudc/view.do?guGuidanceMgrSeq=20230509095019960&menuNo=200492&searchRegn=&searchYear=&searchCecYn=T&searchWrd=%EB%AA%A8%EB%B2%94%EA%B7%9C%EC%A4%80&pageIndex=1,
모범규준,69,1,행2018-41002,보험사기 예방 모범규준,보험감독국,20220511,폐지,붙임 보험사기 예방 모범규준 전문.hwp,https://www.fss.or.kr/fss.hpdownload?path=/law/ptl/&file=2140289_20220512084155396_0.hwp&filere=%EB%B6%99%EC%9E%84+%EB%B3%B4%ED%97%98%EC%82%AC%EA%B8%B0+%EC%98%88%EB%B0%A9+%EB%AA%A8%EB%B2%94%EA%B7%9C%EC%A4%80+%EC%A0%84%EB%AC%B8.hwp,https://www.fss.or.kr/fss/job/admnstgudc/view.do?guGuidanceMgrSeq=20220511174240889&menuNo=200492&searchRegn=&searchYear=&searchCecYn=T&searchWrd=%EB%AA%A8%EB%B2%94%EA%B7%9C%EC%A4%80&pageIndex=1,
모범규준,69,1,행2018-11006,「금융그룹감독 보고서식」,금융그룹감독실,20210601,폐지,[붙임] 금융그룹감독 보고서식.xlsx,https://www.fss.or.kr/fss.hpdownload?path=/law/ptl/&file=2200031_20210531151316685_0.xlsx&filere=%5B%EB%B6%99%EC%9E%84%5D+%EA%B8%88%EC%9C%B5%EA%B7%B8%EB%A3%B9%EA%B0%90%EB%8F%85+%EB%B3%B4%EA%B3%A0%EC%84%9C%EC%8B%9D.xlsx,https://www.fss.or.kr/fss/job/admnstgudc/view.do?guGuidanceMgrSeq=20210531082440243&menuNo=200492&searchRegn=&searchYear=&searchCecYn=T&searchWrd=%EB%AA%A8%EB%B2%94%EA%B7%9C%EC%A4%80&pageIndex=1,
모범규준,69,1,행2020-11001,「금융그룹 공시 세부사항」,금융그룹감독실,20210601,폐지,[붙임] 금융그룹 공시 세부사항.hwp,https://www.fss.or.kr/fss.hpdownload?path=/law/ptl/&file=2200031_20210531150915228_0.hwp&filere=%5B%EB%B6%99%EC%9E%84%5D+%EA%B8%88%EC%9C%B5%EA%B7%B8%EB%A3%B9+%EA%B3%B5%EC%8B%9C+%EC%84%B8%EB%B6%80%EC%82%AC%ED%95%AD.hwp,https://www.fss.or.kr/fss/job/admnstgudc/view.do?guGuidanceMgrSeq=20210531091330868&menuNo=200492&searchRegn=&searchYear=&searchCecYn=T&searchWrd=%EB%AA%A8%EB%B2%94%EA%B7%9C%EC%A4%80&pageIndex=1,
모범규준,69,1,행2020-41001,보험상품 특별약관 판매 및 관리 모범규준,보험감독국,20210101,폐지,붙임_보험상품 특별약관 판매 및 관리 모범규준_(20200824_등록).hwp,https://www.fss.or.kr/fss.hpdownload?path=/law/ptl/&file=2080170_20200824093223887_0.hwp&filere=%EB%B6%99%EC%9E%84_%EB%B3%B4%ED%97%98%EC%83%81%ED%92%88+%ED%8A%B9%EB%B3%84%EC%95%BD%EA%B4%80+%ED%8C%90%EB%A7%A4+%EB%B0%8F+%EA%B4%80%EB%A6%AC+%EB%AA%A8%EB%B2%94%EA%B7%9C%EC%A4%80_%2820200824_%EB%93%B1%EB%A1%9D%29.hwp,https://www.fss.or.kr/fss/job/admnstgudc/view.do?guGuidanceMgrSeq=20200821172903094&menuNo=200492&searchRegn=&searchYear=&searchCecYn=T&searchWrd=%EB%AA%A8%EB%B2%94%EA%B7%9C%EC%A4%80&pageIndex=1,
모범규준,69,1,2014-028,금융소비자보호 모범규준,금융소비자보호감독국,20210101,폐지,(붙임) 금융소비자보호 모범규준.hwp,https://www.fss.or.kr/fss.hpdownload?path=/law/ptl/&file=2170827_20201228095908609_0.hwp&filere=%28%EB%B6%99%EC%9E%84%29+%EA%B8%88%EC%9C%B5%EC%86%8C%EB%B9%84%EC%9E%90%EB%B3%B4%ED%98%B8+%EB%AA%A8%EB%B2%94%EA%B7%9C%EC%A4%80.hwp,https://www.fss.or.kr/fss/job/admnstgudc/view.do?guGuidanceMgrSeq=20201228095908652&menuNo=200492&searchRegn=&searchYear=&searchCecYn=T&searchWrd=%EB%AA%A8%EB%B2%94%EA%B7%9C%EC%A4%80&pageIndex=1,
모범규준,69,1,2014-037,대출모집인 제도 모범규준 일부 개정 및 연장,감독총괄국,20200701,폐지,(붙임1) 대출모집인 제도 모범규준 개정후 전문(붙임10 표준 대출모집업무 위탁계약서 개정).hwp ; (붙임2) 표준 대출모집업무 위탁계약서 개정 전후 비교.hwp,https://www.fss.or.kr/fss.hpdownload?path=/law/ptl/&file=2140030_20200504174745660_0.hwp&filere=%28%EB%B6%99%EC%9E%841%29+%EB%8C%80%EC%B6%9C%EB%AA%A8%EC%A7%91%EC%9D%B8+%EC%A0%9C%EB%8F%84+%EB%AA%A8%EB%B2%94%EA%B7%9C%EC%A4%80+%EA%B0%9C%EC%A0%95%ED%9B%84+%EC%A0%84%EB%AC%B8%28%EB%B6%99%EC%9E%8410+%ED%91%9C%EC%A4%80+%EB%8C%80%EC%B6%9C%EB%AA%A8%EC%A7%91%EC%97%85%EB%AC%B4+%EC%9C%84%ED%83%81%EA%B3%84%EC%95%BD%EC%84%9C+%EA%B0%9C%EC%A0%95%29.hwp ; https://www.fss.or.kr/fss.hpdownload?path=/law/ptl/&file=2140030_20200506110101384_0.hwp&filere=%28%EB%B6%99%EC%9E%842%29+%ED%91%9C%EC%A4%80+%EB%8C%80%EC%B6%9C%EB%AA%A8%EC%A7%91%EC%97%85%EB%AC%B4+%EC%9C%84%ED%83%81%EA%B3%84%EC%95%BD%EC%84%9C+%EA%B0%9C%EC%A0%95+%EC%A0%84%ED%9B%84+%EB%B9%84%EA%B5%90.hwp,https://www.fss.or.kr/fss/job/admnstgudc/view.do?guGuidanceMgrSeq=20200504174745697&menuNo=200492&searchRegn=&searchYear=&searchCecYn=T&searchWrd=%EB%AA%A8%EB%B2%94%EA%B7%9C%EC%A4%80&pageIndex=1,
모범규준,69,1,행2020-11001,금융그룹 공시 세부사항,금융그룹감독실,20200601,폐지,금융그룹 공시 세부사항_(최종).hwp,https://www.fss.or.kr/fss.hpdownload?path=/law/ptl/&file=2170268_20200528145605701_0.hwp&filere=%EA%B8%88%EC%9C%B5%EA%B7%B8%EB%A3%B9+%EA%B3%B5%EC%8B%9C+%EC%84%B8%EB%B6%80%EC%82%AC%ED%95%AD_%28%EC%B5%9C%EC%A2%85%29.hwp,https://www.fss.or.kr/fss/job/admnstgudc/view.do?guGuidanceMgrSeq=20200528145605733&menuNo=200492&searchRegn=&searchYear=&searchCecYn=T&searchWrd=%EB%AA%A8%EB%B2%94%EA%B7%9C%EC%A4%80&pageIndex=1,
모범규준,69,2,행2018-11006,「금융그룹감독 보고서식」,금융그룹감독실,20200601,폐지,20년 금융그룹감독 보고서식_(최종).xlsx,https://www.fss.or.kr/fss.hpdownload?path=/law/ptl/&file=2170268_20200528152626379_0.xlsx&filere=20%EB%85%84+%EA%B8%88%EC%9C%B5%EA%B7%B8%EB%A3%B9%EA%B0%90%EB%8F%85+%EB%B3%B4%EA%B3%A0%EC%84%9C%EC%8B%9D_%28%EC%B5%9C%EC%A2%85%29.xlsx,https://www.fss.or.kr/fss/job/admnstgudc/view.do?guGuidanceMgrSeq=20200528152626422&menuNo=200492&searchRegn=&searchYear=&searchCecYn=T&searchWrd=%EB%AA%A8%EB%B2%94%EA%B7%9C%EC%A4%80&pageIndex=2,
모범규준,69,2,2014-037,대출모집인 제도 모범규준 유효기간 연장,감독총괄국,20191001,폐지,(행정지도예고)대출모집인 제도 모범규준 전문.hwp,https://www.fss.or.kr/fss.hpdownload?path=/law/ptl/&file=2140030_20190920172458770_0.hwp&filere=%28%ED%96%89%EC%A0%95%EC%A7%80%EB%8F%84%EC%98%88%EA%B3%A0%29%EB%8C%80%EC%B6%9C%EB%AA%A8%EC%A7%91%EC%9D%B8+%EC%A0%9C%EB%8F%84+%EB%AA%A8%EB%B2%94%EA%B7%9C%EC%A4%80+%EC%A0%84%EB%AC%B8.hwp,https://www.fss.or.kr/fss/job/admnstgudc/view.do?guGuidanceMgrSeq=20190920172458829&menuNo=200492&searchRegn=&searchYear=&searchCecYn=T&searchWrd=%EB%AA%A8%EB%B2%94%EA%B7%9C%EC%A4%80&pageIndex=2,
모범규준,69,2,행2018-11006,금융그룹감독 보고서식,금융그룹감독실,20190928,폐지,금융그룹감독 보고서식_최종.xlsx,https://www.fss.or.kr/fss.hpdownload?path=/law/ptl/&file=2170268_20190924091516622_0.xlsx&filere=%EA%B8%88%EC%9C%B5%EA%B7%B8%EB%A3%B9%EA%B0%90%EB%8F%85+%EB%B3%B4%EA%B3%A0%EC%84%9C%EC%8B%9D_%EC%B5%9C%EC%A2%85.xlsx,https://www.fss.or.kr/fss/job/admnstgudc/view.do?guGuidanceMgrSeq=20190924091516660&menuNo=200492&searchRegn=&searchYear=&searchCecYn=T&searchWrd=%EB%AA%A8%EB%B2%94%EA%B7%9C%EC%A4%80&pageIndex=2,
모범규준,69,2,2014-009,금융회사의 정보통신수단 등 전산장비 이용관련 내부통제 모범규준,감독총괄국,20180401,폐지,금융회사의 정보통신수단 등 전산장비 이용관련 내부통제 모범규준_게시.hwp,https://www.fss.or.kr/fss.hpdownload?path=/law/ptl/&file=2050201_20180330101638215_0.hwp&filere=%EA%B8%88%EC%9C%B5%ED%9A%8C%EC%82%AC%EC%9D%98+%EC%A0%95%EB%B3%B4%ED%86%B5%EC%8B%A0%EC%88%98%EB%8B%A8+%EB%93%B1+%EC%A0%84%EC%82%B0%EC%9E%A5%EB%B9%84+%EC%9D%B4%EC%9A%A9%EA%B4%80%EB%A0%A8+%EB%82%B4%EB%B6%80%ED%86%B5%EC%A0%9C+%EB%AA%A8%EB%B2%94%EA%B7%9C%EC%A4%80_%EA%B2%8C%EC%8B%9C.hwp,https://www.fss.or.kr/fss/job/admnstgudc/view.do?guGuidanceMgrSeq=20180330101638241&menuNo=200492&searchRegn=&searchYear=&searchCecYn=T&searchWrd=%EB%AA%A8%EB%B2%94%EA%B7%9C%EC%A4%80&pageIndex=2,
모범규준,69,2,2014-002,외국계 금융회사의 국내영업단위와 특수관계자간의 거래에 관한 모범규준,감독총괄국,20170709,폐지,170703- 신구조문대비표.hwp ; 외국계 금융회사의 특수관계자 거래 관련 모범규준_2017.7월(최종).hwp,https://www.fss.or.kr/fss.hpdownload?path=/law/ptl/&file=1951043_20170703160839041_0.hwp&filere=170703-+%EC%8B%A0%EA%B5%AC%EC%A1%B0%EB%AC%B8%EB%8C%80%EB%B9%84%ED%91%9C.hwp ; https://www.fss.or.kr/fss.hpdownload?path=/law/ptl/&file=1951043_20170703160839056_1.hwp&filere=%EC%99%B8%EA%B5%AD%EA%B3%84+%EA%B8%88%EC%9C%B5%ED%9A%8C%EC%82%AC%EC%9D%98+%ED%8A%B9%EC%88%98%EA%B4%80%EA%B3%84%EC%9E%90+%EA%B1%B0%EB%9E%98+%EA%B4%80%EB%A0%A8+%EB%AA%A8%EB%B2%94%EA%B7%9C%EC%A4%80_2017.7%EC%9B%94%28%EC%B5%9C%EC%A2%85%29.hwp,https://www.fss.or.kr/fss/job/admnstgudc/view.do?guGuidanceMgrSeq=20170703160839075&menuNo=200492&searchRegn=&searchYear=&searchCecYn=T&searchWrd=%EB%AA%A8%EB%B2%94%EA%B7%9C%EC%A4%80&pageIndex=2,
모범규준,69,2,2014-017,금융지주회사 통합위험관리 모범규준 및 금융지주회사의 그룹내부통제기준 모범규준,감독총괄국,20170401,폐지,(붙임1) 금융지주회사의 그룹내부통제기준 모범규준.hwp ; (붙임2) 금융지주회사 통합위험관리 모범규준.hwp,https://www.fss.or.kr/fss.hpdownload?path=/law/ptl/&file=2150753_20170328150222201_0.hwp&filere=%28%EB%B6%99%EC%9E%841%29+%EA%B8%88%EC%9C%B5%EC%A7%80%EC%A3%BC%ED%9A%8C%EC%82%AC%EC%9D%98+%EA%B7%B8%EB%A3%B9%EB%82%B4%EB%B6%80%ED%86%B5%EC%A0%9C%EA%B8%B0%EC%A4%80+%EB%AA%A8%EB%B2%94%EA%B7%9C%EC%A4%80.hwp ; https://www.fss.or.kr/fss.hpdownload?path=/law/ptl/&file=2150753_20170328150222208_1.hwp&filere=%28%EB%B6%99%EC%9E%842%29+%EA%B8%88%EC%9C%B5%EC%A7%80%EC%A3%BC%ED%9A%8C%EC%82%AC+%ED%86%B5%ED%95%A9%EC%9C%84%ED%97%98%EA%B4%80%EB%A6%AC+%EB%AA%A8%EB%B2%94%EA%B7%9C%EC%A4%80.hwp,https://www.fss.or.kr/fss/job/admnstgudc/view.do?guGuidanceMgrSeq=20170328150222228&menuNo=200492&searchRegn=&searchYear=&searchCecYn=T&searchWrd=%EB%AA%A8%EB%B2%94%EA%B7%9C%EC%A4%80&pageIndex=2,
모범규준,69,2,행2016-11005,금융회사의 정보통신수단 등 전산장비 이용관련 내부통제 모범규준,감독총괄국,20170401,폐지,170327 -금융회사의정보통신수단등전산장비이용관련내부통제모범규준drm.hwp,https://www.fss.or.kr/fss.hpdownload?path=/law/ptl/&file=1951043_20170327134217612_0.hwp&filere=170327+-%EA%B8%88%EC%9C%B5%ED%9A%8C%EC%82%AC%EC%9D%98%EC%A0%95%EB%B3%B4%ED%86%B5%EC%8B%A0%EC%88%98%EB%8B%A8%EB%93%B1%EC%A0%84%EC%82%B0%EC%9E%A5%EB%B9%84%EC%9D%B4%EC%9A%A9%EA%B4%80%EB%A0%A8%EB%82%B4%EB%B6%80%ED%86%B5%EC%A0%9C%EB%AA%A8%EB%B2%94%EA%B7%9C%EC%A4%80drm.hwp,https://www.fss.or.kr/fss/job/admnstgudc/view.do?guGuidanceMgrSeq=20170327134217633&menuNo=200492&searchRegn=&searchYear=&searchCecYn=T&searchWrd=%EB%AA%A8%EB%B2%94%EA%B7%9C%EC%A4%80&pageIndex=2,
모범규준,69,2,2014-017,금융지주회사 통합리스크관리 모범규준 및 금융지주회사의 그룹내부통제기준 모범규준,감독총괄국,20160801,폐지,붙임1_금융지주회사의 그룹내부통제기준 모범규준 개정 후 전문.hwp ; 붙임2_금융지주회사 통합위험관리 모범규준 개정 후 전문.hwp,https://www.fss.or.kr/fss.hpdownload?path=/law/ptl/&file=2150753_20170213145817399_0.hwp&filere=%EB%B6%99%EC%9E%841_%EA%B8%88%EC%9C%B5%EC%A7%80%EC%A3%BC%ED%9A%8C%EC%82%AC%EC%9D%98+%EA%B7%B8%EB%A3%B9%EB%82%B4%EB%B6%80%ED%86%B5%EC%A0%9C%EA%B8%B0%EC%A4%80+%EB%AA%A8%EB%B2%94%EA%B7%9C%EC%A4%80+%EA%B0%9C%EC%A0%95+%ED%9B%84+%EC%A0%84%EB%AC%B8.hwp ; https://www.fss.or.kr/fss.hpdownload?path=/law/ptl/&file=2150753_20170213145817413_1.hwp&filere=%EB%B6%99%EC%9E%842_%EA%B8%88%EC%9C%B5%EC%A7%80%EC%A3%BC%ED%9A%8C%EC%82%AC+%ED%86%B5%ED%95%A9%EC%9C%84%ED%97%98%EA%B4%80%EB%A6%AC+%EB%AA%A8%EB%B2%94%EA%B7%9C%EC%A4%80+%EA%B0%9C%EC%A0%95+%ED%9B%84+%EC%A0%84%EB%AC%B8.hwp,https://www.fss.or.kr/fss/job/admnstgudc/view.do?guGuidanceMgrSeq=20170210165649943&menuNo=200492&searchRegn=&searchYear=&searchCecYn=T&searchWrd=%EB%AA%A8%EB%B2%94%EA%B7%9C%EC%A4%80&pageIndex=2,
모범규준,69,2,2014-003,퇴직연금 업무처리 모범규준,연금금융실,20160609,폐지,신구조문대비표.hwp ; 퇴직연금 업무처리 모범규준 전문.hwp,https://www.fss.or.kr/fss.hpdownload?path=/law/ptl/&file=2020585_20160530161622110_0.hwp&filere=%EC%8B%A0%EA%B5%AC%EC%A1%B0%EB%AC%B8%EB%8C%80%EB%B9%84%ED%91%9C.hwp ; https://www.fss.or.kr/fss.hpdownload?path=/law/ptl/&file=2020585_20160530161622119_1.hwp&filere=%ED%87%B4%EC%A7%81%EC%97%B0%EA%B8%88+%EC%97%85%EB%AC%B4%EC%B2%98%EB%A6%AC+%EB%AA%A8%EB%B2%94%EA%B7%9C%EC%A4%80+%EC%A0%84%EB%AC%B8.hwp,https://www.fss.or.kr/fss/job/admnstgudc/view.do?guGuidanceMgrSeq=20160530161622145&menuNo=200492&searchRegn=&searchYear=&searchCecYn=T&searchWrd=%EB%AA%A8%EB%B2%94%EA%B7%9C%EC%A4%80&pageIndex=2,
모범규준,69,2,2014-003,퇴직연금사업자업무처리모범규준,복합금융감독국,20151209,폐지,1.모범규준 개정 전문(20151217)_F.pdf,https://www.fss.or.kr/fss.hpdownload?path=/law/ptl/&file=20151223165048830.pdf&filere=1.%EB%AA%A8%EB%B2%94%EA%B7%9C%EC%A4%80+%EA%B0%9C%EC%A0%95+%EC%A0%84%EB%AC%B8%2820151217%29_F.pdf,https://www.fss.or.kr/fss/job/admnstgudc/view.do?guGuidanceMgrSeq=20100713114327004&menuNo=200492&searchRegn=&searchYear=&searchCecYn=T&searchWrd=%EB%AA%A8%EB%B2%94%EA%B7%9C%EC%A4%80&pageIndex=2,
모범규준,69,3,2015-010,국가별 위험관리 모범규준 행정지도 시행,외환감독국,20151001,폐지,국가별위험관리 모범규준.hwp,https://www.fss.or.kr/fss.hpdownload?path=/law/ptl/&file=20150625103342769.hwp&filere=%EA%B5%AD%EA%B0%80%EB%B3%84%EC%9C%84%ED%97%98%EA%B4%80%EB%A6%AC+%EB%AA%A8%EB%B2%94%EA%B7%9C%EC%A4%80.hwp,https://www.fss.or.kr/fss/job/admnstgudc/view.do?guGuidanceMgrSeq=20150625102405680&menuNo=200492&searchRegn=&searchYear=&searchCecYn=T&searchWrd=%EB%AA%A8%EB%B2%94%EA%B7%9C%EC%A4%80&pageIndex=3,
모범규준,69,3,2015-019,은행 내부통제 및 준법감시인 제도 모범규준,은행감독국,20150917,폐지,150916_붙임_은행 내부통제 및 준법감시인 제도 모범규준.hwp,https://www.fss.or.kr/fss.hpdownload?path=/law/ptl/&file=20150917144159432.hwp&filere=150916_%EB%B6%99%EC%9E%84_%EC%9D%80%ED%96%89+%EB%82%B4%EB%B6%80%ED%86%B5%EC%A0%9C+%EB%B0%8F+%EC%A4%80%EB%B2%95%EA%B0%90%EC%8B%9C%EC%9D%B8+%EC%A0%9C%EB%8F%84+%EB%AA%A8%EB%B2%94%EA%B7%9C%EC%A4%80.hwp,https://www.fss.or.kr/fss/job/admnstgudc/view.do?guGuidanceMgrSeq=20150917143226745&menuNo=200492&searchRegn=&searchYear=&searchCecYn=T&searchWrd=%EB%AA%A8%EB%B2%94%EA%B7%9C%EC%A4%80&pageIndex=3,
모범규준,69,3,,보험회사의 재보험관리 모범규준 개정내용 통보,보험감독국,20131127,폐지,보험회사의_재보험_관리_모범규준(최종)_등록_201311_.hwp,https://www.fss.or.kr/fss.hpdownload?path=/law/ptl/&file=20140114164816836.hwp&filere=%EB%B3%B4%ED%97%98%ED%9A%8C%EC%82%AC%EC%9D%98_%EC%9E%AC%EB%B3%B4%ED%97%98_%EA%B4%80%EB%A6%AC_%EB%AA%A8%EB%B2%94%EA%B7%9C%EC%A4%80%28%EC%B5%9C%EC%A2%85%29_%EB%93%B1%EB%A1%9D_201311_.hwp,https://www.fss.or.kr/fss/job/admnstgudc/view.do?guGuidanceMgrSeq=20140114164816763&menuNo=200492&searchRegn=&searchYear=&searchCecYn=T&searchWrd=%EB%AA%A8%EB%B2%94%EA%B7%9C%EC%A4%80&pageIndex=3,
모범규준,69,3,,신용평가등급의 공시 등 업무 모범규준,금융투자감독국,20130201,폐지,신용평가등급의 공시 등 업무 모범규준.hwp,https://www.fss.or.kr/fss.hpdownload?path=/law/ptl/&file=20121127202539658.hwp&filere=%EC%8B%A0%EC%9A%A9%ED%8F%89%EA%B0%80%EB%93%B1%EA%B8%89%EC%9D%98+%EA%B3%B5%EC%8B%9C+%EB%93%B1+%EC%97%85%EB%AC%B4+%EB%AA%A8%EB%B2%94%EA%B7%9C%EC%A4%80.hwp,https://www.fss.or.kr/fss/job/admnstgudc/view.do?guGuidanceMgrSeq=20121127202539497&menuNo=200492&searchRegn=&searchYear=&searchCecYn=T&searchWrd=%EB%AA%A8%EB%B2%94%EA%B7%9C%EC%A4%80&pageIndex=3,
모범규준,69,3,,금융투자회사 성과보상체계 모범규준,금융투자감독국,20130201,폐지,130102 성과보상체계 모범규준(개정안)@.hwp,https://www.fss.or.kr/fss.hpdownload?path=/law/ptl/&file=20130806095211698.hwp&filere=130102+%EC%84%B1%EA%B3%BC%EB%B3%B4%EC%83%81%EC%B2%B4%EA%B3%84+%EB%AA%A8%EB%B2%94%EA%B7%9C%EC%A4%80%28%EA%B0%9C%EC%A0%95%EC%95%88%29%40.hwp,https://www.fss.or.kr/fss/job/admnstgudc/view.do?guGuidanceMgrSeq=20130806093715242&menuNo=200492&searchRegn=&searchYear=&searchCecYn=T&searchWrd=%EB%AA%A8%EB%B2%94%EA%B7%9C%EC%A4%80&pageIndex=3,
모범규준,69,3,,보험회사의 재보험관리 모범규준 개정내용 통보,보험감독국,20121018,폐지,보험회사의 재보험 관리 모범규준(최종) 등록 20121018.hwp,https://www.fss.or.kr/fss.hpdownload?path=/law/ptl/&file=20130109101844692.hwp&filere=%EB%B3%B4%ED%97%98%ED%9A%8C%EC%82%AC%EC%9D%98+%EC%9E%AC%EB%B3%B4%ED%97%98+%EA%B4%80%EB%A6%AC+%EB%AA%A8%EB%B2%94%EA%B7%9C%EC%A4%80%28%EC%B5%9C%EC%A2%85%29+%EB%93%B1%EB%A1%9D+20121018.hwp,https://www.fss.or.kr/fss/job/admnstgudc/view.do?guGuidanceMgrSeq=20130109101844628&menuNo=200492&searchRegn=&searchYear=&searchCecYn=T&searchWrd=%EB%AA%A8%EB%B2%94%EA%B7%9C%EC%A4%80&pageIndex=3,
모범규준,69,3,2014-018,금융지주회사의그룹내부통제기준모범규준,감독총괄국,20120401,폐지,그룹내부통제모범규준(게시)F.hwp,https://www.fss.or.kr/fss.hpdownload?path=/law/ptl/&file=20150715164724804.hwp&filere=%EA%B7%B8%EB%A3%B9%EB%82%B4%EB%B6%80%ED%86%B5%EC%A0%9C%EB%AA%A8%EB%B2%94%EA%B7%9C%EC%A4%80%28%EA%B2%8C%EC%8B%9C%29F.hwp,https://www.fss.or.kr/fss/job/admnstgudc/view.do?guGuidanceMgrSeq=20120320105719564&menuNo=200492&searchRegn=&searchYear=&searchCecYn=T&searchWrd=%EB%AA%A8%EB%B2%94%EA%B7%9C%EC%A4%80&pageIndex=3,
모범규준,69,3,,"신용카드사 전화마케팅 모범규준 제정, 시행",여신전문감독국,20120305,폐지,붙임1 모범규준.hwp,https://www.fss.or.kr/fss.hpdownload?path=/law/ptl/&file=20130731104125717.hwp&filere=%EB%B6%99%EC%9E%841+%EB%AA%A8%EB%B2%94%EA%B7%9C%EC%A4%80.hwp,https://www.fss.or.kr/fss/job/admnstgudc/view.do?guGuidanceMgrSeq=20130731104125560&menuNo=200492&searchRegn=&searchYear=&searchCecYn=T&searchWrd=%EB%AA%A8%EB%B2%94%EA%B7%9C%EC%A4%80&pageIndex=3,
모범규준,69,3,,금융투자회사의 기업실사(Due Diligence) 모범규준 제정 및 시행 안내,기업공시국,20120201,폐지,금융투자회사의 기업실사 모범규준(최종).hwp,https://www.fss.or.kr/fss.hpdownload?path=/law/ptl/&file=20111209103203434.hwp&filere=%EA%B8%88%EC%9C%B5%ED%88%AC%EC%9E%90%ED%9A%8C%EC%82%AC%EC%9D%98+%EA%B8%B0%EC%97%85%EC%8B%A4%EC%82%AC+%EB%AA%A8%EB%B2%94%EA%B7%9C%EC%A4%80%28%EC%B5%9C%EC%A2%85%29.hwp,https://www.fss.or.kr/fss/job/admnstgudc/view.do?guGuidanceMgrSeq=20111209103203261&menuNo=200492&searchRegn=&searchYear=&searchCecYn=T&searchWrd=%EB%AA%A8%EB%B2%94%EA%B7%9C%EC%A4%80&pageIndex=3,
모범규준,69,3,,「보험금 지급업무에 관한 모범규준」,보험감독국,20120201,폐지,140128_보험금_지급업무에_관한_모범규준_전문BOK.hwp,https://www.fss.or.kr/fss.hpdownload?path=/law/ptl/&file=20140204191727745.hwp&filere=140128_%EB%B3%B4%ED%97%98%EA%B8%88_%EC%A7%80%EA%B8%89%EC%97%85%EB%AC%B4%EC%97%90_%EA%B4%80%ED%95%9C_%EB%AA%A8%EB%B2%94%EA%B7%9C%EC%A4%80_%EC%A0%84%EB%AC%B8BOK.hwp,https://www.fss.or.kr/fss/job/admnstgudc/view.do?guGuidanceMgrSeq=20111230095404685&menuNo=200492&searchRegn=&searchYear=&searchCecYn=T&searchWrd=%EB%AA%A8%EB%B2%94%EA%B7%9C%EC%A4%80&pageIndex=3,
모범규준,69,4,,「보험 통신판매 업무 프로세스 표준rule(모범규준)」,보험감독국,20110802,폐지,130221_보험 통신판매업무 프로세스 표준rule(모범규준)_전문.hwp,https://www.fss.or.kr/fss.hpdownload?path=/law/ptl/&file=20130225101226683.hwp&filere=130221_%EB%B3%B4%ED%97%98+%ED%86%B5%EC%8B%A0%ED%8C%90%EB%A7%A4%EC%97%85%EB%AC%B4+%ED%94%84%EB%A1%9C%EC%84%B8%EC%8A%A4+%ED%91%9C%EC%A4%80rule%28%EB%AA%A8%EB%B2%94%EA%B7%9C%EC%A4%80%29_%EC%A0%84%EB%AC%B8.hwp,https://www.fss.or.kr/fss/job/admnstgudc/view.do?guGuidanceMgrSeq=20110802135249954&menuNo=200492&searchRegn=&searchYear=&searchCecYn=T&searchWrd=%EB%AA%A8%EB%B2%94%EA%B7%9C%EC%A4%80&pageIndex=4,
모범규준,69,4,,은행의 우선변제권부채권 발행 모범규준 시행,은행감독국,20110630,폐지,은행의 우선변제권부채권 발행 모범규준.hwp,https://www.fss.or.kr/fss.hpdownload?path=/law/ptl/&file=20110630132129795.hwp&filere=%EC%9D%80%ED%96%89%EC%9D%98+%EC%9A%B0%EC%84%A0%EB%B3%80%EC%A0%9C%EA%B6%8C%EB%B6%80%EC%B1%84%EA%B6%8C+%EB%B0%9C%ED%96%89+%EB%AA%A8%EB%B2%94%EA%B7%9C%EC%A4%80.hwp,https://www.fss.or.kr/fss/job/admnstgudc/view.do?guGuidanceMgrSeq=20110630132129565&menuNo=200492&searchRegn=&searchYear=&searchCecYn=T&searchWrd=%EB%AA%A8%EB%B2%94%EA%B7%9C%EC%A4%80&pageIndex=4,
모범규준,69,4,,여신전문금융회사의『부동산 PF리스크관리 모범규준』제정·송부,여신전문서비스실,20110630,폐지,여신전문금융회사의『부동산 PF리스크관리 모범규준』1부.hwp,https://www.fss.or.kr/fss.hpdownload?path=/law/ptl/&file=20110701155752689.hwp&filere=%EC%97%AC%EC%8B%A0%EC%A0%84%EB%AC%B8%EA%B8%88%EC%9C%B5%ED%9A%8C%EC%82%AC%EC%9D%98%E3%80%8E%EB%B6%80%EB%8F%99%EC%82%B0+PF%EB%A6%AC%EC%8A%A4%ED%81%AC%EA%B4%80%EB%A6%AC+%EB%AA%A8%EB%B2%94%EA%B7%9C%EC%A4%80%E3%80%8F1%EB%B6%80.hwp,https://www.fss.or.kr/fss/job/admnstgudc/view.do?guGuidanceMgrSeq=20110207173739519&menuNo=200492&searchRegn=&searchYear=&searchCecYn=T&searchWrd=%EB%AA%A8%EB%B2%94%EA%B7%9C%EC%A4%80&pageIndex=4,
모범규준,69,4,,「부동산PF 리스크관리 모범규준」 개정 내용 송부,보험감독국,20110629,폐지,보험회사의 부동산PF 리스크관리 모범규준(개정안).hwp ; 공문붙임1_개정안대비표.hwp,https://www.fss.or.kr/fss.hpdownload?path=/law/ptl/&file=20110630111125464.hwp&filere=%EB%B3%B4%ED%97%98%ED%9A%8C%EC%82%AC%EC%9D%98+%EB%B6%80%EB%8F%99%EC%82%B0PF+%EB%A6%AC%EC%8A%A4%ED%81%AC%EA%B4%80%EB%A6%AC+%EB%AA%A8%EB%B2%94%EA%B7%9C%EC%A4%80%28%EA%B0%9C%EC%A0%95%EC%95%88%29.hwp ; https://www.fss.or.kr/fss.hpdownload?path=/law/ptl/&file=20110630111126412.hwp&filere=%EA%B3%B5%EB%AC%B8%EB%B6%99%EC%9E%841_%EA%B0%9C%EC%A0%95%EC%95%88%EB%8C%80%EB%B9%84%ED%91%9C.hwp,https://www.fss.or.kr/fss/job/admnstgudc/view.do?guGuidanceMgrSeq=20110630111125275&menuNo=200492&searchRegn=&searchYear=&searchCecYn=T&searchWrd=%EB%AA%A8%EB%B2%94%EA%B7%9C%EC%A4%80&pageIndex=4,
모범규준,69,4,,「보험금 지급업무에 관한 모범규준」개정내용 통보,생명보험서비스국,20110501,폐지,보험금 지급업무에 관한 모범규준 개정안(최종)[복호화].hwp,https://www.fss.or.kr/fss.hpdownload?path=/law/ptl/&file=20110401165546804.hwp&filere=%EB%B3%B4%ED%97%98%EA%B8%88+%EC%A7%80%EA%B8%89%EC%97%85%EB%AC%B4%EC%97%90+%EA%B4%80%ED%95%9C+%EB%AA%A8%EB%B2%94%EA%B7%9C%EC%A4%80+%EA%B0%9C%EC%A0%95%EC%95%88%28%EC%B5%9C%EC%A2%85%29%5B%EB%B3%B5%ED%98%B8%ED%99%94%5D.hwp,https://www.fss.or.kr/fss/job/admnstgudc/view.do?guGuidanceMgrSeq=20110401165546426&menuNo=200492&searchRegn=&searchYear=&searchCecYn=T&searchWrd=%EB%AA%A8%EB%B2%94%EA%B7%9C%EC%A4%80&pageIndex=4,
모범규준,69,4,,「재보험관리 모범규준」 개정내용 통보,보험감독국,20110401,폐지,보험회사의 재보험 관리 모범규준(최종) 등록 20121018.hwp,https://www.fss.or.kr/fss.hpdownload?path=/law/ptl/&file=20121227105853229.hwp&filere=%EB%B3%B4%ED%97%98%ED%9A%8C%EC%82%AC%EC%9D%98+%EC%9E%AC%EB%B3%B4%ED%97%98+%EA%B4%80%EB%A6%AC+%EB%AA%A8%EB%B2%94%EA%B7%9C%EC%A4%80%28%EC%B5%9C%EC%A2%85%29+%EB%93%B1%EB%A1%9D+20121018.hwp,https://www.fss.or.kr/fss/job/admnstgudc/view.do?guGuidanceMgrSeq=20110624152541443&menuNo=200492&searchRegn=&searchYear=&searchCecYn=T&searchWrd=%EB%AA%A8%EB%B2%94%EA%B7%9C%EC%A4%80&pageIndex=4,
모범규준,69,4,,「보험 통신판매 업무 프로세스 표준rule(모범규준)」 개정사항 통보,생명보험서비스국,20110401,폐지,(붙임1) 보험 통신판매 업무 프로세스 표준rule(모범규준) 개정내용(복호화).hwp ; (붙임2) 보험 통신판매 업무 프로세스 표준rule(모범규준) 전문(복호화).hwp,https://www.fss.or.kr/fss.hpdownload?path=/law/ptl/&file=20110401165027443.hwp&filere=%28%EB%B6%99%EC%9E%841%29+%EB%B3%B4%ED%97%98+%ED%86%B5%EC%8B%A0%ED%8C%90%EB%A7%A4+%EC%97%85%EB%AC%B4+%ED%94%84%EB%A1%9C%EC%84%B8%EC%8A%A4+%ED%91%9C%EC%A4%80rule%28%EB%AA%A8%EB%B2%94%EA%B7%9C%EC%A4%80%29+%EA%B0%9C%EC%A0%95%EB%82%B4%EC%9A%A9%28%EB%B3%B5%ED%98%B8%ED%99%94%29.hwp ; https://www.fss.or.kr/fss.hpdownload?path=/law/ptl/&file=20110401165027857.hwp&filere=%28%EB%B6%99%EC%9E%842%29+%EB%B3%B4%ED%97%98+%ED%86%B5%EC%8B%A0%ED%8C%90%EB%A7%A4+%EC%97%85%EB%AC%B4+%ED%94%84%EB%A1%9C%EC%84%B8%EC%8A%A4+%ED%91%9C%EC%A4%80rule%28%EB%AA%A8%EB%B2%94%EA%B7%9C%EC%A4%80%29+%EC%A0%84%EB%AC%B8%28%EB%B3%B5%ED%98%B8%ED%99%94%29.hwp,https://www.fss.or.kr/fss/job/admnstgudc/view.do?guGuidanceMgrSeq=20110401164546976&menuNo=200492&searchRegn=&searchYear=&searchCecYn=T&searchWrd=%EB%AA%A8%EB%B2%94%EA%B7%9C%EC%A4%80&pageIndex=4,
모범규준,69,4,,「PB업무 내부통제 모범규준」 통보,은행서비스총괄국,20100914,폐지,PB업무 내부통제 모범규준.hwp,https://www.fss.or.kr/fss.hpdownload?path=/law/ptl/&file=20100914183907237.hwp&filere=PB%EC%97%85%EB%AC%B4+%EB%82%B4%EB%B6%80%ED%86%B5%EC%A0%9C+%EB%AA%A8%EB%B2%94%EA%B7%9C%EC%A4%80.hwp,https://www.fss.or.kr/fss/job/admnstgudc/view.do?guGuidanceMgrSeq=20100914183907076&menuNo=200492&searchRegn=&searchYear=&searchCecYn=T&searchWrd=%EB%AA%A8%EB%B2%94%EA%B7%9C%EC%A4%80&pageIndex=4,
모범규준,69,4,,보험 통신판매 업무 프로세스 표준rule(모범규준),생명보험서비스국,20100901,폐지,보험 통신판매 업무 프로세스 표준rule(모범규준) [전문]-복호화.hwp,https://www.fss.or.kr/fss.hpdownload?path=/law/ptl/&file=20100722102701210.hwp&filere=%EB%B3%B4%ED%97%98+%ED%86%B5%EC%8B%A0%ED%8C%90%EB%A7%A4+%EC%97%85%EB%AC%B4+%ED%94%84%EB%A1%9C%EC%84%B8%EC%8A%A4+%ED%91%9C%EC%A4%80rule%28%EB%AA%A8%EB%B2%94%EA%B7%9C%EC%A4%80%29+%5B%EC%A0%84%EB%AC%B8%5D-%EB%B3%B5%ED%98%B8%ED%99%94.hwp,https://www.fss.or.kr/fss/job/admnstgudc/view.do?guGuidanceMgrSeq=20100722102037227&menuNo=200492&searchRegn=&searchYear=&searchCecYn=T&searchWrd=%EB%AA%A8%EB%B2%94%EA%B7%9C%EC%A4%80&pageIndex=4,
모범규준,69,4,,외화대출 모범규준 통보,외환업무실,20100830,폐지,외화대출 모범규준.hwp,https://www.fss.or.kr/fss.hpdownload?path=/law/ptl/&file=20100730162501676.hwp&filere=%EC%99%B8%ED%99%94%EB%8C%80%EC%B6%9C+%EB%AA%A8%EB%B2%94%EA%B7%9C%EC%A4%80.hwp,https://www.fss.or.kr/fss/job/admnstgudc/view.do?guGuidanceMgrSeq=20100730160045584&menuNo=200492&searchRegn=&searchYear=&searchCecYn=T&searchWrd=%EB%AA%A8%EB%B2%94%EA%B7%9C%EC%A4%80&pageIndex=4,
모범규준,69,5,,위기상황분석 모범규준,은행감독국,20100326,폐지,100312 위기상황분석 모범규준 수정안_발송용.hwp,https://www.fss.or.kr/fss.hpdownload?path=/law/ptl/&file=20100406171744667.hwp&filere=100312+%EC%9C%84%EA%B8%B0%EC%83%81%ED%99%A9%EB%B6%84%EC%84%9D+%EB%AA%A8%EB%B2%94%EA%B7%9C%EC%A4%80+%EC%88%98%EC%A0%95%EC%95%88_%EB%B0%9C%EC%86%A1%EC%9A%A9.hwp,https://www.fss.or.kr/fss/job/admnstgudc/view.do?guGuidanceMgrSeq=20100406171744466&menuNo=200492&searchRegn=&searchYear=&searchCecYn=T&searchWrd=%EB%AA%A8%EB%B2%94%EA%B7%9C%EC%A4%80&pageIndex=5,
모범규준,69,5,,리스크관리부문에 대한 성과평가지표(예시) 송부,금융리스크제도실,20100315,폐지,(복)100309 리스크관리조직에 대한 성과평가 방안(발송용).hwp,https://www.fss.or.kr/fss.hpdownload?path=/law/ptl/&file=20100426151952971.hwp&filere=%28%EB%B3%B5%29100309+%EB%A6%AC%EC%8A%A4%ED%81%AC%EA%B4%80%EB%A6%AC%EC%A1%B0%EC%A7%81%EC%97%90+%EB%8C%80%ED%95%9C+%EC%84%B1%EA%B3%BC%ED%8F%89%EA%B0%80+%EB%B0%A9%EC%95%88%28%EB%B0%9C%EC%86%A1%EC%9A%A9%29.hwp,https://www.fss.or.kr/fss/job/admnstgudc/view.do?guGuidanceMgrSeq=20100426151952640&menuNo=200492&searchRegn=&searchYear=&searchCecYn=T&searchWrd=%EB%AA%A8%EB%B2%94%EA%B7%9C%EC%A4%80&pageIndex=5,
모범규준,69,5,,부동산 PF대출 및 PF ABCP 매입약정의 건전성 제고를 위한 유의사항 통보,은행서비스총괄국,20100308,폐지,,,https://www.fss.or.kr/fss/job/admnstgudc/view.do?guGuidanceMgrSeq=20100928181451292&menuNo=200492&searchRegn=&searchYear=&searchCecYn=T&searchWrd=%EB%AA%A8%EB%B2%94%EA%B7%9C%EC%A4%80&pageIndex=5,
모범규준,69,5,,금융지주회사의 그룹 내부통제기준 모범규준,감독서비스총괄국,20100212,폐지,그룹 내부통제기준 모범규준.hwp,https://www.fss.or.kr/fss.hpdownload?path=/law/ptl/&file=20100512104443484.hwp&filere=%EA%B7%B8%EB%A3%B9+%EB%82%B4%EB%B6%80%ED%86%B5%EC%A0%9C%EA%B8%B0%EC%A4%80+%EB%AA%A8%EB%B2%94%EA%B7%9C%EC%A4%80.hwp,https://www.fss.or.kr/fss/job/admnstgudc/view.do?guGuidanceMgrSeq=20100512104443362&menuNo=200492&searchRegn=&searchYear=&searchCecYn=T&searchWrd=%EB%AA%A8%EB%B2%94%EA%B7%9C%EC%A4%80&pageIndex=5,
모범규준,69,5,,금융지주회사의 성과보상체계 모범규준,감독서비스총괄국,20100122,폐지,금융지주회사 모범규준(통보용).hwp,https://www.fss.or.kr/fss.hpdownload?path=/law/ptl/&file=20100222160804470.hwp&filere=%EA%B8%88%EC%9C%B5%EC%A7%80%EC%A3%BC%ED%9A%8C%EC%82%AC+%EB%AA%A8%EB%B2%94%EA%B7%9C%EC%A4%80%28%ED%86%B5%EB%B3%B4%EC%9A%A9%29.hwp,https://www.fss.or.kr/fss/job/admnstgudc/view.do?guGuidanceMgrSeq=20100222160804294&menuNo=200492&searchRegn=&searchYear=&searchCecYn=T&searchWrd=%EB%AA%A8%EB%B2%94%EA%B7%9C%EC%A4%80&pageIndex=5,
모범규준,69,5,,보험회사 성과보상체계 모범규준,보험감독국,20100121,폐지,120425 성과보상체계 모범규준.hwp,https://www.fss.or.kr/fss.hpdownload?path=/law/ptl/&file=20140611174814186.hwp&filere=120425+%EC%84%B1%EA%B3%BC%EB%B3%B4%EC%83%81%EC%B2%B4%EA%B3%84+%EB%AA%A8%EB%B2%94%EA%B7%9C%EC%A4%80.hwp,https://www.fss.or.kr/fss/job/admnstgudc/view.do?guGuidanceMgrSeq=20100202092652285&menuNo=200492&searchRegn=&searchYear=&searchCecYn=T&searchWrd=%EB%AA%A8%EB%B2%94%EA%B7%9C%EC%A4%80&pageIndex=5,
모범규준,69,5,,금융투자회사 성과보상체계 모범규준,금융투자서비스국,20100119,폐지,최종 모범규준_금융투자회사.pdf,https://www.fss.or.kr/fss.hpdownload?path=/law/ptl/&file=20100201200740666.pdf&filere=%EC%B5%9C%EC%A2%85+%EB%AA%A8%EB%B2%94%EA%B7%9C%EC%A4%80_%EA%B8%88%EC%9C%B5%ED%88%AC%EC%9E%90%ED%9A%8C%EC%82%AC.pdf,https://www.fss.or.kr/fss/job/admnstgudc/view.do?guGuidanceMgrSeq=20100201200740431&menuNo=200492&searchRegn=&searchYear=&searchCecYn=T&searchWrd=%EB%AA%A8%EB%B2%94%EA%B7%9C%EC%A4%80&pageIndex=5,
모범규준,69,5,,은행권 성과보상체계 모범규준,은행서비스총괄국,20100118,폐지,100115-은행권 모범규준-FN_복호화.hwp,https://www.fss.or.kr/fss.hpdownload?path=/law/ptl/&file=20100202100415313.hwp&filere=100115-%EC%9D%80%ED%96%89%EA%B6%8C+%EB%AA%A8%EB%B2%94%EA%B7%9C%EC%A4%80-FN_%EB%B3%B5%ED%98%B8%ED%99%94.hwp,https://www.fss.or.kr/fss/job/admnstgudc/view.do?guGuidanceMgrSeq=20100202100003601&menuNo=200492&searchRegn=&searchYear=&searchCecYn=T&searchWrd=%EB%AA%A8%EB%B2%94%EA%B7%9C%EC%A4%80&pageIndex=5,
모범규준,69,5,,보험회사의 부동산PF 리스크관리 모범규준,생명보험서비스국,20091210,폐지,보험회사의 부동산PF 리스크관리 모범규준(송부)_복호화.hwp,https://www.fss.or.kr/fss.hpdownload?path=/law/ptl/&file=20091210112945777.hwp&filere=%EB%B3%B4%ED%97%98%ED%9A%8C%EC%82%AC%EC%9D%98+%EB%B6%80%EB%8F%99%EC%82%B0PF+%EB%A6%AC%EC%8A%A4%ED%81%AC%EA%B4%80%EB%A6%AC+%EB%AA%A8%EB%B2%94%EA%B7%9C%EC%A4%80%28%EC%86%A1%EB%B6%80%29_%EB%B3%B5%ED%98%B8%ED%99%94.hwp,https://www.fss.or.kr/fss/job/admnstgudc/view.do?guGuidanceMgrSeq=20091210112945366&menuNo=200492&searchRegn=&searchYear=&searchCecYn=T&searchWrd=%EB%AA%A8%EB%B2%94%EA%B7%9C%EC%A4%80&pageIndex=5,
모범규준,69,5,,은행권「부동산 PF 리스크관리 모범규준」,은행서비스총괄국,20081001,폐지,(붙임)은행권 부동산 PF 모범규준(안)_090909 재등록용.hwp,https://www.fss.or.kr/fss.hpdownload?path=/law/ptl/&file=20090914101710930.hwp&filere=%28%EB%B6%99%EC%9E%84%29%EC%9D%80%ED%96%89%EA%B6%8C+%EB%B6%80%EB%8F%99%EC%82%B0+PF+%EB%AA%A8%EB%B2%94%EA%B7%9C%EC%A4%80%28%EC%95%88%29_090909+%EC%9E%AC%EB%93%B1%EB%A1%9D%EC%9A%A9.hwp,https://www.fss.or.kr/fss/job/admnstgudc/view.do?guGuidanceMgrSeq=20090914101710827&menuNo=200492&searchRegn=&searchYear=&searchCecYn=T&searchWrd=%EB%AA%A8%EB%B2%94%EA%B7%9C%EC%A4%80&pageIndex=5,
모범규준,69,6,,교차모집에 관한 모범규준,생명보험서비스국,20080830,폐지,교차모집에 관한 모범규준 080603.hwp,https://www.fss.or.kr/fss.hpdownload?path=/law/ptl/&file=20100713093651155.hwp&filere=%EA%B5%90%EC%B0%A8%EB%AA%A8%EC%A7%91%EC%97%90+%EA%B4%80%ED%95%9C+%EB%AA%A8%EB%B2%94%EA%B7%9C%EC%A4%80+080603.hwp,https://www.fss.or.kr/fss/job/admnstgudc/view.do?guGuidanceMgrSeq=20100713093651126&menuNo=200492&searchRegn=&searchYear=&searchCecYn=T&searchWrd=%EB%AA%A8%EB%B2%94%EA%B7%9C%EC%A4%80&pageIndex=6,
모범규준,69,6,,보험회사 보험료결손 예상시 회계처리업무 모범규준,생명보험서비스국,20080502,폐지,보험료결손 회계처리 모범규준.hwp,https://www.fss.or.kr/fss.hpdownload?path=/law/ptl/&file=20100713144733656.hwp&filere=%EB%B3%B4%ED%97%98%EB%A3%8C%EA%B2%B0%EC%86%90+%ED%9A%8C%EA%B3%84%EC%B2%98%EB%A6%AC+%EB%AA%A8%EB%B2%94%EA%B7%9C%EC%A4%80.hwp,https://www.fss.or.kr/fss/job/admnstgudc/view.do?guGuidanceMgrSeq=20100713144733338&menuNo=200492&searchRegn=&searchYear=&searchCecYn=T&searchWrd=%EB%AA%A8%EB%B2%94%EA%B7%9C%EC%A4%80&pageIndex=6,
모범규준,69,6,,설계사 표준위촉계약서 모범규준,생명보험서비스국,20080401,폐지,설계사 표준위촉계약서 모범규준 071213.hwp,https://www.fss.or.kr/fss.hpdownload?path=/law/ptl/&file=20100713100950222.hwp&filere=%EC%84%A4%EA%B3%84%EC%82%AC+%ED%91%9C%EC%A4%80%EC%9C%84%EC%B4%89%EA%B3%84%EC%95%BD%EC%84%9C+%EB%AA%A8%EB%B2%94%EA%B7%9C%EC%A4%80+071213.hwp,https://www.fss.or.kr/fss/job/admnstgudc/view.do?guGuidanceMgrSeq=20100713100950124&menuNo=200492&searchRegn=&searchYear=&searchCecYn=T&searchWrd=%EB%AA%A8%EB%B2%94%EA%B7%9C%EC%A4%80&pageIndex=6,
모범규준,69,6,,보험금 지급업무에 관한 모범규준,생명보험서비스국,20080401,폐지,보험금 지급업무에 관한 모범규준 100430.hwp,https://www.fss.or.kr/fss.hpdownload?path=/law/ptl/&file=20100713100301209.hwp&filere=%EB%B3%B4%ED%97%98%EA%B8%88+%EC%A7%80%EA%B8%89%EC%97%85%EB%AC%B4%EC%97%90+%EA%B4%80%ED%95%9C+%EB%AA%A8%EB%B2%94%EA%B7%9C%EC%A4%80+100430.hwp,https://www.fss.or.kr/fss/job/admnstgudc/view.do?guGuidanceMgrSeq=20100713100301074&menuNo=200492&searchRegn=&searchYear=&searchCecYn=T&searchWrd=%EB%AA%A8%EB%B2%94%EA%B7%9C%EC%A4%80&pageIndex=6,
모범규준,69,6,,"신용카드 부가서비스관련 수익성분석 내부통제 모범규준(06.3.10, 리스크관리 모범규준 추가 사항)",여신전문서비스실,20071017,폐지,071017-신용카드 부가서비스 관련 수익성분석 및 내부통제 모범규준신용카드 부가서비스 관련 수익성분석 및 내부통제 모범규준.hwp,https://www.fss.or.kr/fss.hpdownload?path=/law/ptl/&file=20110119100008456.hwp&filere=071017-%EC%8B%A0%EC%9A%A9%EC%B9%B4%EB%93%9C+%EB%B6%80%EA%B0%80%EC%84%9C%EB%B9%84%EC%8A%A4+%EA%B4%80%EB%A0%A8+%EC%88%98%EC%9D%B5%EC%84%B1%EB%B6%84%EC%84%9D+%EB%B0%8F+%EB%82%B4%EB%B6%80%ED%86%B5%EC%A0%9C+%EB%AA%A8%EB%B2%94%EA%B7%9C%EC%A4%80%EC%8B%A0%EC%9A%A9%EC%B9%B4%EB%93%9C+%EB%B6%80%EA%B0%80%EC%84%9C%EB%B9%84%EC%8A%A4+%EA%B4%80%EB%A0%A8+%EC%88%98%EC%9D%B5%EC%84%B1%EB%B6%84%EC%84%9D+%EB%B0%8F+%EB%82%B4%EB%B6%80%ED%86%B5%EC%A0%9C+%EB%AA%A8%EB%B2%94%EA%B7%9C%EC%A4%80.hwp,https://www.fss.or.kr/fss/job/admnstgudc/view.do?guGuidanceMgrSeq=20110119100008223&menuNo=200492&searchRegn=&searchYear=&searchCecYn=T&searchWrd=%EB%AA%A8%EB%B2%94%EA%B7%9C%EC%A4%80&pageIndex=6,
모범규준,69,6,,보험권 여신심사체계 선진화 방안(모범규준) 통보,생명보험서비스국,20070719,폐지,,,https://www.fss.or.kr/fss/job/admnstgudc/view.do?guGuidanceMgrSeq=20080124140413211&menuNo=200492&searchRegn=&searchYear=&searchCecYn=T&searchWrd=%EB%AA%A8%EB%B2%94%EA%B7%9C%EC%A4%80&pageIndex=6,
모범규준,69,6,,「채권추심업무 모범규준」제정,일반은행서비스국,20061228,폐지,모범규준-책자발간용-최종.hwp,https://www.fss.or.kr/fss.hpdownload?path=/law/ptl/&file=20070123161331405.hwp&filere=%EB%AA%A8%EB%B2%94%EA%B7%9C%EC%A4%80-%EC%B1%85%EC%9E%90%EB%B0%9C%EA%B0%84%EC%9A%A9-%EC%B5%9C%EC%A2%85.hwp,https://www.fss.or.kr/fss/job/admnstgudc/view.do?guGuidanceMgrSeq=20070123161331267&menuNo=200492&searchRegn=&searchYear=&searchCecYn=T&searchWrd=%EB%AA%A8%EB%B2%94%EA%B7%9C%EC%A4%80&pageIndex=6,
모범규준,69,6,2014-001,파생상품업무처리모범규준,복합금융감독국,20061201,폐지,파생상품모범규준개정안_최종_.pdf,https://www.fss.or.kr/fss.hpdownload?path=/law/ptl/&file=20150629181238523.pdf&filere=%ED%8C%8C%EC%83%9D%EC%83%81%ED%92%88%EB%AA%A8%EB%B2%94%EA%B7%9C%EC%A4%80%EA%B0%9C%EC%A0%95%EC%95%88_%EC%B5%9C%EC%A2%85_.pdf,https://www.fss.or.kr/fss/job/admnstgudc/view.do?guGuidanceMgrSeq=20120111173702437&menuNo=200492&searchRegn=&searchYear=&searchCecYn=T&searchWrd=%EB%AA%A8%EB%B2%94%EA%B7%9C%EC%A4%80&pageIndex=6,
모범규준,69,6,,운영표준방법 세부지침(안) 및 영업연속성계획(Business Continuity Planning) 모범규준(안) 송부,금융리스크제도실,20061031,폐지,운영표준방법세부지침(안).hwp ; 영업연속성계획모범규준(안).hwp,https://www.fss.or.kr/fss.hpdownload?path=/law/ptl/&file=20070206175231227.hwp&filere=%EC%9A%B4%EC%98%81%ED%91%9C%EC%A4%80%EB%B0%A9%EB%B2%95%EC%84%B8%EB%B6%80%EC%A7%80%EC%B9%A8%28%EC%95%88%29.hwp ; https://www.fss.or.kr/fss.hpdownload?path=/law/ptl/&file=20070206175230519.hwp&filere=%EC%98%81%EC%97%85%EC%97%B0%EC%86%8D%EC%84%B1%EA%B3%84%ED%9A%8D%EB%AA%A8%EB%B2%94%EA%B7%9C%EC%A4%80%28%EC%95%88%29.hwp,https://www.fss.or.kr/fss/job/admnstgudc/view.do?guGuidanceMgrSeq=20070206175230241&menuNo=200492&searchRegn=&searchYear=&searchCecYn=T&searchWrd=%EB%AA%A8%EB%B2%94%EA%B7%9C%EC%A4%80&pageIndex=6,
모범규준,69,6,,소비자보호 모범규준,소비자보호총괄국,20060926,폐지,소비자보호모범규준(홈페이지게시용).hwp,https://www.fss.or.kr/fss.hpdownload?path=/law/ptl/&file=20100713155305558.hwp&filere=%EC%86%8C%EB%B9%84%EC%9E%90%EB%B3%B4%ED%98%B8%EB%AA%A8%EB%B2%94%EA%B7%9C%EC%A4%80%28%ED%99%88%ED%8E%98%EC%9D%B4%EC%A7%80%EA%B2%8C%EC%8B%9C%EC%9A%A9%29.hwp,https://www.fss.or.kr/fss/job/admnstgudc/view.do?guGuidanceMgrSeq=20100713133636218&menuNo=200492&searchRegn=&searchYear=&searchCecYn=T&searchWrd=%EB%AA%A8%EB%B2%94%EA%B7%9C%EC%A4%80&pageIndex=6,
모범규준,69,7,,소비자보호 모범규준,소비자보호감독국,20060926,폐지,소비자보호모범규준(홈페이지게시용).hwp,https://www.fss.or.kr/fss.hpdownload?path=/law/ptl/&file=20110715093404530.hwp&filere=%EC%86%8C%EB%B9%84%EC%9E%90%EB%B3%B4%ED%98%B8%EB%AA%A8%EB%B2%94%EA%B7%9C%EC%A4%80%28%ED%99%88%ED%8E%98%EC%9D%B4%EC%A7%80%EA%B2%8C%EC%8B%9C%EC%9A%A9%29.hwp,https://www.fss.or.kr/fss/job/admnstgudc/view.do?guGuidanceMgrSeq=20110715093404332&menuNo=200492&searchRegn=&searchYear=&searchCecYn=T&searchWrd=%EB%AA%A8%EB%B2%94%EA%B7%9C%EC%A4%80&pageIndex=7,
모범규준,69,7,,신용카드업 리스크관리 모범규준 제정ㆍ시행,여신전문서비스실,20060310,폐지,060320-신용카드사 리스크관리 모범규준.hwp,https://www.fss.or.kr/fss.hpdownload?path=/law/ptl/&file=20110119093528380.hwp&filere=060320-%EC%8B%A0%EC%9A%A9%EC%B9%B4%EB%93%9C%EC%82%AC+%EB%A6%AC%EC%8A%A4%ED%81%AC%EA%B4%80%EB%A6%AC+%EB%AA%A8%EB%B2%94%EA%B7%9C%EC%A4%80.hwp,https://www.fss.or.kr/fss/job/admnstgudc/view.do?guGuidanceMgrSeq=20110119093528238&menuNo=200492&searchRegn=&searchYear=&searchCecYn=T&searchWrd=%EB%AA%A8%EB%B2%94%EA%B7%9C%EC%A4%80&pageIndex=7,
모범규준,69,7,,"'개인신용정보 관리, 보호 모범규준' 마련",일반은행서비스국,20051114,폐지,모범규준.hwp,https://www.fss.or.kr/fss.hpdownload?path=/law/ptl/&file=20070104160820391.hwp&filere=%EB%AA%A8%EB%B2%94%EA%B7%9C%EC%A4%80.hwp,https://www.fss.or.kr/fss/job/admnstgudc/view.do?guGuidanceMgrSeq=20061220141700898&menuNo=200492&searchRegn=&searchYear=&searchCecYn=T&searchWrd=%EB%AA%A8%EB%B2%94%EA%B7%9C%EC%A4%80&pageIndex=7,
모범규준,69,7,,보험회사의 재보험관리 모범규준,손해보험서비스국,20050601,폐지,,,https://www.fss.or.kr/fss/job/admnstgudc/view.do?guGuidanceMgrSeq=20100713143701493&menuNo=200492&searchRegn=&searchYear=&searchCecYn=T&searchWrd=%EB%AA%A8%EB%B2%94%EA%B7%9C%EC%A4%80&pageIndex=7,
모범규준,69,7,,보험계리 모범규준 제정요청,보험계리실,20050509,폐지,,,https://www.fss.or.kr/fss/job/admnstgudc/view.do?guGuidanceMgrSeq=20061228110341468&menuNo=200492&searchRegn=&searchYear=&searchCecYn=T&searchWrd=%EB%AA%A8%EB%B2%94%EA%B7%9C%EC%A4%80&pageIndex=7,
모범규준,69,7,,ABS 관련업무 모범규준,복합금융서비스국,20050501,폐지,,,https://www.fss.or.kr/fss/job/admnstgudc/view.do?guGuidanceMgrSeq=20100713114324361&menuNo=200492&searchRegn=&searchYear=&searchCecYn=T&searchWrd=%EB%AA%A8%EB%B2%94%EA%B7%9C%EC%A4%80&pageIndex=7,
모범규준,69,7,,예정사업비 부가 모범규준 제정 및 보험홍보 요청,보험계리실,20041019,폐지,,,https://www.fss.or.kr/fss/job/admnstgudc/view.do?guGuidanceMgrSeq=20061228110115441&menuNo=200492&searchRegn=&searchYear=&searchCecYn=T&searchWrd=%EB%AA%A8%EB%B2%94%EA%B7%9C%EC%A4%80&pageIndex=7,
모범규준,69,7,,보험리스크 측정에 관한 모범규준,생명보험서비스국,20040420,폐지,보험리스크 측정에 관한 모범규준.hwp,https://www.fss.or.kr/fss.hpdownload?path=/law/ptl/&file=20100713145507882.hwp&filere=%EB%B3%B4%ED%97%98%EB%A6%AC%EC%8A%A4%ED%81%AC+%EC%B8%A1%EC%A0%95%EC%97%90+%EA%B4%80%ED%95%9C+%EB%AA%A8%EB%B2%94%EA%B7%9C%EC%A4%80.hwp,https://www.fss.or.kr/fss/job/admnstgudc/view.do?guGuidanceMgrSeq=20100713145505260&menuNo=200492&searchRegn=&searchYear=&searchCecYn=T&searchWrd=%EB%AA%A8%EB%B2%94%EA%B7%9C%EC%A4%80&pageIndex=7,
모범규준,69,7,,보험회사 보험료 결손 예상시 회계처리업무 모범규준,보험감독국,20030411,폐지,보험회사의 보험료결손 예상시 회계처리업무 모범규준.hwp,https://www.fss.or.kr/fss.hpdownload?path=/law/ptl/&file=20061218155555468.hwp&filere=%EB%B3%B4%ED%97%98%ED%9A%8C%EC%82%AC%EC%9D%98+%EB%B3%B4%ED%97%98%EB%A3%8C%EA%B2%B0%EC%86%90+%EC%98%88%EC%83%81%EC%8B%9C+%ED%9A%8C%EA%B3%84%EC%B2%98%EB%A6%AC%EC%97%85%EB%AC%B4+%EB%AA%A8%EB%B2%94%EA%B7%9C%EC%A4%80.hwp,https://www.fss.or.kr/fss/job/admnstgudc/view.do?guGuidanceMgrSeq=20061218155555116&menuNo=200492&searchRegn=&searchYear=&searchCecYn=T&searchWrd=%EB%AA%A8%EB%B2%94%EA%B7%9C%EC%A4%80&pageIndex=7,
