번호,제재대상기관,제재조치요구일,관련부서,examMgmtNo,emOpenSeq,url,기관제재,임원제재,직원제재,제재대상사실,파일,파일명,sha256,상태
11,주식회사 우리금융지주,20250912,은행검사1국,202400600,2,https://www.fss.or.kr/fss/job/openInfo/view.do?menuNo=200476&examMgmtNo=202400600&emOpenSeq=2,,,,,dart_out/raw/web13/fss/exam/sanc/sanc_202400600_2_1.pdf,202400600_02_우리금융지주 정기검사 제재내용 공개안.pdf,724e1562adbc149ee07864c07c0f24b567cac6211f3da1ae5c763797db47a0c4,OK
10,한국투자금융지주 주식회사,20241126,금융투자검사1국,202200388,1,https://www.fss.or.kr/fss/job/openInfo/view.do?menuNo=200476&examMgmtNo=202200388&emOpenSeq=1,,,,,dart_out/raw/web13/fss/exam/sanc/sanc_202200388_1_1.pdf,202200388_01_202411_01_제재내용공개_한국투자금융지주_문책.pdf,f67f4800f8fac3d7176bee70ad448aa285d143fe2dd7686f1468232742ebc9cb,OK
9,(주)BNK금융지주,20240712,은행검사2국,202200356,1,https://www.fss.or.kr/fss/job/openInfo/view.do?menuNo=200476&examMgmtNo=202200356&emOpenSeq=1,,,,,dart_out/raw/web13/fss/exam/sanc/sanc_202200356_1_1.pdf,202200356_01_BNK금융지주 수시검사 제재내용 공개안(문책사항).pdf,931f8c547693bd2b97e02acd207fcfa151cc45f8444e8610838e68e21a0cae30,OK
8,JB금융지주,20240620,은행검사2국,202300325,1,https://www.fss.or.kr/fss/job/openInfo/view.do?menuNo=200476&examMgmtNo=202300325&emOpenSeq=1,,,,,dart_out/raw/web13/fss/exam/sanc/sanc_202300325_1_1.pdf,202300325_01_20240628 JB금융지주 정기검사 제재사항 공시.pdf,fdcdc04b822eee236363b52bcc18e8465c3250353ac05a6d6513456277524648,OK
7,주식회사 신한금융지주회사,20231222,은행검사1국,202000208,1,https://www.fss.or.kr/fss/job/openInfo/view.do?menuNo=200476&examMgmtNo=202000208&emOpenSeq=1,,,,,dart_out/raw/web13/fss/exam/sanc/sanc_202000208_1_1.pdf,202000208_01_신한지주 수시검사 제재내용 공개안.pdf,592ca85d695b61afa32d7e7653226dc784b1a1d846da9685c778a07a59ca7467,OK
6,농협금융지주 주식회사,20231013,은행검사2국,202200021,2,https://www.fss.or.kr/fss/job/openInfo/view.do?menuNo=200476&examMgmtNo=202200021&emOpenSeq=2,,,,,dart_out/raw/web13/fss/exam/sanc/sanc_202200021_2_1.pdf,202200021_02_농협금융지주 정기검사 제재 공개안F.pdf,942a9af226d32fe003017f7d8f21308cb6ca54e11a7055883e77f5f127476545,OK
5,주식회사 우리금융지주,20231004,은행검사1국,202100627,1,https://www.fss.or.kr/fss/job/openInfo/view.do?menuNo=200476&examMgmtNo=202100627&emOpenSeq=1,,,,,dart_out/raw/web13/fss/exam/sanc/sanc_202100627_1_1.pdf,202100627_01_231004 우리금융지주 과태료 건 제재내용 공개.pdf,9c57d0c128d43aee636379a6767990379576fc236f00ed4f22e0d4caf2d2553b,OK
4,주식회사 메리츠금융지주,20221223,금융투자검사국,202100294,2,https://www.fss.or.kr/fss/job/openInfo/view.do?menuNo=200476&examMgmtNo=202100294&emOpenSeq=2,과태료 부과(206.4백만원),주의(상당) 2명,주의 1명,첨부파일 참조,dart_out/raw/web13/fss/exam/sanc/sanc_202100294_2_1.pdf,202100294_02_제재내용 공시_메리츠금융지주.pdf,820e82e1cb7bb2a9eae6743d5c5c73d11a3b85af2d73e0803844bc688d5f68c4,OK
3,주식회사 케이비금융지주,20221214,일반은행검사국,202100318,1,https://www.fss.or.kr/fss/job/openInfo/view.do?menuNo=200476&examMgmtNo=202100318&emOpenSeq=1,문책(과태료 부과) 300만원,,준법교육조건부 조치면제 1명(교육 미이수시 주의상당),,dart_out/raw/web13/fss/exam/sanc/sanc_202100318_1_1.pdf,202100318_01_KB금융지주 제재내용 공개안.pdf,613af81bf9287c23017bcef0a0febada7e3f5732668bf412cdf35033efc05f55,OK
2,주식회사 하나금융지주,20220729,일반은행검사국,202000329,1,https://www.fss.or.kr/fss/job/openInfo/view.do?menuNo=200476&examMgmtNo=202000329&emOpenSeq=1,문책(과태료부과) 1건,,퇴직자 위법·부당사항(주의 상당) 통보 2명,첨부파일을 참고하시기 바랍니다.,dart_out/raw/web13/fss/exam/sanc/sanc_202000329_1_1.pdf,202000329_01_제재내용 공개안(문책 등)_하나금융지주(f).pdf,f53474195745d03d977bdc38306f47dfa4679b3ed44bc1db3b20cf875ce04ed8,OK
1,주식회사 디지비금융지주,20220429,특수은행검사국,202100277,1,https://www.fss.or.kr/fss/job/openInfo/view.do?menuNo=200476&examMgmtNo=202100277&emOpenSeq=1,과태료 1억 5200만원 부과,,주의 3명,첨부파일을 참고하시기 바랍니다.,dart_out/raw/web13/fss/exam/sanc/sanc_202100277_1_1.pdf,202100277_01_DGB금융지주 부문검사 제재내용 공개안_문책사항f.pdf,1264869d1a2d7d2a738cae5a1ed810d9000d5808b24ed5b1576c6ff6729645f8,OK
