조,장,절,제목_2016.8.1판,제목_2012.3.13제정판,제목_2016.7개정예고안,2016.8.1판_본문표시,사용자시트범위(3~58조),출처
1,제1장 총 칙,,목적,목적,목적,,N,"2016.8.1판: 금감원 행정지도 내역 관리번호 2014-017(문서번호 감총그룹-388, 시행일 20160801) 첨부 「붙임2_금융지주회사 통합위험관리 모범규준 개정 후 전문.hwp」 https://www.fss.or.kr/fss/job/admnstgudc/view.do?guGuidanceMgrSeq=20170210165649943&menuNo=200492 sha256 17c39d9d75b58ab6 fetched_at 2026-10-08T00:47:59+09:00 ; 2012.3.13 제정판 제목은 금감원 행정지도 예고(seqno=29) 첨부 「통합리스크관리_모범규준(게시)F_.hwp」 https://www.fss.or.kr/fss/job/admnPrvntc/view.do?seqno=29&menuNo=200491 sha256 691e65bd04a3b29c fetched_at 2026-10-08T00:49:41+09:00 ; 2016.7 개정 예고안 제목은 금감원 행정지도 예고(seqno=51) 첨부 「…개정안(홈피공시).hwp」 https://www.fss.or.kr/fss/job/admnPrvntc/view.do?seqno=51&menuNo=200491 sha256 177cd3b7dd668fc5 fetched_at 2026-10-08T00:49:43+09:00 ; 조 머리 대조 scripts/dart/verify13_mobeom.py(2026-10-07)"
2,제1장 총 칙,,정의,정의,정의,,N,"2016.8.1판: 금감원 행정지도 내역 관리번호 2014-017(문서번호 감총그룹-388, 시행일 20160801) 첨부 「붙임2_금융지주회사 통합위험관리 모범규준 개정 후 전문.hwp」 https://www.fss.or.kr/fss/job/admnstgudc/view.do?guGuidanceMgrSeq=20170210165649943&menuNo=200492 sha256 17c39d9d75b58ab6 fetched_at 2026-10-08T00:47:59+09:00 ; 2012.3.13 제정판 제목은 금감원 행정지도 예고(seqno=29) 첨부 「통합리스크관리_모범규준(게시)F_.hwp」 https://www.fss.or.kr/fss/job/admnPrvntc/view.do?seqno=29&menuNo=200491 sha256 691e65bd04a3b29c fetched_at 2026-10-08T00:49:41+09:00 ; 2016.7 개정 예고안 제목은 금감원 행정지도 예고(seqno=51) 첨부 「…개정안(홈피공시).hwp」 https://www.fss.or.kr/fss/job/admnPrvntc/view.do?seqno=51&menuNo=200491 sha256 177cd3b7dd668fc5 fetched_at 2026-10-08T00:49:43+09:00 ; 조 머리 대조 scripts/dart/verify13_mobeom.py(2026-10-07)"
3,제1장 총 칙,,적용대상,적용대상,적용대상,,Y,"2016.8.1판: 금감원 행정지도 내역 관리번호 2014-017(문서번호 감총그룹-388, 시행일 20160801) 첨부 「붙임2_금융지주회사 통합위험관리 모범규준 개정 후 전문.hwp」 https://www.fss.or.kr/fss/job/admnstgudc/view.do?guGuidanceMgrSeq=20170210165649943&menuNo=200492 sha256 17c39d9d75b58ab6 fetched_at 2026-10-08T00:47:59+09:00 ; 2012.3.13 제정판 제목은 금감원 행정지도 예고(seqno=29) 첨부 「통합리스크관리_모범규준(게시)F_.hwp」 https://www.fss.or.kr/fss/job/admnPrvntc/view.do?seqno=29&menuNo=200491 sha256 691e65bd04a3b29c fetched_at 2026-10-08T00:49:41+09:00 ; 2016.7 개정 예고안 제목은 금감원 행정지도 예고(seqno=51) 첨부 「…개정안(홈피공시).hwp」 https://www.fss.or.kr/fss/job/admnPrvntc/view.do?seqno=51&menuNo=200491 sha256 177cd3b7dd668fc5 fetched_at 2026-10-08T00:49:43+09:00 ; 조 머리 대조 scripts/dart/verify13_mobeom.py(2026-10-07)"
4,제1장 총 칙,,위험관리 철학,리스크 철학,위험관리 철학,,Y,"2016.8.1판: 금감원 행정지도 내역 관리번호 2014-017(문서번호 감총그룹-388, 시행일 20160801) 첨부 「붙임2_금융지주회사 통합위험관리 모범규준 개정 후 전문.hwp」 https://www.fss.or.kr/fss/job/admnstgudc/view.do?guGuidanceMgrSeq=20170210165649943&menuNo=200492 sha256 17c39d9d75b58ab6 fetched_at 2026-10-08T00:47:59+09:00 ; 2012.3.13 제정판 제목은 금감원 행정지도 예고(seqno=29) 첨부 「통합리스크관리_모범규준(게시)F_.hwp」 https://www.fss.or.kr/fss/job/admnPrvntc/view.do?seqno=29&menuNo=200491 sha256 691e65bd04a3b29c fetched_at 2026-10-08T00:49:41+09:00 ; 2016.7 개정 예고안 제목은 금감원 행정지도 예고(seqno=51) 첨부 「…개정안(홈피공시).hwp」 https://www.fss.or.kr/fss/job/admnPrvntc/view.do?seqno=51&menuNo=200491 sha256 177cd3b7dd668fc5 fetched_at 2026-10-08T00:49:43+09:00 ; 조 머리 대조 scripts/dart/verify13_mobeom.py(2026-10-07)"
5,제1장 총 칙,,위험관리 원칙,리스크관리 원칙,위험관리 원칙,,Y,"2016.8.1판: 금감원 행정지도 내역 관리번호 2014-017(문서번호 감총그룹-388, 시행일 20160801) 첨부 「붙임2_금융지주회사 통합위험관리 모범규준 개정 후 전문.hwp」 https://www.fss.or.kr/fss/job/admnstgudc/view.do?guGuidanceMgrSeq=20170210165649943&menuNo=200492 sha256 17c39d9d75b58ab6 fetched_at 2026-10-08T00:47:59+09:00 ; 2012.3.13 제정판 제목은 금감원 행정지도 예고(seqno=29) 첨부 「통합리스크관리_모범규준(게시)F_.hwp」 https://www.fss.or.kr/fss/job/admnPrvntc/view.do?seqno=29&menuNo=200491 sha256 691e65bd04a3b29c fetched_at 2026-10-08T00:49:41+09:00 ; 2016.7 개정 예고안 제목은 금감원 행정지도 예고(seqno=51) 첨부 「…개정안(홈피공시).hwp」 https://www.fss.or.kr/fss/job/admnPrvntc/view.do?seqno=51&menuNo=200491 sha256 177cd3b7dd668fc5 fetched_at 2026-10-08T00:49:43+09:00 ; 조 머리 대조 scripts/dart/verify13_mobeom.py(2026-10-07)"
6,제1장 총 칙,,문서화,문서화,문서화,,Y,"2016.8.1판: 금감원 행정지도 내역 관리번호 2014-017(문서번호 감총그룹-388, 시행일 20160801) 첨부 「붙임2_금융지주회사 통합위험관리 모범규준 개정 후 전문.hwp」 https://www.fss.or.kr/fss/job/admnstgudc/view.do?guGuidanceMgrSeq=20170210165649943&menuNo=200492 sha256 17c39d9d75b58ab6 fetched_at 2026-10-08T00:47:59+09:00 ; 2012.3.13 제정판 제목은 금감원 행정지도 예고(seqno=29) 첨부 「통합리스크관리_모범규준(게시)F_.hwp」 https://www.fss.or.kr/fss/job/admnPrvntc/view.do?seqno=29&menuNo=200491 sha256 691e65bd04a3b29c fetched_at 2026-10-08T00:49:41+09:00 ; 2016.7 개정 예고안 제목은 금감원 행정지도 예고(seqno=51) 첨부 「…개정안(홈피공시).hwp」 https://www.fss.or.kr/fss/job/admnPrvntc/view.do?seqno=51&menuNo=200491 sha256 177cd3b7dd668fc5 fetched_at 2026-10-08T00:49:43+09:00 ; 조 머리 대조 scripts/dart/verify13_mobeom.py(2026-10-07)"
7,제2장 위험관리조직,,조직구성,조직구성,조직구성,,Y,"2016.8.1판: 금감원 행정지도 내역 관리번호 2014-017(문서번호 감총그룹-388, 시행일 20160801) 첨부 「붙임2_금융지주회사 통합위험관리 모범규준 개정 후 전문.hwp」 https://www.fss.or.kr/fss/job/admnstgudc/view.do?guGuidanceMgrSeq=20170210165649943&menuNo=200492 sha256 17c39d9d75b58ab6 fetched_at 2026-10-08T00:47:59+09:00 ; 2012.3.13 제정판 제목은 금감원 행정지도 예고(seqno=29) 첨부 「통합리스크관리_모범규준(게시)F_.hwp」 https://www.fss.or.kr/fss/job/admnPrvntc/view.do?seqno=29&menuNo=200491 sha256 691e65bd04a3b29c fetched_at 2026-10-08T00:49:41+09:00 ; 2016.7 개정 예고안 제목은 금감원 행정지도 예고(seqno=51) 첨부 「…개정안(홈피공시).hwp」 https://www.fss.or.kr/fss/job/admnPrvntc/view.do?seqno=51&menuNo=200491 sha256 177cd3b7dd668fc5 fetched_at 2026-10-08T00:49:43+09:00 ; 조 머리 대조 scripts/dart/verify13_mobeom.py(2026-10-07)"
8,제2장 위험관리조직,,이사회,이사회,이사회,,Y,"2016.8.1판: 금감원 행정지도 내역 관리번호 2014-017(문서번호 감총그룹-388, 시행일 20160801) 첨부 「붙임2_금융지주회사 통합위험관리 모범규준 개정 후 전문.hwp」 https://www.fss.or.kr/fss/job/admnstgudc/view.do?guGuidanceMgrSeq=20170210165649943&menuNo=200492 sha256 17c39d9d75b58ab6 fetched_at 2026-10-08T00:47:59+09:00 ; 2012.3.13 제정판 제목은 금감원 행정지도 예고(seqno=29) 첨부 「통합리스크관리_모범규준(게시)F_.hwp」 https://www.fss.or.kr/fss/job/admnPrvntc/view.do?seqno=29&menuNo=200491 sha256 691e65bd04a3b29c fetched_at 2026-10-08T00:49:41+09:00 ; 2016.7 개정 예고안 제목은 금감원 행정지도 예고(seqno=51) 첨부 「…개정안(홈피공시).hwp」 https://www.fss.or.kr/fss/job/admnPrvntc/view.do?seqno=51&menuNo=200491 sha256 177cd3b7dd668fc5 fetched_at 2026-10-08T00:49:43+09:00 ; 조 머리 대조 scripts/dart/verify13_mobeom.py(2026-10-07)"
9,제2장 위험관리조직,,그룹위험관리위원회,그룹리스크관리위원회,그룹위험관리위원회,<개정 2016. 8. 1.>(①),Y,"2016.8.1판: 금감원 행정지도 내역 관리번호 2014-017(문서번호 감총그룹-388, 시행일 20160801) 첨부 「붙임2_금융지주회사 통합위험관리 모범규준 개정 후 전문.hwp」 https://www.fss.or.kr/fss/job/admnstgudc/view.do?guGuidanceMgrSeq=20170210165649943&menuNo=200492 sha256 17c39d9d75b58ab6 fetched_at 2026-10-08T00:47:59+09:00 ; 2012.3.13 제정판 제목은 금감원 행정지도 예고(seqno=29) 첨부 「통합리스크관리_모범규준(게시)F_.hwp」 https://www.fss.or.kr/fss/job/admnPrvntc/view.do?seqno=29&menuNo=200491 sha256 691e65bd04a3b29c fetched_at 2026-10-08T00:49:41+09:00 ; 2016.7 개정 예고안 제목은 금감원 행정지도 예고(seqno=51) 첨부 「…개정안(홈피공시).hwp」 https://www.fss.or.kr/fss/job/admnPrvntc/view.do?seqno=51&menuNo=200491 sha256 177cd3b7dd668fc5 fetched_at 2026-10-08T00:49:43+09:00 ; 조 머리 대조 scripts/dart/verify13_mobeom.py(2026-10-07)"
10,제2장 위험관리조직,,경영진,경영진,경영진,,Y,"2016.8.1판: 금감원 행정지도 내역 관리번호 2014-017(문서번호 감총그룹-388, 시행일 20160801) 첨부 「붙임2_금융지주회사 통합위험관리 모범규준 개정 후 전문.hwp」 https://www.fss.or.kr/fss/job/admnstgudc/view.do?guGuidanceMgrSeq=20170210165649943&menuNo=200492 sha256 17c39d9d75b58ab6 fetched_at 2026-10-08T00:47:59+09:00 ; 2012.3.13 제정판 제목은 금감원 행정지도 예고(seqno=29) 첨부 「통합리스크관리_모범규준(게시)F_.hwp」 https://www.fss.or.kr/fss/job/admnPrvntc/view.do?seqno=29&menuNo=200491 sha256 691e65bd04a3b29c fetched_at 2026-10-08T00:49:41+09:00 ; 2016.7 개정 예고안 제목은 금감원 행정지도 예고(seqno=51) 첨부 「…개정안(홈피공시).hwp」 https://www.fss.or.kr/fss/job/admnPrvntc/view.do?seqno=51&menuNo=200491 sha256 177cd3b7dd668fc5 fetched_at 2026-10-08T00:49:43+09:00 ; 조 머리 대조 scripts/dart/verify13_mobeom.py(2026-10-07)"
11,제2장 위험관리조직,,그룹위험관리책임자,그룹리스크관리최고책임자,그룹위험관리책임자,<삭제 2016. 8. 1.>(①~⑤·⑦ — ⑥·⑧·⑨ 존치),Y,"2016.8.1판: 금감원 행정지도 내역 관리번호 2014-017(문서번호 감총그룹-388, 시행일 20160801) 첨부 「붙임2_금융지주회사 통합위험관리 모범규준 개정 후 전문.hwp」 https://www.fss.or.kr/fss/job/admnstgudc/view.do?guGuidanceMgrSeq=20170210165649943&menuNo=200492 sha256 17c39d9d75b58ab6 fetched_at 2026-10-08T00:47:59+09:00 ; 2012.3.13 제정판 제목은 금감원 행정지도 예고(seqno=29) 첨부 「통합리스크관리_모범규준(게시)F_.hwp」 https://www.fss.or.kr/fss/job/admnPrvntc/view.do?seqno=29&menuNo=200491 sha256 691e65bd04a3b29c fetched_at 2026-10-08T00:49:41+09:00 ; 2016.7 개정 예고안 제목은 금감원 행정지도 예고(seqno=51) 첨부 「…개정안(홈피공시).hwp」 https://www.fss.or.kr/fss/job/admnPrvntc/view.do?seqno=51&menuNo=200491 sha256 177cd3b7dd668fc5 fetched_at 2026-10-08T00:49:43+09:00 ; 조 머리 대조 scripts/dart/verify13_mobeom.py(2026-10-07)"
12,제2장 위험관리조직,,그룹위험관리협의회,그룹리스크협의회,그룹위험관리협의회,,Y,"2016.8.1판: 금감원 행정지도 내역 관리번호 2014-017(문서번호 감총그룹-388, 시행일 20160801) 첨부 「붙임2_금융지주회사 통합위험관리 모범규준 개정 후 전문.hwp」 https://www.fss.or.kr/fss/job/admnstgudc/view.do?guGuidanceMgrSeq=20170210165649943&menuNo=200492 sha256 17c39d9d75b58ab6 fetched_at 2026-10-08T00:47:59+09:00 ; 2012.3.13 제정판 제목은 금감원 행정지도 예고(seqno=29) 첨부 「통합리스크관리_모범규준(게시)F_.hwp」 https://www.fss.or.kr/fss/job/admnPrvntc/view.do?seqno=29&menuNo=200491 sha256 691e65bd04a3b29c fetched_at 2026-10-08T00:49:41+09:00 ; 2016.7 개정 예고안 제목은 금감원 행정지도 예고(seqno=51) 첨부 「…개정안(홈피공시).hwp」 https://www.fss.or.kr/fss/job/admnPrvntc/view.do?seqno=51&menuNo=200491 sha256 177cd3b7dd668fc5 fetched_at 2026-10-08T00:49:43+09:00 ; 조 머리 대조 scripts/dart/verify13_mobeom.py(2026-10-07)"
13,제2장 위험관리조직,,그룹위험관리부서,그룹리스크관리부서,그룹위험관리부서,,Y,"2016.8.1판: 금감원 행정지도 내역 관리번호 2014-017(문서번호 감총그룹-388, 시행일 20160801) 첨부 「붙임2_금융지주회사 통합위험관리 모범규준 개정 후 전문.hwp」 https://www.fss.or.kr/fss/job/admnstgudc/view.do?guGuidanceMgrSeq=20170210165649943&menuNo=200492 sha256 17c39d9d75b58ab6 fetched_at 2026-10-08T00:47:59+09:00 ; 2012.3.13 제정판 제목은 금감원 행정지도 예고(seqno=29) 첨부 「통합리스크관리_모범규준(게시)F_.hwp」 https://www.fss.or.kr/fss/job/admnPrvntc/view.do?seqno=29&menuNo=200491 sha256 691e65bd04a3b29c fetched_at 2026-10-08T00:49:41+09:00 ; 2016.7 개정 예고안 제목은 금감원 행정지도 예고(seqno=51) 첨부 「…개정안(홈피공시).hwp」 https://www.fss.or.kr/fss/job/admnPrvntc/view.do?seqno=51&menuNo=200491 sha256 177cd3b7dd668fc5 fetched_at 2026-10-08T00:49:43+09:00 ; 조 머리 대조 scripts/dart/verify13_mobeom.py(2026-10-07)"
14,제3장 금융지주회사와 자회사등의 위험관리 업무분장,,위험 통제,리스크 통제,위험 통제,,Y,"2016.8.1판: 금감원 행정지도 내역 관리번호 2014-017(문서번호 감총그룹-388, 시행일 20160801) 첨부 「붙임2_금융지주회사 통합위험관리 모범규준 개정 후 전문.hwp」 https://www.fss.or.kr/fss/job/admnstgudc/view.do?guGuidanceMgrSeq=20170210165649943&menuNo=200492 sha256 17c39d9d75b58ab6 fetched_at 2026-10-08T00:47:59+09:00 ; 2012.3.13 제정판 제목은 금감원 행정지도 예고(seqno=29) 첨부 「통합리스크관리_모범규준(게시)F_.hwp」 https://www.fss.or.kr/fss/job/admnPrvntc/view.do?seqno=29&menuNo=200491 sha256 691e65bd04a3b29c fetched_at 2026-10-08T00:49:41+09:00 ; 2016.7 개정 예고안 제목은 금감원 행정지도 예고(seqno=51) 첨부 「…개정안(홈피공시).hwp」 https://www.fss.or.kr/fss/job/admnPrvntc/view.do?seqno=51&menuNo=200491 sha256 177cd3b7dd668fc5 fetched_at 2026-10-08T00:49:43+09:00 ; 조 머리 대조 scripts/dart/verify13_mobeom.py(2026-10-07)"
15,제3장 금융지주회사와 자회사등의 위험관리 업무분장,,승인 및 사전협의,승인 및 사전협의,승인 및 사전협의,,Y,"2016.8.1판: 금감원 행정지도 내역 관리번호 2014-017(문서번호 감총그룹-388, 시행일 20160801) 첨부 「붙임2_금융지주회사 통합위험관리 모범규준 개정 후 전문.hwp」 https://www.fss.or.kr/fss/job/admnstgudc/view.do?guGuidanceMgrSeq=20170210165649943&menuNo=200492 sha256 17c39d9d75b58ab6 fetched_at 2026-10-08T00:47:59+09:00 ; 2012.3.13 제정판 제목은 금감원 행정지도 예고(seqno=29) 첨부 「통합리스크관리_모범규준(게시)F_.hwp」 https://www.fss.or.kr/fss/job/admnPrvntc/view.do?seqno=29&menuNo=200491 sha256 691e65bd04a3b29c fetched_at 2026-10-08T00:49:41+09:00 ; 2016.7 개정 예고안 제목은 금감원 행정지도 예고(seqno=51) 첨부 「…개정안(홈피공시).hwp」 https://www.fss.or.kr/fss/job/admnPrvntc/view.do?seqno=51&menuNo=200491 sha256 177cd3b7dd668fc5 fetched_at 2026-10-08T00:49:43+09:00 ; 조 머리 대조 scripts/dart/verify13_mobeom.py(2026-10-07)"
16,제3장 금융지주회사와 자회사등의 위험관리 업무분장,,보고체계,보고체계,보고체계,,Y,"2016.8.1판: 금감원 행정지도 내역 관리번호 2014-017(문서번호 감총그룹-388, 시행일 20160801) 첨부 「붙임2_금융지주회사 통합위험관리 모범규준 개정 후 전문.hwp」 https://www.fss.or.kr/fss/job/admnstgudc/view.do?guGuidanceMgrSeq=20170210165649943&menuNo=200492 sha256 17c39d9d75b58ab6 fetched_at 2026-10-08T00:47:59+09:00 ; 2012.3.13 제정판 제목은 금감원 행정지도 예고(seqno=29) 첨부 「통합리스크관리_모범규준(게시)F_.hwp」 https://www.fss.or.kr/fss/job/admnPrvntc/view.do?seqno=29&menuNo=200491 sha256 691e65bd04a3b29c fetched_at 2026-10-08T00:49:41+09:00 ; 2016.7 개정 예고안 제목은 금감원 행정지도 예고(seqno=51) 첨부 「…개정안(홈피공시).hwp」 https://www.fss.or.kr/fss/job/admnPrvntc/view.do?seqno=51&menuNo=200491 sha256 177cd3b7dd668fc5 fetched_at 2026-10-08T00:49:43+09:00 ; 조 머리 대조 scripts/dart/verify13_mobeom.py(2026-10-07)"
17,제3장 금융지주회사와 자회사등의 위험관리 업무분장,,의사전달체계,의사전달체계,의사전달체계,,Y,"2016.8.1판: 금감원 행정지도 내역 관리번호 2014-017(문서번호 감총그룹-388, 시행일 20160801) 첨부 「붙임2_금융지주회사 통합위험관리 모범규준 개정 후 전문.hwp」 https://www.fss.or.kr/fss/job/admnstgudc/view.do?guGuidanceMgrSeq=20170210165649943&menuNo=200492 sha256 17c39d9d75b58ab6 fetched_at 2026-10-08T00:47:59+09:00 ; 2012.3.13 제정판 제목은 금감원 행정지도 예고(seqno=29) 첨부 「통합리스크관리_모범규준(게시)F_.hwp」 https://www.fss.or.kr/fss/job/admnPrvntc/view.do?seqno=29&menuNo=200491 sha256 691e65bd04a3b29c fetched_at 2026-10-08T00:49:41+09:00 ; 2016.7 개정 예고안 제목은 금감원 행정지도 예고(seqno=51) 첨부 「…개정안(홈피공시).hwp」 https://www.fss.or.kr/fss/job/admnPrvntc/view.do?seqno=51&menuNo=200491 sha256 177cd3b7dd668fc5 fetched_at 2026-10-08T00:49:43+09:00 ; 조 머리 대조 scripts/dart/verify13_mobeom.py(2026-10-07)"
18,제4장 통합위험 측정 및 관리,제1절 개 요,측정 및 관리 대상,측정 및 관리 대상,측정 및 관리 대상,,Y,"2016.8.1판: 금감원 행정지도 내역 관리번호 2014-017(문서번호 감총그룹-388, 시행일 20160801) 첨부 「붙임2_금융지주회사 통합위험관리 모범규준 개정 후 전문.hwp」 https://www.fss.or.kr/fss/job/admnstgudc/view.do?guGuidanceMgrSeq=20170210165649943&menuNo=200492 sha256 17c39d9d75b58ab6 fetched_at 2026-10-08T00:47:59+09:00 ; 2012.3.13 제정판 제목은 금감원 행정지도 예고(seqno=29) 첨부 「통합리스크관리_모범규준(게시)F_.hwp」 https://www.fss.or.kr/fss/job/admnPrvntc/view.do?seqno=29&menuNo=200491 sha256 691e65bd04a3b29c fetched_at 2026-10-08T00:49:41+09:00 ; 2016.7 개정 예고안 제목은 금감원 행정지도 예고(seqno=51) 첨부 「…개정안(홈피공시).hwp」 https://www.fss.or.kr/fss/job/admnPrvntc/view.do?seqno=51&menuNo=200491 sha256 177cd3b7dd668fc5 fetched_at 2026-10-08T00:49:43+09:00 ; 조 머리 대조 scripts/dart/verify13_mobeom.py(2026-10-07)"
19,제4장 통합위험 측정 및 관리,제1절 개 요,위험 측정,리스크 측정,위험 측정,,Y,"2016.8.1판: 금감원 행정지도 내역 관리번호 2014-017(문서번호 감총그룹-388, 시행일 20160801) 첨부 「붙임2_금융지주회사 통합위험관리 모범규준 개정 후 전문.hwp」 https://www.fss.or.kr/fss/job/admnstgudc/view.do?guGuidanceMgrSeq=20170210165649943&menuNo=200492 sha256 17c39d9d75b58ab6 fetched_at 2026-10-08T00:47:59+09:00 ; 2012.3.13 제정판 제목은 금감원 행정지도 예고(seqno=29) 첨부 「통합리스크관리_모범규준(게시)F_.hwp」 https://www.fss.or.kr/fss/job/admnPrvntc/view.do?seqno=29&menuNo=200491 sha256 691e65bd04a3b29c fetched_at 2026-10-08T00:49:41+09:00 ; 2016.7 개정 예고안 제목은 금감원 행정지도 예고(seqno=51) 첨부 「…개정안(홈피공시).hwp」 https://www.fss.or.kr/fss/job/admnPrvntc/view.do?seqno=51&menuNo=200491 sha256 177cd3b7dd668fc5 fetched_at 2026-10-08T00:49:43+09:00 ; 조 머리 대조 scripts/dart/verify13_mobeom.py(2026-10-07)"
20,제4장 통합위험 측정 및 관리,제1절 개 요,위험 관리,리스크 관리,위험 관리,,Y,"2016.8.1판: 금감원 행정지도 내역 관리번호 2014-017(문서번호 감총그룹-388, 시행일 20160801) 첨부 「붙임2_금융지주회사 통합위험관리 모범규준 개정 후 전문.hwp」 https://www.fss.or.kr/fss/job/admnstgudc/view.do?guGuidanceMgrSeq=20170210165649943&menuNo=200492 sha256 17c39d9d75b58ab6 fetched_at 2026-10-08T00:47:59+09:00 ; 2012.3.13 제정판 제목은 금감원 행정지도 예고(seqno=29) 첨부 「통합리스크관리_모범규준(게시)F_.hwp」 https://www.fss.or.kr/fss/job/admnPrvntc/view.do?seqno=29&menuNo=200491 sha256 691e65bd04a3b29c fetched_at 2026-10-08T00:49:41+09:00 ; 2016.7 개정 예고안 제목은 금감원 행정지도 예고(seqno=51) 첨부 「…개정안(홈피공시).hwp」 https://www.fss.or.kr/fss/job/admnPrvntc/view.do?seqno=51&menuNo=200491 sha256 177cd3b7dd668fc5 fetched_at 2026-10-08T00:49:43+09:00 ; 조 머리 대조 scripts/dart/verify13_mobeom.py(2026-10-07)"
21,제4장 통합위험 측정 및 관리,제2절 위험 유형별 측정 및 관리,신용위험,신용리스크,신용위험,,Y,"2016.8.1판: 금감원 행정지도 내역 관리번호 2014-017(문서번호 감총그룹-388, 시행일 20160801) 첨부 「붙임2_금융지주회사 통합위험관리 모범규준 개정 후 전문.hwp」 https://www.fss.or.kr/fss/job/admnstgudc/view.do?guGuidanceMgrSeq=20170210165649943&menuNo=200492 sha256 17c39d9d75b58ab6 fetched_at 2026-10-08T00:47:59+09:00 ; 2012.3.13 제정판 제목은 금감원 행정지도 예고(seqno=29) 첨부 「통합리스크관리_모범규준(게시)F_.hwp」 https://www.fss.or.kr/fss/job/admnPrvntc/view.do?seqno=29&menuNo=200491 sha256 691e65bd04a3b29c fetched_at 2026-10-08T00:49:41+09:00 ; 2016.7 개정 예고안 제목은 금감원 행정지도 예고(seqno=51) 첨부 「…개정안(홈피공시).hwp」 https://www.fss.or.kr/fss/job/admnPrvntc/view.do?seqno=51&menuNo=200491 sha256 177cd3b7dd668fc5 fetched_at 2026-10-08T00:49:43+09:00 ; 조 머리 대조 scripts/dart/verify13_mobeom.py(2026-10-07)"
22,제4장 통합위험 측정 및 관리,제2절 위험 유형별 측정 및 관리,시장위험,시장리스크,시장위험,,Y,"2016.8.1판: 금감원 행정지도 내역 관리번호 2014-017(문서번호 감총그룹-388, 시행일 20160801) 첨부 「붙임2_금융지주회사 통합위험관리 모범규준 개정 후 전문.hwp」 https://www.fss.or.kr/fss/job/admnstgudc/view.do?guGuidanceMgrSeq=20170210165649943&menuNo=200492 sha256 17c39d9d75b58ab6 fetched_at 2026-10-08T00:47:59+09:00 ; 2012.3.13 제정판 제목은 금감원 행정지도 예고(seqno=29) 첨부 「통합리스크관리_모범규준(게시)F_.hwp」 https://www.fss.or.kr/fss/job/admnPrvntc/view.do?seqno=29&menuNo=200491 sha256 691e65bd04a3b29c fetched_at 2026-10-08T00:49:41+09:00 ; 2016.7 개정 예고안 제목은 금감원 행정지도 예고(seqno=51) 첨부 「…개정안(홈피공시).hwp」 https://www.fss.or.kr/fss/job/admnPrvntc/view.do?seqno=51&menuNo=200491 sha256 177cd3b7dd668fc5 fetched_at 2026-10-08T00:49:43+09:00 ; 조 머리 대조 scripts/dart/verify13_mobeom.py(2026-10-07)"
23,제4장 통합위험 측정 및 관리,제2절 위험 유형별 측정 및 관리,운영위험,운영리스크,운영위험,,Y,"2016.8.1판: 금감원 행정지도 내역 관리번호 2014-017(문서번호 감총그룹-388, 시행일 20160801) 첨부 「붙임2_금융지주회사 통합위험관리 모범규준 개정 후 전문.hwp」 https://www.fss.or.kr/fss/job/admnstgudc/view.do?guGuidanceMgrSeq=20170210165649943&menuNo=200492 sha256 17c39d9d75b58ab6 fetched_at 2026-10-08T00:47:59+09:00 ; 2012.3.13 제정판 제목은 금감원 행정지도 예고(seqno=29) 첨부 「통합리스크관리_모범규준(게시)F_.hwp」 https://www.fss.or.kr/fss/job/admnPrvntc/view.do?seqno=29&menuNo=200491 sha256 691e65bd04a3b29c fetched_at 2026-10-08T00:49:41+09:00 ; 2016.7 개정 예고안 제목은 금감원 행정지도 예고(seqno=51) 첨부 「…개정안(홈피공시).hwp」 https://www.fss.or.kr/fss/job/admnPrvntc/view.do?seqno=51&menuNo=200491 sha256 177cd3b7dd668fc5 fetched_at 2026-10-08T00:49:43+09:00 ; 조 머리 대조 scripts/dart/verify13_mobeom.py(2026-10-07)"
24,제4장 통합위험 측정 및 관리,제2절 위험 유형별 측정 및 관리,금리위험,금리리스크,금리위험,,Y,"2016.8.1판: 금감원 행정지도 내역 관리번호 2014-017(문서번호 감총그룹-388, 시행일 20160801) 첨부 「붙임2_금융지주회사 통합위험관리 모범규준 개정 후 전문.hwp」 https://www.fss.or.kr/fss/job/admnstgudc/view.do?guGuidanceMgrSeq=20170210165649943&menuNo=200492 sha256 17c39d9d75b58ab6 fetched_at 2026-10-08T00:47:59+09:00 ; 2012.3.13 제정판 제목은 금감원 행정지도 예고(seqno=29) 첨부 「통합리스크관리_모범규준(게시)F_.hwp」 https://www.fss.or.kr/fss/job/admnPrvntc/view.do?seqno=29&menuNo=200491 sha256 691e65bd04a3b29c fetched_at 2026-10-08T00:49:41+09:00 ; 2016.7 개정 예고안 제목은 금감원 행정지도 예고(seqno=51) 첨부 「…개정안(홈피공시).hwp」 https://www.fss.or.kr/fss/job/admnPrvntc/view.do?seqno=51&menuNo=200491 sha256 177cd3b7dd668fc5 fetched_at 2026-10-08T00:49:43+09:00 ; 조 머리 대조 scripts/dart/verify13_mobeom.py(2026-10-07)"
25,제4장 통합위험 측정 및 관리,제2절 위험 유형별 측정 및 관리,유동성위험,유동성리스크,유동성위험,,Y,"2016.8.1판: 금감원 행정지도 내역 관리번호 2014-017(문서번호 감총그룹-388, 시행일 20160801) 첨부 「붙임2_금융지주회사 통합위험관리 모범규준 개정 후 전문.hwp」 https://www.fss.or.kr/fss/job/admnstgudc/view.do?guGuidanceMgrSeq=20170210165649943&menuNo=200492 sha256 17c39d9d75b58ab6 fetched_at 2026-10-08T00:47:59+09:00 ; 2012.3.13 제정판 제목은 금감원 행정지도 예고(seqno=29) 첨부 「통합리스크관리_모범규준(게시)F_.hwp」 https://www.fss.or.kr/fss/job/admnPrvntc/view.do?seqno=29&menuNo=200491 sha256 691e65bd04a3b29c fetched_at 2026-10-08T00:49:41+09:00 ; 2016.7 개정 예고안 제목은 금감원 행정지도 예고(seqno=51) 첨부 「…개정안(홈피공시).hwp」 https://www.fss.or.kr/fss/job/admnPrvntc/view.do?seqno=51&menuNo=200491 sha256 177cd3b7dd668fc5 fetched_at 2026-10-08T00:49:43+09:00 ; 조 머리 대조 scripts/dart/verify13_mobeom.py(2026-10-07)"
26,제4장 통합위험 측정 및 관리,제2절 위험 유형별 측정 및 관리,신용편중위험,신용편중리스크,신용편중위험,,Y,"2016.8.1판: 금감원 행정지도 내역 관리번호 2014-017(문서번호 감총그룹-388, 시행일 20160801) 첨부 「붙임2_금융지주회사 통합위험관리 모범규준 개정 후 전문.hwp」 https://www.fss.or.kr/fss/job/admnstgudc/view.do?guGuidanceMgrSeq=20170210165649943&menuNo=200492 sha256 17c39d9d75b58ab6 fetched_at 2026-10-08T00:47:59+09:00 ; 2012.3.13 제정판 제목은 금감원 행정지도 예고(seqno=29) 첨부 「통합리스크관리_모범규준(게시)F_.hwp」 https://www.fss.or.kr/fss/job/admnPrvntc/view.do?seqno=29&menuNo=200491 sha256 691e65bd04a3b29c fetched_at 2026-10-08T00:49:41+09:00 ; 2016.7 개정 예고안 제목은 금감원 행정지도 예고(seqno=51) 첨부 「…개정안(홈피공시).hwp」 https://www.fss.or.kr/fss/job/admnPrvntc/view.do?seqno=51&menuNo=200491 sha256 177cd3b7dd668fc5 fetched_at 2026-10-08T00:49:43+09:00 ; 조 머리 대조 scripts/dart/verify13_mobeom.py(2026-10-07)"
27,제4장 통합위험 측정 및 관리,제2절 위험 유형별 측정 및 관리,전략 및 평판위험,전략 및 평판리스크,전략 및 평판위험,,Y,"2016.8.1판: 금감원 행정지도 내역 관리번호 2014-017(문서번호 감총그룹-388, 시행일 20160801) 첨부 「붙임2_금융지주회사 통합위험관리 모범규준 개정 후 전문.hwp」 https://www.fss.or.kr/fss/job/admnstgudc/view.do?guGuidanceMgrSeq=20170210165649943&menuNo=200492 sha256 17c39d9d75b58ab6 fetched_at 2026-10-08T00:47:59+09:00 ; 2012.3.13 제정판 제목은 금감원 행정지도 예고(seqno=29) 첨부 「통합리스크관리_모범규준(게시)F_.hwp」 https://www.fss.or.kr/fss/job/admnPrvntc/view.do?seqno=29&menuNo=200491 sha256 691e65bd04a3b29c fetched_at 2026-10-08T00:49:41+09:00 ; 2016.7 개정 예고안 제목은 금감원 행정지도 예고(seqno=51) 첨부 「…개정안(홈피공시).hwp」 https://www.fss.or.kr/fss/job/admnPrvntc/view.do?seqno=51&menuNo=200491 sha256 177cd3b7dd668fc5 fetched_at 2026-10-08T00:49:43+09:00 ; 조 머리 대조 scripts/dart/verify13_mobeom.py(2026-10-07)"
28,제4장 통합위험 측정 및 관리,제3절 그룹위험관리시스템 구축 및 관리,시스템 구축 및 관리,시스템 구축 및 관리,시스템 구축 및 관리,,Y,"2016.8.1판: 금감원 행정지도 내역 관리번호 2014-017(문서번호 감총그룹-388, 시행일 20160801) 첨부 「붙임2_금융지주회사 통합위험관리 모범규준 개정 후 전문.hwp」 https://www.fss.or.kr/fss/job/admnstgudc/view.do?guGuidanceMgrSeq=20170210165649943&menuNo=200492 sha256 17c39d9d75b58ab6 fetched_at 2026-10-08T00:47:59+09:00 ; 2012.3.13 제정판 제목은 금감원 행정지도 예고(seqno=29) 첨부 「통합리스크관리_모범규준(게시)F_.hwp」 https://www.fss.or.kr/fss/job/admnPrvntc/view.do?seqno=29&menuNo=200491 sha256 691e65bd04a3b29c fetched_at 2026-10-08T00:49:41+09:00 ; 2016.7 개정 예고안 제목은 금감원 행정지도 예고(seqno=51) 첨부 「…개정안(홈피공시).hwp」 https://www.fss.or.kr/fss/job/admnPrvntc/view.do?seqno=51&menuNo=200491 sha256 177cd3b7dd668fc5 fetched_at 2026-10-08T00:49:43+09:00 ; 조 머리 대조 scripts/dart/verify13_mobeom.py(2026-10-07)"
29,제4장 통합위험 측정 및 관리,제3절 그룹위험관리시스템 구축 및 관리,자료 수집 및 관리,자료 수집 및 관리,자료 수집 및 관리,,Y,"2016.8.1판: 금감원 행정지도 내역 관리번호 2014-017(문서번호 감총그룹-388, 시행일 20160801) 첨부 「붙임2_금융지주회사 통합위험관리 모범규준 개정 후 전문.hwp」 https://www.fss.or.kr/fss/job/admnstgudc/view.do?guGuidanceMgrSeq=20170210165649943&menuNo=200492 sha256 17c39d9d75b58ab6 fetched_at 2026-10-08T00:47:59+09:00 ; 2012.3.13 제정판 제목은 금감원 행정지도 예고(seqno=29) 첨부 「통합리스크관리_모범규준(게시)F_.hwp」 https://www.fss.or.kr/fss/job/admnPrvntc/view.do?seqno=29&menuNo=200491 sha256 691e65bd04a3b29c fetched_at 2026-10-08T00:49:41+09:00 ; 2016.7 개정 예고안 제목은 금감원 행정지도 예고(seqno=51) 첨부 「…개정안(홈피공시).hwp」 https://www.fss.or.kr/fss/job/admnPrvntc/view.do?seqno=51&menuNo=200491 sha256 177cd3b7dd668fc5 fetched_at 2026-10-08T00:49:43+09:00 ; 조 머리 대조 scripts/dart/verify13_mobeom.py(2026-10-07)"
30,제4장 통합위험 측정 및 관리,제4절 적합성 검증,목적,목적,목적,,Y,"2016.8.1판: 금감원 행정지도 내역 관리번호 2014-017(문서번호 감총그룹-388, 시행일 20160801) 첨부 「붙임2_금융지주회사 통합위험관리 모범규준 개정 후 전문.hwp」 https://www.fss.or.kr/fss/job/admnstgudc/view.do?guGuidanceMgrSeq=20170210165649943&menuNo=200492 sha256 17c39d9d75b58ab6 fetched_at 2026-10-08T00:47:59+09:00 ; 2012.3.13 제정판 제목은 금감원 행정지도 예고(seqno=29) 첨부 「통합리스크관리_모범규준(게시)F_.hwp」 https://www.fss.or.kr/fss/job/admnPrvntc/view.do?seqno=29&menuNo=200491 sha256 691e65bd04a3b29c fetched_at 2026-10-08T00:49:41+09:00 ; 2016.7 개정 예고안 제목은 금감원 행정지도 예고(seqno=51) 첨부 「…개정안(홈피공시).hwp」 https://www.fss.or.kr/fss/job/admnPrvntc/view.do?seqno=51&menuNo=200491 sha256 177cd3b7dd668fc5 fetched_at 2026-10-08T00:49:43+09:00 ; 조 머리 대조 scripts/dart/verify13_mobeom.py(2026-10-07)"
31,제4장 통합위험 측정 및 관리,제4절 적합성 검증,적합성 검증의 대상,적합성 검증의 대상,적합성 검증의 대상,,Y,"2016.8.1판: 금감원 행정지도 내역 관리번호 2014-017(문서번호 감총그룹-388, 시행일 20160801) 첨부 「붙임2_금융지주회사 통합위험관리 모범규준 개정 후 전문.hwp」 https://www.fss.or.kr/fss/job/admnstgudc/view.do?guGuidanceMgrSeq=20170210165649943&menuNo=200492 sha256 17c39d9d75b58ab6 fetched_at 2026-10-08T00:47:59+09:00 ; 2012.3.13 제정판 제목은 금감원 행정지도 예고(seqno=29) 첨부 「통합리스크관리_모범규준(게시)F_.hwp」 https://www.fss.or.kr/fss/job/admnPrvntc/view.do?seqno=29&menuNo=200491 sha256 691e65bd04a3b29c fetched_at 2026-10-08T00:49:41+09:00 ; 2016.7 개정 예고안 제목은 금감원 행정지도 예고(seqno=51) 첨부 「…개정안(홈피공시).hwp」 https://www.fss.or.kr/fss/job/admnPrvntc/view.do?seqno=51&menuNo=200491 sha256 177cd3b7dd668fc5 fetched_at 2026-10-08T00:49:43+09:00 ; 조 머리 대조 scripts/dart/verify13_mobeom.py(2026-10-07)"
32,제4장 통합위험 측정 및 관리,제4절 적합성 검증,적합성 검증의 실시,적합성 검증의 실시,적합성 검증의 실시,,Y,"2016.8.1판: 금감원 행정지도 내역 관리번호 2014-017(문서번호 감총그룹-388, 시행일 20160801) 첨부 「붙임2_금융지주회사 통합위험관리 모범규준 개정 후 전문.hwp」 https://www.fss.or.kr/fss/job/admnstgudc/view.do?guGuidanceMgrSeq=20170210165649943&menuNo=200492 sha256 17c39d9d75b58ab6 fetched_at 2026-10-08T00:47:59+09:00 ; 2012.3.13 제정판 제목은 금감원 행정지도 예고(seqno=29) 첨부 「통합리스크관리_모범규준(게시)F_.hwp」 https://www.fss.or.kr/fss/job/admnPrvntc/view.do?seqno=29&menuNo=200491 sha256 691e65bd04a3b29c fetched_at 2026-10-08T00:49:41+09:00 ; 2016.7 개정 예고안 제목은 금감원 행정지도 예고(seqno=51) 첨부 「…개정안(홈피공시).hwp」 https://www.fss.or.kr/fss/job/admnPrvntc/view.do?seqno=51&menuNo=200491 sha256 177cd3b7dd668fc5 fetched_at 2026-10-08T00:49:43+09:00 ; 조 머리 대조 scripts/dart/verify13_mobeom.py(2026-10-07)"
33,제4장 통합위험 측정 및 관리,제5절 기타 위험 관리 및 활용,그룹내 위험 전이 방지,그룹내 리스크 전이 방지,그룹내 위험 전이 방지,,Y,"2016.8.1판: 금감원 행정지도 내역 관리번호 2014-017(문서번호 감총그룹-388, 시행일 20160801) 첨부 「붙임2_금융지주회사 통합위험관리 모범규준 개정 후 전문.hwp」 https://www.fss.or.kr/fss/job/admnstgudc/view.do?guGuidanceMgrSeq=20170210165649943&menuNo=200492 sha256 17c39d9d75b58ab6 fetched_at 2026-10-08T00:47:59+09:00 ; 2012.3.13 제정판 제목은 금감원 행정지도 예고(seqno=29) 첨부 「통합리스크관리_모범규준(게시)F_.hwp」 https://www.fss.or.kr/fss/job/admnPrvntc/view.do?seqno=29&menuNo=200491 sha256 691e65bd04a3b29c fetched_at 2026-10-08T00:49:41+09:00 ; 2016.7 개정 예고안 제목은 금감원 행정지도 예고(seqno=51) 첨부 「…개정안(홈피공시).hwp」 https://www.fss.or.kr/fss/job/admnPrvntc/view.do?seqno=51&menuNo=200491 sha256 177cd3b7dd668fc5 fetched_at 2026-10-08T00:49:43+09:00 ; 조 머리 대조 scripts/dart/verify13_mobeom.py(2026-10-07)"
34,제4장 통합위험 측정 및 관리,제5절 기타 위험 관리 및 활용,해외위험 관리,해외리스크 관리,해외위험 관리,,Y,"2016.8.1판: 금감원 행정지도 내역 관리번호 2014-017(문서번호 감총그룹-388, 시행일 20160801) 첨부 「붙임2_금융지주회사 통합위험관리 모범규준 개정 후 전문.hwp」 https://www.fss.or.kr/fss/job/admnstgudc/view.do?guGuidanceMgrSeq=20170210165649943&menuNo=200492 sha256 17c39d9d75b58ab6 fetched_at 2026-10-08T00:47:59+09:00 ; 2012.3.13 제정판 제목은 금감원 행정지도 예고(seqno=29) 첨부 「통합리스크관리_모범규준(게시)F_.hwp」 https://www.fss.or.kr/fss/job/admnPrvntc/view.do?seqno=29&menuNo=200491 sha256 691e65bd04a3b29c fetched_at 2026-10-08T00:49:41+09:00 ; 2016.7 개정 예고안 제목은 금감원 행정지도 예고(seqno=51) 첨부 「…개정안(홈피공시).hwp」 https://www.fss.or.kr/fss/job/admnPrvntc/view.do?seqno=51&menuNo=200491 sha256 177cd3b7dd668fc5 fetched_at 2026-10-08T00:49:43+09:00 ; 조 머리 대조 scripts/dart/verify13_mobeom.py(2026-10-07)"
35,제4장 통합위험 측정 및 관리,제5절 기타 위험 관리 및 활용,경영에의 활용,경영에의 활용,경영에의 활용,,Y,"2016.8.1판: 금감원 행정지도 내역 관리번호 2014-017(문서번호 감총그룹-388, 시행일 20160801) 첨부 「붙임2_금융지주회사 통합위험관리 모범규준 개정 후 전문.hwp」 https://www.fss.or.kr/fss/job/admnstgudc/view.do?guGuidanceMgrSeq=20170210165649943&menuNo=200492 sha256 17c39d9d75b58ab6 fetched_at 2026-10-08T00:47:59+09:00 ; 2012.3.13 제정판 제목은 금감원 행정지도 예고(seqno=29) 첨부 「통합리스크관리_모범규준(게시)F_.hwp」 https://www.fss.or.kr/fss/job/admnPrvntc/view.do?seqno=29&menuNo=200491 sha256 691e65bd04a3b29c fetched_at 2026-10-08T00:49:41+09:00 ; 2016.7 개정 예고안 제목은 금감원 행정지도 예고(seqno=51) 첨부 「…개정안(홈피공시).hwp」 https://www.fss.or.kr/fss/job/admnPrvntc/view.do?seqno=51&menuNo=200491 sha256 177cd3b7dd668fc5 fetched_at 2026-10-08T00:49:43+09:00 ; 조 머리 대조 scripts/dart/verify13_mobeom.py(2026-10-07)"
36,제5장 내부자본 적정성 평가 및 관리,제1절 개 요,적용대상,적용대상,적용대상,,Y,"2016.8.1판: 금감원 행정지도 내역 관리번호 2014-017(문서번호 감총그룹-388, 시행일 20160801) 첨부 「붙임2_금융지주회사 통합위험관리 모범규준 개정 후 전문.hwp」 https://www.fss.or.kr/fss/job/admnstgudc/view.do?guGuidanceMgrSeq=20170210165649943&menuNo=200492 sha256 17c39d9d75b58ab6 fetched_at 2026-10-08T00:47:59+09:00 ; 2012.3.13 제정판 제목은 금감원 행정지도 예고(seqno=29) 첨부 「통합리스크관리_모범규준(게시)F_.hwp」 https://www.fss.or.kr/fss/job/admnPrvntc/view.do?seqno=29&menuNo=200491 sha256 691e65bd04a3b29c fetched_at 2026-10-08T00:49:41+09:00 ; 2016.7 개정 예고안 제목은 금감원 행정지도 예고(seqno=51) 첨부 「…개정안(홈피공시).hwp」 https://www.fss.or.kr/fss/job/admnPrvntc/view.do?seqno=51&menuNo=200491 sha256 177cd3b7dd668fc5 fetched_at 2026-10-08T00:49:43+09:00 ; 조 머리 대조 scripts/dart/verify13_mobeom.py(2026-10-07)"
37,제5장 내부자본 적정성 평가 및 관리,제1절 개 요,자본적정성 평가 및 관리 체제,자본적정성 평가 및 관리 체제,자본적정성 평가 및 관리 체제,,Y,"2016.8.1판: 금감원 행정지도 내역 관리번호 2014-017(문서번호 감총그룹-388, 시행일 20160801) 첨부 「붙임2_금융지주회사 통합위험관리 모범규준 개정 후 전문.hwp」 https://www.fss.or.kr/fss/job/admnstgudc/view.do?guGuidanceMgrSeq=20170210165649943&menuNo=200492 sha256 17c39d9d75b58ab6 fetched_at 2026-10-08T00:47:59+09:00 ; 2012.3.13 제정판 제목은 금감원 행정지도 예고(seqno=29) 첨부 「통합리스크관리_모범규준(게시)F_.hwp」 https://www.fss.or.kr/fss/job/admnPrvntc/view.do?seqno=29&menuNo=200491 sha256 691e65bd04a3b29c fetched_at 2026-10-08T00:49:41+09:00 ; 2016.7 개정 예고안 제목은 금감원 행정지도 예고(seqno=51) 첨부 「…개정안(홈피공시).hwp」 https://www.fss.or.kr/fss/job/admnPrvntc/view.do?seqno=51&menuNo=200491 sha256 177cd3b7dd668fc5 fetched_at 2026-10-08T00:49:43+09:00 ; 조 머리 대조 scripts/dart/verify13_mobeom.py(2026-10-07)"
38,제5장 내부자본 적정성 평가 및 관리,제2절 통제구조,기본 원칙,기본 원칙,기본 원칙,,Y,"2016.8.1판: 금감원 행정지도 내역 관리번호 2014-017(문서번호 감총그룹-388, 시행일 20160801) 첨부 「붙임2_금융지주회사 통합위험관리 모범규준 개정 후 전문.hwp」 https://www.fss.or.kr/fss/job/admnstgudc/view.do?guGuidanceMgrSeq=20170210165649943&menuNo=200492 sha256 17c39d9d75b58ab6 fetched_at 2026-10-08T00:47:59+09:00 ; 2012.3.13 제정판 제목은 금감원 행정지도 예고(seqno=29) 첨부 「통합리스크관리_모범규준(게시)F_.hwp」 https://www.fss.or.kr/fss/job/admnPrvntc/view.do?seqno=29&menuNo=200491 sha256 691e65bd04a3b29c fetched_at 2026-10-08T00:49:41+09:00 ; 2016.7 개정 예고안 제목은 금감원 행정지도 예고(seqno=51) 첨부 「…개정안(홈피공시).hwp」 https://www.fss.or.kr/fss/job/admnPrvntc/view.do?seqno=51&menuNo=200491 sha256 177cd3b7dd668fc5 fetched_at 2026-10-08T00:49:43+09:00 ; 조 머리 대조 scripts/dart/verify13_mobeom.py(2026-10-07)"
39,제5장 내부자본 적정성 평가 및 관리,제2절 통제구조,이사회 및 경영진의 감독,이사회 및 경영진의 감독,이사회 및 경영진의 감독,,Y,"2016.8.1판: 금감원 행정지도 내역 관리번호 2014-017(문서번호 감총그룹-388, 시행일 20160801) 첨부 「붙임2_금융지주회사 통합위험관리 모범규준 개정 후 전문.hwp」 https://www.fss.or.kr/fss/job/admnstgudc/view.do?guGuidanceMgrSeq=20170210165649943&menuNo=200492 sha256 17c39d9d75b58ab6 fetched_at 2026-10-08T00:47:59+09:00 ; 2012.3.13 제정판 제목은 금감원 행정지도 예고(seqno=29) 첨부 「통합리스크관리_모범규준(게시)F_.hwp」 https://www.fss.or.kr/fss/job/admnPrvntc/view.do?seqno=29&menuNo=200491 sha256 691e65bd04a3b29c fetched_at 2026-10-08T00:49:41+09:00 ; 2016.7 개정 예고안 제목은 금감원 행정지도 예고(seqno=51) 첨부 「…개정안(홈피공시).hwp」 https://www.fss.or.kr/fss/job/admnPrvntc/view.do?seqno=51&menuNo=200491 sha256 177cd3b7dd668fc5 fetched_at 2026-10-08T00:49:43+09:00 ; 조 머리 대조 scripts/dart/verify13_mobeom.py(2026-10-07)"
40,제5장 내부자본 적정성 평가 및 관리,제2절 통제구조,자본적정성 평가 및 관리 조직의 역할,자본적정성 평가 및 관리 조직의 역할,자본적정성 평가 및 관리 조직의 역할,,Y,"2016.8.1판: 금감원 행정지도 내역 관리번호 2014-017(문서번호 감총그룹-388, 시행일 20160801) 첨부 「붙임2_금융지주회사 통합위험관리 모범규준 개정 후 전문.hwp」 https://www.fss.or.kr/fss/job/admnstgudc/view.do?guGuidanceMgrSeq=20170210165649943&menuNo=200492 sha256 17c39d9d75b58ab6 fetched_at 2026-10-08T00:47:59+09:00 ; 2012.3.13 제정판 제목은 금감원 행정지도 예고(seqno=29) 첨부 「통합리스크관리_모범규준(게시)F_.hwp」 https://www.fss.or.kr/fss/job/admnPrvntc/view.do?seqno=29&menuNo=200491 sha256 691e65bd04a3b29c fetched_at 2026-10-08T00:49:41+09:00 ; 2016.7 개정 예고안 제목은 금감원 행정지도 예고(seqno=51) 첨부 「…개정안(홈피공시).hwp」 https://www.fss.or.kr/fss/job/admnPrvntc/view.do?seqno=51&menuNo=200491 sha256 177cd3b7dd668fc5 fetched_at 2026-10-08T00:49:43+09:00 ; 조 머리 대조 scripts/dart/verify13_mobeom.py(2026-10-07)"
41,제5장 내부자본 적정성 평가 및 관리,제2절 통제구조,독립적인 제3자 점검,독립적인 제3자 점검,독립적인 제3자 점검,,Y,"2016.8.1판: 금감원 행정지도 내역 관리번호 2014-017(문서번호 감총그룹-388, 시행일 20160801) 첨부 「붙임2_금융지주회사 통합위험관리 모범규준 개정 후 전문.hwp」 https://www.fss.or.kr/fss/job/admnstgudc/view.do?guGuidanceMgrSeq=20170210165649943&menuNo=200492 sha256 17c39d9d75b58ab6 fetched_at 2026-10-08T00:47:59+09:00 ; 2012.3.13 제정판 제목은 금감원 행정지도 예고(seqno=29) 첨부 「통합리스크관리_모범규준(게시)F_.hwp」 https://www.fss.or.kr/fss/job/admnPrvntc/view.do?seqno=29&menuNo=200491 sha256 691e65bd04a3b29c fetched_at 2026-10-08T00:49:41+09:00 ; 2016.7 개정 예고안 제목은 금감원 행정지도 예고(seqno=51) 첨부 「…개정안(홈피공시).hwp」 https://www.fss.or.kr/fss/job/admnPrvntc/view.do?seqno=51&menuNo=200491 sha256 177cd3b7dd668fc5 fetched_at 2026-10-08T00:49:43+09:00 ; 조 머리 대조 scripts/dart/verify13_mobeom.py(2026-10-07)"
42,제5장 내부자본 적정성 평가 및 관리,제3절 위험 평가,위험 인식,리스크 인식,위험 인식,,Y,"2016.8.1판: 금감원 행정지도 내역 관리번호 2014-017(문서번호 감총그룹-388, 시행일 20160801) 첨부 「붙임2_금융지주회사 통합위험관리 모범규준 개정 후 전문.hwp」 https://www.fss.or.kr/fss/job/admnstgudc/view.do?guGuidanceMgrSeq=20170210165649943&menuNo=200492 sha256 17c39d9d75b58ab6 fetched_at 2026-10-08T00:47:59+09:00 ; 2012.3.13 제정판 제목은 금감원 행정지도 예고(seqno=29) 첨부 「통합리스크관리_모범규준(게시)F_.hwp」 https://www.fss.or.kr/fss/job/admnPrvntc/view.do?seqno=29&menuNo=200491 sha256 691e65bd04a3b29c fetched_at 2026-10-08T00:49:41+09:00 ; 2016.7 개정 예고안 제목은 금감원 행정지도 예고(seqno=51) 첨부 「…개정안(홈피공시).hwp」 https://www.fss.or.kr/fss/job/admnPrvntc/view.do?seqno=51&menuNo=200491 sha256 177cd3b7dd668fc5 fetched_at 2026-10-08T00:49:43+09:00 ; 조 머리 대조 scripts/dart/verify13_mobeom.py(2026-10-07)"
43,제5장 내부자본 적정성 평가 및 관리,제3절 위험 평가,위험 평가,리스크 평가,위험 평가,,Y,"2016.8.1판: 금감원 행정지도 내역 관리번호 2014-017(문서번호 감총그룹-388, 시행일 20160801) 첨부 「붙임2_금융지주회사 통합위험관리 모범규준 개정 후 전문.hwp」 https://www.fss.or.kr/fss/job/admnstgudc/view.do?guGuidanceMgrSeq=20170210165649943&menuNo=200492 sha256 17c39d9d75b58ab6 fetched_at 2026-10-08T00:47:59+09:00 ; 2012.3.13 제정판 제목은 금감원 행정지도 예고(seqno=29) 첨부 「통합리스크관리_모범규준(게시)F_.hwp」 https://www.fss.or.kr/fss/job/admnPrvntc/view.do?seqno=29&menuNo=200491 sha256 691e65bd04a3b29c fetched_at 2026-10-08T00:49:41+09:00 ; 2016.7 개정 예고안 제목은 금감원 행정지도 예고(seqno=51) 첨부 「…개정안(홈피공시).hwp」 https://www.fss.or.kr/fss/job/admnPrvntc/view.do?seqno=51&menuNo=200491 sha256 177cd3b7dd668fc5 fetched_at 2026-10-08T00:49:43+09:00 ; 조 머리 대조 scripts/dart/verify13_mobeom.py(2026-10-07)"
44,제5장 내부자본 적정성 평가 및 관리,제4절 자기자본 산출,통합 내부자본 산출,통합 내부자본 산출,통합 내부자본 산출,,Y,"2016.8.1판: 금감원 행정지도 내역 관리번호 2014-017(문서번호 감총그룹-388, 시행일 20160801) 첨부 「붙임2_금융지주회사 통합위험관리 모범규준 개정 후 전문.hwp」 https://www.fss.or.kr/fss/job/admnstgudc/view.do?guGuidanceMgrSeq=20170210165649943&menuNo=200492 sha256 17c39d9d75b58ab6 fetched_at 2026-10-08T00:47:59+09:00 ; 2012.3.13 제정판 제목은 금감원 행정지도 예고(seqno=29) 첨부 「통합리스크관리_모범규준(게시)F_.hwp」 https://www.fss.or.kr/fss/job/admnPrvntc/view.do?seqno=29&menuNo=200491 sha256 691e65bd04a3b29c fetched_at 2026-10-08T00:49:41+09:00 ; 2016.7 개정 예고안 제목은 금감원 행정지도 예고(seqno=51) 첨부 「…개정안(홈피공시).hwp」 https://www.fss.or.kr/fss/job/admnPrvntc/view.do?seqno=51&menuNo=200491 sha256 177cd3b7dd668fc5 fetched_at 2026-10-08T00:49:43+09:00 ; 조 머리 대조 scripts/dart/verify13_mobeom.py(2026-10-07)"
45,제5장 내부자본 적정성 평가 및 관리,제4절 자기자본 산출,가용자본 산출,가용자본 산출,가용자본 산출,,Y,"2016.8.1판: 금감원 행정지도 내역 관리번호 2014-017(문서번호 감총그룹-388, 시행일 20160801) 첨부 「붙임2_금융지주회사 통합위험관리 모범규준 개정 후 전문.hwp」 https://www.fss.or.kr/fss/job/admnstgudc/view.do?guGuidanceMgrSeq=20170210165649943&menuNo=200492 sha256 17c39d9d75b58ab6 fetched_at 2026-10-08T00:47:59+09:00 ; 2012.3.13 제정판 제목은 금감원 행정지도 예고(seqno=29) 첨부 「통합리스크관리_모범규준(게시)F_.hwp」 https://www.fss.or.kr/fss/job/admnPrvntc/view.do?seqno=29&menuNo=200491 sha256 691e65bd04a3b29c fetched_at 2026-10-08T00:49:41+09:00 ; 2016.7 개정 예고안 제목은 금감원 행정지도 예고(seqno=51) 첨부 「…개정안(홈피공시).hwp」 https://www.fss.or.kr/fss/job/admnPrvntc/view.do?seqno=51&menuNo=200491 sha256 177cd3b7dd668fc5 fetched_at 2026-10-08T00:49:43+09:00 ; 조 머리 대조 scripts/dart/verify13_mobeom.py(2026-10-07)"
46,제5장 내부자본 적정성 평가 및 관리,제5절 내부자본 적정성 평가 및 관리,평가 및 관리,평가 및 관리,평가 및 관리,,Y,"2016.8.1판: 금감원 행정지도 내역 관리번호 2014-017(문서번호 감총그룹-388, 시행일 20160801) 첨부 「붙임2_금융지주회사 통합위험관리 모범규준 개정 후 전문.hwp」 https://www.fss.or.kr/fss/job/admnstgudc/view.do?guGuidanceMgrSeq=20170210165649943&menuNo=200492 sha256 17c39d9d75b58ab6 fetched_at 2026-10-08T00:47:59+09:00 ; 2012.3.13 제정판 제목은 금감원 행정지도 예고(seqno=29) 첨부 「통합리스크관리_모범규준(게시)F_.hwp」 https://www.fss.or.kr/fss/job/admnPrvntc/view.do?seqno=29&menuNo=200491 sha256 691e65bd04a3b29c fetched_at 2026-10-08T00:49:41+09:00 ; 2016.7 개정 예고안 제목은 금감원 행정지도 예고(seqno=51) 첨부 「…개정안(홈피공시).hwp」 https://www.fss.or.kr/fss/job/admnPrvntc/view.do?seqno=51&menuNo=200491 sha256 177cd3b7dd668fc5 fetched_at 2026-10-08T00:49:43+09:00 ; 조 머리 대조 scripts/dart/verify13_mobeom.py(2026-10-07)"
47,제5장 내부자본 적정성 평가 및 관리,제5절 내부자본 적정성 평가 및 관리,내부자본 한도 관리,내부자본 한도 관리,내부자본 한도 관리,,Y,"2016.8.1판: 금감원 행정지도 내역 관리번호 2014-017(문서번호 감총그룹-388, 시행일 20160801) 첨부 「붙임2_금융지주회사 통합위험관리 모범규준 개정 후 전문.hwp」 https://www.fss.or.kr/fss/job/admnstgudc/view.do?guGuidanceMgrSeq=20170210165649943&menuNo=200492 sha256 17c39d9d75b58ab6 fetched_at 2026-10-08T00:47:59+09:00 ; 2012.3.13 제정판 제목은 금감원 행정지도 예고(seqno=29) 첨부 「통합리스크관리_모범규준(게시)F_.hwp」 https://www.fss.or.kr/fss/job/admnPrvntc/view.do?seqno=29&menuNo=200491 sha256 691e65bd04a3b29c fetched_at 2026-10-08T00:49:41+09:00 ; 2016.7 개정 예고안 제목은 금감원 행정지도 예고(seqno=51) 첨부 「…개정안(홈피공시).hwp」 https://www.fss.or.kr/fss/job/admnPrvntc/view.do?seqno=51&menuNo=200491 sha256 177cd3b7dd668fc5 fetched_at 2026-10-08T00:49:43+09:00 ; 조 머리 대조 scripts/dart/verify13_mobeom.py(2026-10-07)"
48,제5장 내부자본 적정성 평가 및 관리,제5절 내부자본 적정성 평가 및 관리,보고,보고,보고,,Y,"2016.8.1판: 금감원 행정지도 내역 관리번호 2014-017(문서번호 감총그룹-388, 시행일 20160801) 첨부 「붙임2_금융지주회사 통합위험관리 모범규준 개정 후 전문.hwp」 https://www.fss.or.kr/fss/job/admnstgudc/view.do?guGuidanceMgrSeq=20170210165649943&menuNo=200492 sha256 17c39d9d75b58ab6 fetched_at 2026-10-08T00:47:59+09:00 ; 2012.3.13 제정판 제목은 금감원 행정지도 예고(seqno=29) 첨부 「통합리스크관리_모범규준(게시)F_.hwp」 https://www.fss.or.kr/fss/job/admnPrvntc/view.do?seqno=29&menuNo=200491 sha256 691e65bd04a3b29c fetched_at 2026-10-08T00:49:41+09:00 ; 2016.7 개정 예고안 제목은 금감원 행정지도 예고(seqno=51) 첨부 「…개정안(홈피공시).hwp」 https://www.fss.or.kr/fss/job/admnPrvntc/view.do?seqno=51&menuNo=200491 sha256 177cd3b7dd668fc5 fetched_at 2026-10-08T00:49:43+09:00 ; 조 머리 대조 scripts/dart/verify13_mobeom.py(2026-10-07)"
49,제5장 내부자본 적정성 평가 및 관리,제5절 내부자본 적정성 평가 및 관리,자본계획,자본계획,자본계획,,Y,"2016.8.1판: 금감원 행정지도 내역 관리번호 2014-017(문서번호 감총그룹-388, 시행일 20160801) 첨부 「붙임2_금융지주회사 통합위험관리 모범규준 개정 후 전문.hwp」 https://www.fss.or.kr/fss/job/admnstgudc/view.do?guGuidanceMgrSeq=20170210165649943&menuNo=200492 sha256 17c39d9d75b58ab6 fetched_at 2026-10-08T00:47:59+09:00 ; 2012.3.13 제정판 제목은 금감원 행정지도 예고(seqno=29) 첨부 「통합리스크관리_모범규준(게시)F_.hwp」 https://www.fss.or.kr/fss/job/admnPrvntc/view.do?seqno=29&menuNo=200491 sha256 691e65bd04a3b29c fetched_at 2026-10-08T00:49:41+09:00 ; 2016.7 개정 예고안 제목은 금감원 행정지도 예고(seqno=51) 첨부 「…개정안(홈피공시).hwp」 https://www.fss.or.kr/fss/job/admnPrvntc/view.do?seqno=51&menuNo=200491 sha256 177cd3b7dd668fc5 fetched_at 2026-10-08T00:49:43+09:00 ; 조 머리 대조 scripts/dart/verify13_mobeom.py(2026-10-07)"
50,제6장 위기상황 대응체계,,목적,목적,목적,,Y,"2016.8.1판: 금감원 행정지도 내역 관리번호 2014-017(문서번호 감총그룹-388, 시행일 20160801) 첨부 「붙임2_금융지주회사 통합위험관리 모범규준 개정 후 전문.hwp」 https://www.fss.or.kr/fss/job/admnstgudc/view.do?guGuidanceMgrSeq=20170210165649943&menuNo=200492 sha256 17c39d9d75b58ab6 fetched_at 2026-10-08T00:47:59+09:00 ; 2012.3.13 제정판 제목은 금감원 행정지도 예고(seqno=29) 첨부 「통합리스크관리_모범규준(게시)F_.hwp」 https://www.fss.or.kr/fss/job/admnPrvntc/view.do?seqno=29&menuNo=200491 sha256 691e65bd04a3b29c fetched_at 2026-10-08T00:49:41+09:00 ; 2016.7 개정 예고안 제목은 금감원 행정지도 예고(seqno=51) 첨부 「…개정안(홈피공시).hwp」 https://www.fss.or.kr/fss/job/admnPrvntc/view.do?seqno=51&menuNo=200491 sha256 177cd3b7dd668fc5 fetched_at 2026-10-08T00:49:43+09:00 ; 조 머리 대조 scripts/dart/verify13_mobeom.py(2026-10-07)"
51,제6장 위기상황 대응체계,,일반원칙,일반원칙,일반원칙,,Y,"2016.8.1판: 금감원 행정지도 내역 관리번호 2014-017(문서번호 감총그룹-388, 시행일 20160801) 첨부 「붙임2_금융지주회사 통합위험관리 모범규준 개정 후 전문.hwp」 https://www.fss.or.kr/fss/job/admnstgudc/view.do?guGuidanceMgrSeq=20170210165649943&menuNo=200492 sha256 17c39d9d75b58ab6 fetched_at 2026-10-08T00:47:59+09:00 ; 2012.3.13 제정판 제목은 금감원 행정지도 예고(seqno=29) 첨부 「통합리스크관리_모범규준(게시)F_.hwp」 https://www.fss.or.kr/fss/job/admnPrvntc/view.do?seqno=29&menuNo=200491 sha256 691e65bd04a3b29c fetched_at 2026-10-08T00:49:41+09:00 ; 2016.7 개정 예고안 제목은 금감원 행정지도 예고(seqno=51) 첨부 「…개정안(홈피공시).hwp」 https://www.fss.or.kr/fss/job/admnPrvntc/view.do?seqno=51&menuNo=200491 sha256 177cd3b7dd668fc5 fetched_at 2026-10-08T00:49:43+09:00 ; 조 머리 대조 scripts/dart/verify13_mobeom.py(2026-10-07)"
52,제6장 위기상황 대응체계,,위기관리체계,위기관리체계,위기관리체계,,Y,"2016.8.1판: 금감원 행정지도 내역 관리번호 2014-017(문서번호 감총그룹-388, 시행일 20160801) 첨부 「붙임2_금융지주회사 통합위험관리 모범규준 개정 후 전문.hwp」 https://www.fss.or.kr/fss/job/admnstgudc/view.do?guGuidanceMgrSeq=20170210165649943&menuNo=200492 sha256 17c39d9d75b58ab6 fetched_at 2026-10-08T00:47:59+09:00 ; 2012.3.13 제정판 제목은 금감원 행정지도 예고(seqno=29) 첨부 「통합리스크관리_모범규준(게시)F_.hwp」 https://www.fss.or.kr/fss/job/admnPrvntc/view.do?seqno=29&menuNo=200491 sha256 691e65bd04a3b29c fetched_at 2026-10-08T00:49:41+09:00 ; 2016.7 개정 예고안 제목은 금감원 행정지도 예고(seqno=51) 첨부 「…개정안(홈피공시).hwp」 https://www.fss.or.kr/fss/job/admnPrvntc/view.do?seqno=51&menuNo=200491 sha256 177cd3b7dd668fc5 fetched_at 2026-10-08T00:49:43+09:00 ; 조 머리 대조 scripts/dart/verify13_mobeom.py(2026-10-07)"
53,제6장 위기상황 대응체계,,위기대응조직,위기대응조직,위기대응조직,,Y,"2016.8.1판: 금감원 행정지도 내역 관리번호 2014-017(문서번호 감총그룹-388, 시행일 20160801) 첨부 「붙임2_금융지주회사 통합위험관리 모범규준 개정 후 전문.hwp」 https://www.fss.or.kr/fss/job/admnstgudc/view.do?guGuidanceMgrSeq=20170210165649943&menuNo=200492 sha256 17c39d9d75b58ab6 fetched_at 2026-10-08T00:47:59+09:00 ; 2012.3.13 제정판 제목은 금감원 행정지도 예고(seqno=29) 첨부 「통합리스크관리_모범규준(게시)F_.hwp」 https://www.fss.or.kr/fss/job/admnPrvntc/view.do?seqno=29&menuNo=200491 sha256 691e65bd04a3b29c fetched_at 2026-10-08T00:49:41+09:00 ; 2016.7 개정 예고안 제목은 금감원 행정지도 예고(seqno=51) 첨부 「…개정안(홈피공시).hwp」 https://www.fss.or.kr/fss/job/admnPrvntc/view.do?seqno=51&menuNo=200491 sha256 177cd3b7dd668fc5 fetched_at 2026-10-08T00:49:43+09:00 ; 조 머리 대조 scripts/dart/verify13_mobeom.py(2026-10-07)"
54,제6장 위기상황 대응체계,,위기대응방안,위기대응방안,위기대응방안,,Y,"2016.8.1판: 금감원 행정지도 내역 관리번호 2014-017(문서번호 감총그룹-388, 시행일 20160801) 첨부 「붙임2_금융지주회사 통합위험관리 모범규준 개정 후 전문.hwp」 https://www.fss.or.kr/fss/job/admnstgudc/view.do?guGuidanceMgrSeq=20170210165649943&menuNo=200492 sha256 17c39d9d75b58ab6 fetched_at 2026-10-08T00:47:59+09:00 ; 2012.3.13 제정판 제목은 금감원 행정지도 예고(seqno=29) 첨부 「통합리스크관리_모범규준(게시)F_.hwp」 https://www.fss.or.kr/fss/job/admnPrvntc/view.do?seqno=29&menuNo=200491 sha256 691e65bd04a3b29c fetched_at 2026-10-08T00:49:41+09:00 ; 2016.7 개정 예고안 제목은 금감원 행정지도 예고(seqno=51) 첨부 「…개정안(홈피공시).hwp」 https://www.fss.or.kr/fss/job/admnPrvntc/view.do?seqno=51&menuNo=200491 sha256 177cd3b7dd668fc5 fetched_at 2026-10-08T00:49:43+09:00 ; 조 머리 대조 scripts/dart/verify13_mobeom.py(2026-10-07)"
55,제6장 위기상황 대응체계,,조기경보체계,조기경보체계,조기경보체계,,Y,"2016.8.1판: 금감원 행정지도 내역 관리번호 2014-017(문서번호 감총그룹-388, 시행일 20160801) 첨부 「붙임2_금융지주회사 통합위험관리 모범규준 개정 후 전문.hwp」 https://www.fss.or.kr/fss/job/admnstgudc/view.do?guGuidanceMgrSeq=20170210165649943&menuNo=200492 sha256 17c39d9d75b58ab6 fetched_at 2026-10-08T00:47:59+09:00 ; 2012.3.13 제정판 제목은 금감원 행정지도 예고(seqno=29) 첨부 「통합리스크관리_모범규준(게시)F_.hwp」 https://www.fss.or.kr/fss/job/admnPrvntc/view.do?seqno=29&menuNo=200491 sha256 691e65bd04a3b29c fetched_at 2026-10-08T00:49:41+09:00 ; 2016.7 개정 예고안 제목은 금감원 행정지도 예고(seqno=51) 첨부 「…개정안(홈피공시).hwp」 https://www.fss.or.kr/fss/job/admnPrvntc/view.do?seqno=51&menuNo=200491 sha256 177cd3b7dd668fc5 fetched_at 2026-10-08T00:49:43+09:00 ; 조 머리 대조 scripts/dart/verify13_mobeom.py(2026-10-07)"
56,제6장 위기상황 대응체계,,통합위기상황분석,통합위기상황분석,통합위기상황분석,,Y,"2016.8.1판: 금감원 행정지도 내역 관리번호 2014-017(문서번호 감총그룹-388, 시행일 20160801) 첨부 「붙임2_금융지주회사 통합위험관리 모범규준 개정 후 전문.hwp」 https://www.fss.or.kr/fss/job/admnstgudc/view.do?guGuidanceMgrSeq=20170210165649943&menuNo=200492 sha256 17c39d9d75b58ab6 fetched_at 2026-10-08T00:47:59+09:00 ; 2012.3.13 제정판 제목은 금감원 행정지도 예고(seqno=29) 첨부 「통합리스크관리_모범규준(게시)F_.hwp」 https://www.fss.or.kr/fss/job/admnPrvntc/view.do?seqno=29&menuNo=200491 sha256 691e65bd04a3b29c fetched_at 2026-10-08T00:49:41+09:00 ; 2016.7 개정 예고안 제목은 금감원 행정지도 예고(seqno=51) 첨부 「…개정안(홈피공시).hwp」 https://www.fss.or.kr/fss/job/admnPrvntc/view.do?seqno=51&menuNo=200491 sha256 177cd3b7dd668fc5 fetched_at 2026-10-08T00:49:43+09:00 ; 조 머리 대조 scripts/dart/verify13_mobeom.py(2026-10-07)"
57,제6장 위기상황 대응체계,,비상계획,비상계획,비상계획,,Y,"2016.8.1판: 금감원 행정지도 내역 관리번호 2014-017(문서번호 감총그룹-388, 시행일 20160801) 첨부 「붙임2_금융지주회사 통합위험관리 모범규준 개정 후 전문.hwp」 https://www.fss.or.kr/fss/job/admnstgudc/view.do?guGuidanceMgrSeq=20170210165649943&menuNo=200492 sha256 17c39d9d75b58ab6 fetched_at 2026-10-08T00:47:59+09:00 ; 2012.3.13 제정판 제목은 금감원 행정지도 예고(seqno=29) 첨부 「통합리스크관리_모범규준(게시)F_.hwp」 https://www.fss.or.kr/fss/job/admnPrvntc/view.do?seqno=29&menuNo=200491 sha256 691e65bd04a3b29c fetched_at 2026-10-08T00:49:41+09:00 ; 2016.7 개정 예고안 제목은 금감원 행정지도 예고(seqno=51) 첨부 「…개정안(홈피공시).hwp」 https://www.fss.or.kr/fss/job/admnPrvntc/view.do?seqno=51&menuNo=200491 sha256 177cd3b7dd668fc5 fetched_at 2026-10-08T00:49:43+09:00 ; 조 머리 대조 scripts/dart/verify13_mobeom.py(2026-10-07)"
58,제6장 위기상황 대응체계,,위기관리체계의 정기적 점검,위기관리체계의 정기적 점검,위기관리체계의 정기적 점검,,Y,"2016.8.1판: 금감원 행정지도 내역 관리번호 2014-017(문서번호 감총그룹-388, 시행일 20160801) 첨부 「붙임2_금융지주회사 통합위험관리 모범규준 개정 후 전문.hwp」 https://www.fss.or.kr/fss/job/admnstgudc/view.do?guGuidanceMgrSeq=20170210165649943&menuNo=200492 sha256 17c39d9d75b58ab6 fetched_at 2026-10-08T00:47:59+09:00 ; 2012.3.13 제정판 제목은 금감원 행정지도 예고(seqno=29) 첨부 「통합리스크관리_모범규준(게시)F_.hwp」 https://www.fss.or.kr/fss/job/admnPrvntc/view.do?seqno=29&menuNo=200491 sha256 691e65bd04a3b29c fetched_at 2026-10-08T00:49:41+09:00 ; 2016.7 개정 예고안 제목은 금감원 행정지도 예고(seqno=51) 첨부 「…개정안(홈피공시).hwp」 https://www.fss.or.kr/fss/job/admnPrvntc/view.do?seqno=51&menuNo=200491 sha256 177cd3b7dd668fc5 fetched_at 2026-10-08T00:49:43+09:00 ; 조 머리 대조 scripts/dart/verify13_mobeom.py(2026-10-07)"
59,제7장 보칙<삭제 2016. 3. 28.>,,위임사항,위임사항,위임사항,<삭제 2016. 3. 28.>(조 전체),N,"2016.8.1판: 금감원 행정지도 내역 관리번호 2014-017(문서번호 감총그룹-388, 시행일 20160801) 첨부 「붙임2_금융지주회사 통합위험관리 모범규준 개정 후 전문.hwp」 https://www.fss.or.kr/fss/job/admnstgudc/view.do?guGuidanceMgrSeq=20170210165649943&menuNo=200492 sha256 17c39d9d75b58ab6 fetched_at 2026-10-08T00:47:59+09:00 ; 2012.3.13 제정판 제목은 금감원 행정지도 예고(seqno=29) 첨부 「통합리스크관리_모범규준(게시)F_.hwp」 https://www.fss.or.kr/fss/job/admnPrvntc/view.do?seqno=29&menuNo=200491 sha256 691e65bd04a3b29c fetched_at 2026-10-08T00:49:41+09:00 ; 2016.7 개정 예고안 제목은 금감원 행정지도 예고(seqno=51) 첨부 「…개정안(홈피공시).hwp」 https://www.fss.or.kr/fss/job/admnPrvntc/view.do?seqno=51&menuNo=200491 sha256 177cd3b7dd668fc5 fetched_at 2026-10-08T00:49:43+09:00 ; 조 머리 대조 scripts/dart/verify13_mobeom.py(2026-10-07)"
