그룹,상위법,계층,정식명,법령ID,법령일련번호,공포일자,공포번호,시행일자,시행예정여부,소관부처,유형,번호,제목,파일경로,원본형식,페이지수,sha256,출처URL,상태,비고
B-2,신용정보의 이용 및 보호에 관한 법률,행정규칙,신용정보업감독규정,21819,2100000284072,20260813,2026-37,20260813,N,금융위원회,원문XML,,,law_archive/B_추가검토/2_행정규칙/신용정보의이용및보호에관한법률/11_신용정보업감독규정/신용정보업감독규정_행정규칙_20260813_원문.xml,XML,,5abbae1cf37dfc955a51b27d554a60876554a4e4808299c9e4fd227c1a08ba89,http://www.law.go.kr/DRF/lawService.do?OC=***&target=admrul&ID=2100000284072&type=XML,OK,바이트 그대로(OC 0회)
B-2,신용정보의 이용 및 보호에 관한 법률,행정규칙,신용정보업감독규정,21819,2100000284072,20260813,2026-37,20260813,N,금융위원회,본문,,,law_archive/B_추가검토/2_행정규칙/신용정보의이용및보호에관한법률/11_신용정보업감독규정/신용정보업감독규정_행정규칙_20260813_본문.pdf,PDF,30,4e8ed2ee7ba7cd7b488d9a996f7dc0579f5320b2cf2e1155d91fcebbc6bf0bef,http://www.law.go.kr/DRF/lawService.do?OC=***&target=admrul&ID=2100000284072&type=XML,OK,렌더링(원문XML→PDF) · 조문표지 103개 중 누락 0 · 별표·서식 47건은 목록만(내용은 따로 저장)
B-2,신용정보의 이용 및 보호에 관한 법률,행정규칙,신용정보업감독규정,21819,2100000284072,20260813,2026-37,20260813,N,금융위원회,첨부원본,,4. 사후심사 요청_신용정보업감독규정 전문 및 개정별지·별표.zip,law_archive/B_추가검토/2_행정규칙/신용정보의이용및보호에관한법률/11_신용정보업감독규정/첨부/신용정보업감독규정_행정규칙_20260813_첨부원본.hwpx,HWPX,,c1ab6bac91ed4c8ae469fbcdbdc6e7845133cbcb962f003e86df77410eef4a20,http://www.law.go.kr/flDownload.do?flSeq=168340037,OK,고시·세칙 전체 원본(법제처 첨부파일) · 원파일명 4. 사후심사 요청_신용정보업감독규정 전문 및 개정별지·별표.zip
B-2,신용정보의 이용 및 보호에 관한 법률,행정규칙,신용정보업감독규정,21819,2100000284072,20260813,2026-37,20260813,N,금융위원회,별표,1,"신용정보업, 본인신용정보관리업, 채권추심업 및 신용정보집중기관 허가 등의 절차(제5조제1항 관련)","law_archive/B_추가검토/2_행정규칙/신용정보의이용및보호에관한법률/11_신용정보업감독규정/별표/신용정보업감독규정_행정규칙_20260813_별표1_신용정보업,본인신용정보관리업,채권추심업및신용정보집중기관허가등의절차.pdf",PDF,1,b4909b153c0f384cfc3c784dc4dae6d8ebfcb525c3d31378da2857b1080b8d2c,http://www.law.go.kr/LSW/flDownload.do?flSeq=168760223,OK,
B-2,신용정보의 이용 및 보호에 관한 법률,행정규칙,신용정보업감독규정,21819,2100000284072,20260813,2026-37,20260813,N,금융위원회,별표,1-2,"신용정보업, 본인신용정보관리업, 채권추심업 및 신용정보집중기관 허가 등의 신청서류(제5조제2항 관련)","law_archive/B_추가검토/2_행정규칙/신용정보의이용및보호에관한법률/11_신용정보업감독규정/별표/신용정보업감독규정_행정규칙_20260813_별표1-2_신용정보업,본인신용정보관리업,채권추심업및신용정보집중기관허가등의신청서류.pdf",PDF,9,9979c2d9c031ebaeb34bd3ddc929abdab5611f82c023b3cf0a022a9c961ab80c,http://www.law.go.kr/LSW/flDownload.do?flSeq=168760245,OK,
B-2,신용정보의 이용 및 보호에 관한 법률,행정규칙,신용정보업감독규정,21819,2100000284072,20260813,2026-37,20260813,N,금융위원회,별표,1-3,정보전송요청을 통해 금융위원회가 정하여 고시하는 자에 전송 가능한 신용정보의 범위(영 제28조의3제6항제2호 및 제23조의4제2항 관련),law_archive/B_추가검토/2_행정규칙/신용정보의이용및보호에관한법률/11_신용정보업감독규정/별표/신용정보업감독규정_행정규칙_20260813_별표1-3_정보전송요청을통해금융위원회가정하여고시하는자에전송가능한신용정보의범위.pdf,PDF,3,fed55e3244c8399348ddfc6264ebbd83c1496c0d50b7977d999e29928d1efbbc,http://www.law.go.kr/LSW/flDownload.do?flSeq=168760255,OK,
B-2,신용정보의 이용 및 보호에 관한 법률,행정규칙,신용정보업감독규정,21819,2100000284072,20260813,2026-37,20260813,N,금융위원회,별표,2,"신용정보업, 본인신용정보관리업, 채권추심업 및 신용정보집중기관 허가에 필요한 정보처리ㆍ정보통신설비 요건(제6조 및 제26조의4제1항 관련)","law_archive/B_추가검토/2_행정규칙/신용정보의이용및보호에관한법률/11_신용정보업감독규정/별표/신용정보업감독규정_행정규칙_20260813_별표2_신용정보업,본인신용정보관리업,채권추심업및신용정보집중기관허가에필요한정보처리.pdf",PDF,2,030a159c260140f0d1b0fe65b5e961d72ed72ada2657900fbc79c92fc8637a21,http://www.law.go.kr/LSW/flDownload.do?flSeq=168760263,OK,
B-2,신용정보의 이용 및 보호에 관한 법률,행정규칙,신용정보업감독규정,21819,2100000284072,20260813,2026-37,20260813,N,금융위원회,별표,2-2,대주주의 요건(제7조 및 제11조제3항 관련),law_archive/B_추가검토/2_행정규칙/신용정보의이용및보호에관한법률/11_신용정보업감독규정/별표/신용정보업감독규정_행정규칙_20260813_별표2-2_대주주의요건.pdf,PDF,3,7f1c16798557eae180603f8c76999779ef6480e60c71b65e6e3cb24912c4178a,http://www.law.go.kr/LSW/flDownload.do?flSeq=168760273,OK,
B-2,신용정보의 이용 및 보호에 관한 법률,행정규칙,신용정보업감독규정,21819,2100000284072,20260813,2026-37,20260813,N,금융위원회,별표,2-3,"신용정보업, 본인신용정보관리업 및 채권추심업의 양도ㆍ양수 등의 인가의 세부요건(제11조의4 관련)","law_archive/B_추가검토/2_행정규칙/신용정보의이용및보호에관한법률/11_신용정보업감독규정/별표/신용정보업감독규정_행정규칙_20260813_별표2-3_신용정보업,본인신용정보관리업및채권추심업의양도ㆍ양수등의인가의세부요건.pdf",PDF,2,da4ebaa183c27a5e4c90092b7187ded0da2927bd3a6ea336738aa672e567657e,http://www.law.go.kr/LSW/flDownload.do?flSeq=168760281,OK,
B-2,신용정보의 이용 및 보호에 관한 법률,행정규칙,신용정보업감독규정,21819,2100000284072,20260813,2026-37,20260813,N,금융위원회,별표,2-4,정보집합물 재사용 절차 및 방법 (제15조의2제8항 관련),law_archive/B_추가검토/2_행정규칙/신용정보의이용및보호에관한법률/11_신용정보업감독규정/별표/신용정보업감독규정_행정규칙_20260813_별표2-4_정보집합물재사용절차및방법.pdf,PDF,3,34f8431e6bb174731c663e49f63e41c10edd5d846e04a173ea22c15f1f4e73bd,http://www.law.go.kr/LSW/flDownload.do?flSeq=168760291,OK,
B-2,신용정보의 이용 및 보호에 관한 법률,행정규칙,신용정보업감독규정,21819,2100000284072,20260813,2026-37,20260813,N,금융위원회,별표,2-5,정보집합물 결합 관련 절차 (제15조의2제8항 관련),law_archive/B_추가검토/2_행정규칙/신용정보의이용및보호에관한법률/11_신용정보업감독규정/별표/신용정보업감독규정_행정규칙_20260813_별표2-5_정보집합물결합관련절차.pdf,PDF,1,bd2df37a557eea94ea754d1434b0db85a1b8d6b8f2fb5989dd2cbdf270b6e264,https://www.law.go.kr/LSW/flDownload.do?flSeq=168760297,OK,
B-2,신용정보의 이용 및 보호에 관한 법률,행정규칙,신용정보업감독규정,21819,2100000284072,20260813,2026-37,20260813,N,금융위원회,별표,3,기술적ㆍ물리적ㆍ관리적 보안대책 마련 기준(제20조 관련),law_archive/B_추가검토/2_행정규칙/신용정보의이용및보호에관한법률/11_신용정보업감독규정/별표/신용정보업감독규정_행정규칙_20260813_별표3_기술적ㆍ물리적ㆍ관리적보안대책마련기준.pdf,PDF,4,8270fd7839b48fb2fcd2674ee546882e1aaa366daff170117f1be63abe54a513,http://www.law.go.kr/LSW/flDownload.do?flSeq=168760309,OK,
B-2,신용정보의 이용 및 보호에 관한 법률,행정규칙,신용정보업감독규정,21819,2100000284072,20260813,2026-37,20260813,N,금융위원회,별표,4,신용정보제공계약에 포함될 신용정보 보안관리 대책(제21조 관련),law_archive/B_추가검토/2_행정규칙/신용정보의이용및보호에관한법률/11_신용정보업감독규정/별표/신용정보업감독규정_행정규칙_20260813_별표4_신용정보제공계약에포함될신용정보보안관리대책.pdf,PDF,2,c5dd93d0215a89ada861745cf9e9d98795976ce1e0f53f52691c0aedeb21ee3b,http://www.law.go.kr/LSW/flDownload.do?flSeq=168760317,OK,
B-2,신용정보의 이용 및 보호에 관한 법률,행정규칙,신용정보업감독규정,21819,2100000284072,20260813,2026-37,20260813,N,금융위원회,별표,4-2,신용정보 관리기준(제22조제1항 관련),law_archive/B_추가검토/2_행정규칙/신용정보의이용및보호에관한법률/11_신용정보업감독규정/별표/신용정보업감독규정_행정규칙_20260813_별표4-2_신용정보관리기준.pdf,PDF,6,0f347dc4af1895f25157b6246f54c79bf791c7ab604f7d273070a8ca497ce02a,http://www.law.go.kr/LSW/flDownload.do?flSeq=168760333,OK,
B-2,신용정보의 이용 및 보호에 관한 법률,행정규칙,신용정보업감독규정,21819,2100000284072,20260813,2026-37,20260813,N,금융위원회,별표,5,공공단체의 지정범위(제24조 관련),law_archive/B_추가검토/2_행정규칙/신용정보의이용및보호에관한법률/11_신용정보업감독규정/별표/신용정보업감독규정_행정규칙_20260813_별표5_공공단체의지정범위.pdf,PDF,1,cdb9e6d41bc90e471391e2826ec92c0fd63189bd2659e82ffa18c00388cc1c3f,http://www.law.go.kr/LSW/flDownload.do?flSeq=168760339,OK,
B-2,신용정보의 이용 및 보호에 관한 법률,행정규칙,신용정보업감독규정,21819,2100000284072,20260813,2026-37,20260813,N,금융위원회,별표,5-2,신용정보집중기관 허가 세부요건(제26조의4제2항 관련),law_archive/B_추가검토/2_행정규칙/신용정보의이용및보호에관한법률/11_신용정보업감독규정/별표/신용정보업감독규정_행정규칙_20260813_별표5-2_신용정보집중기관허가세부요건.pdf,PDF,4,d7d79649d7fd2e27b3707c7492b64151128b01abd45b748c71fa25ad69693441,http://www.law.go.kr/LSW/flDownload.do?flSeq=168760351,OK,
B-2,신용정보의 이용 및 보호에 관한 법률,행정규칙,신용정보업감독규정,21819,2100000284072,20260813,2026-37,20260813,N,금융위원회,별표,6,"신용정보 등록 및 이용기준(제24조의2, 제26조의2 및 제26조의4제3항 관련)",law_archive/B_추가검토/2_행정규칙/신용정보의이용및보호에관한법률/11_신용정보업감독규정/별표/신용정보업감독규정_행정규칙_20260813_별표6_신용정보등록및이용기준.pdf,PDF,8,c6445033e395404f6649abac2f5a0e4c272d4af5c12bc6cbb4e5972129610258,http://www.law.go.kr/LSW/flDownload.do?flSeq=168760371,OK,
B-2,신용정보의 이용 및 보호에 관한 법률,행정규칙,신용정보업감독규정,21819,2100000284072,20260813,2026-37,20260813,N,금융위원회,별표,7,"데이터전문기관의 시설·설비 및 인력·조직, 재정능력 등 요건(제28조의3제2항 관련)","law_archive/B_추가검토/2_행정규칙/신용정보의이용및보호에관한법률/11_신용정보업감독규정/별표/신용정보업감독규정_행정규칙_20260813_별표7_데이터전문기관의시설·설비및인력·조직,재정능력등요건.pdf",PDF,3,7d069e8e969b595eff94a234192023933d63ef84bb6bd7edab9fc1e8779b1dd4,http://www.law.go.kr/LSW/flDownload.do?flSeq=168760381,OK,
B-2,신용정보의 이용 및 보호에 관한 법률,행정규칙,신용정보업감독규정,21819,2100000284072,20260813,2026-37,20260813,N,금융위원회,별표,8,가명정보에 관한 보호조치 기준(제43조의7 관련),law_archive/B_추가검토/2_행정규칙/신용정보의이용및보호에관한법률/11_신용정보업감독규정/별표/신용정보업감독규정_행정규칙_20260813_별표8_가명정보에관한보호조치기준.pdf,PDF,3,4666a1cc663f91253f0686b7376aad97f2c47007dbcef88e66b5ba267ef73ef3,http://www.law.go.kr/LSW/flDownload.do?flSeq=168760391,OK,
B-2,신용정보의 이용 및 보호에 관한 법률,행정규칙,신용정보업감독규정,21819,2100000284072,20260813,2026-37,20260813,N,금융위원회,서식,1,"신용정보업, 본인신용정보관리업 및 채권추심업 (예비허가, 허가) 신청서","law_archive/B_추가검토/2_행정규칙/신용정보의이용및보호에관한법률/11_신용정보업감독규정/서식/신용정보업감독규정_행정규칙_20260813_별지1_신용정보업,본인신용정보관리업및채권추심업(예비허가,허가)신청서.pdf",PDF,1,6f4299f905acc057f2b33f9346756cdea81b8381e48da4dac5d3013ec8655d84,http://www.law.go.kr/LSW/flDownload.do?flSeq=168760397,OK,
B-2,신용정보의 이용 및 보호에 관한 법률,행정규칙,신용정보업감독규정,21819,2100000284072,20260813,2026-37,20260813,N,금융위원회,서식,2,"신용정보업, 본인신용정보관리업 및 채권추심업 변경허가신청서","law_archive/B_추가검토/2_행정규칙/신용정보의이용및보호에관한법률/11_신용정보업감독규정/서식/신용정보업감독규정_행정규칙_20260813_별지2_신용정보업,본인신용정보관리업및채권추심업변경허가신청서.pdf",PDF,1,a73629c3a386624a88ef9d7957726e6c83cccb4530e6969a5873e37dd6bcd43b,http://www.law.go.kr/LSW/flDownload.do?flSeq=168760403,OK,
B-2,신용정보의 이용 및 보호에 관한 법률,행정규칙,신용정보업감독규정,21819,2100000284072,20260813,2026-37,20260813,N,금융위원회,서식,2-2,"양도ㆍ양수ㆍ분할ㆍ합병 (예비인가, 인가)신청서","law_archive/B_추가검토/2_행정규칙/신용정보의이용및보호에관한법률/11_신용정보업감독규정/서식/신용정보업감독규정_행정규칙_20260813_별지2-2_양도ㆍ양수ㆍ분할ㆍ합병(예비인가,인가)신청서.pdf",PDF,2,cd60cbabcf71f2520b45d2d608d0443ef4f67479dd3423303f8f1b4cdde3995b,http://www.law.go.kr/LSW/flDownload.do?flSeq=168760411,OK,
B-2,신용정보의 이용 및 보호에 관한 법률,행정규칙,신용정보업감독규정,21819,2100000284072,20260813,2026-37,20260813,N,금융위원회,서식,2-3,신용정보집중기관 허가신청서,law_archive/B_추가검토/2_행정규칙/신용정보의이용및보호에관한법률/11_신용정보업감독규정/서식/신용정보업감독규정_행정규칙_20260813_별지2-3_신용정보집중기관허가신청서.pdf,PDF,1,b0d76d9c1112f6649b33faa6504e67a19564027c9100db8ad9a7ec7267f2d770,http://www.law.go.kr/LSW/flDownload.do?flSeq=168760417,OK,
B-2,신용정보의 이용 및 보호에 관한 법률,행정규칙,신용정보업감독규정,21819,2100000284072,20260813,2026-37,20260813,N,금융위원회,서식,3,"신용정보회사, 본인신용정보관리회사 및 채권추심회사가 허가받은 사항에 관한 변경신고서(제9조제1항 관련)","law_archive/B_추가검토/2_행정규칙/신용정보의이용및보호에관한법률/11_신용정보업감독규정/서식/신용정보업감독규정_행정규칙_20260813_별지3_신용정보회사,본인신용정보관리회사및채권추심회사가허가받은사항에관한변경신고서.pdf",PDF,1,c315d8668db928727fbb9369846605b9228dd26ccd11e56c834be9fc82e07387,http://www.law.go.kr/LSW/flDownload.do?flSeq=168760423,OK,
B-2,신용정보의 이용 및 보호에 관한 법률,행정규칙,신용정보업감독규정,21819,2100000284072,20260813,2026-37,20260813,N,금융위원회,서식,4,"신용정보회사, 본인신용정보관리회사 및 채권추심회사가 허가받은 사항에 관한 변경 보고서(제10조 관련)","law_archive/B_추가검토/2_행정규칙/신용정보의이용및보호에관한법률/11_신용정보업감독규정/서식/신용정보업감독규정_행정규칙_20260813_별지4_신용정보회사,본인신용정보관리회사및채권추심회사가허가받은사항에관한변경보고서.pdf",PDF,1,5b099c57155519c6489ff91c2b975816787a55a631681e55d8634d58ae457821,http://www.law.go.kr/LSW/flDownload.do?flSeq=168760429,OK,
B-2,신용정보의 이용 및 보호에 관한 법률,행정규칙,신용정보업감독규정,21819,2100000284072,20260813,2026-37,20260813,N,금융위원회,서식,5,삭제,law_archive/B_추가검토/2_행정규칙/신용정보의이용및보호에관한법률/11_신용정보업감독규정/서식/신용정보업감독규정_행정규칙_20260813_별지5_삭제.pdf,PDF,1,f905de2741bada72a276353fcb46110d23ca43e2d2a0a6d767bcab55da193e32,http://www.law.go.kr/LSW/flDownload.do?flSeq=168760435,삭제별표,
B-2,신용정보의 이용 및 보호에 관한 법률,행정규칙,신용정보업감독규정,21819,2100000284072,20260813,2026-37,20260813,N,금융위원회,서식,6,"신용정보업, 본인신용정보관리업 및 채권추심업(휴업, 폐업) 신고서","law_archive/B_추가검토/2_행정규칙/신용정보의이용및보호에관한법률/11_신용정보업감독규정/서식/신용정보업감독규정_행정규칙_20260813_별지6_신용정보업,본인신용정보관리업및채권추심업(휴업,폐업)신고서.pdf",PDF,1,6db1776712b1a5721df90f541ddc9623f47cae0c8144d36baab80e654d37347d,http://www.law.go.kr/LSW/flDownload.do?flSeq=168760441,OK,
B-2,신용정보의 이용 및 보호에 관한 법률,행정규칙,신용정보업감독규정,21819,2100000284072,20260813,2026-37,20260813,N,금융위원회,서식,7,"신용정보회사, 본인신용정보관리회사 및 채권추심회사의 겸영신고서","law_archive/B_추가검토/2_행정규칙/신용정보의이용및보호에관한법률/11_신용정보업감독규정/서식/신용정보업감독규정_행정규칙_20260813_별지7_신용정보회사,본인신용정보관리회사및채권추심회사의겸영신고서.pdf",PDF,1,d940a688c7254c8ab959c14e1f3d58e070fabe0ff2a18f2b267b231a7b12acc8,http://www.law.go.kr/LSW/flDownload.do?flSeq=168760447,OK,
B-2,신용정보의 이용 및 보호에 관한 법률,행정규칙,신용정보업감독규정,21819,2100000284072,20260813,2026-37,20260813,N,금융위원회,서식,7-2,"신용정보회사, 본인신용정보관리회사 및 채권추심회사의 부수업무 신고서(제13조제3항 관련)","law_archive/B_추가검토/2_행정규칙/신용정보의이용및보호에관한법률/11_신용정보업감독규정/서식/신용정보업감독규정_행정규칙_20260813_별지7-2_신용정보회사,본인신용정보관리회사및채권추심회사의부수업무신고서.pdf",PDF,1,556f032a2960ded714420c2ae0fcc83402c7aa7165edf5516934d18c6cb959c3,http://www.law.go.kr/LSW/flDownload.do?flSeq=168760453,OK,
B-2,신용정보의 이용 및 보호에 관한 법률,행정규칙,신용정보업감독규정,21819,2100000284072,20260813,2026-37,20260813,N,금융위원회,서식,8,"신용정보회사, 본인신용정보관리회사 및 채권추심회사 상임임원의 겸직승인 신청서","law_archive/B_추가검토/2_행정규칙/신용정보의이용및보호에관한법률/11_신용정보업감독규정/서식/신용정보업감독규정_행정규칙_20260813_별지8_신용정보회사,본인신용정보관리회사및채권추심회사상임임원의겸직승인신청서.pdf",PDF,1,9d18b41509e87157ba3acc0c6f30f570c3d2da3454eba757f20ad8d09d13e9af,http://www.law.go.kr/LSW/flDownload.do?flSeq=168760459,OK,
B-2,신용정보의 이용 및 보호에 관한 법률,행정규칙,신용정보업감독규정,21819,2100000284072,20260813,2026-37,20260813,N,금융위원회,서식,8-2,정보집합물 결합신청서(제15조의2제1항 관련),law_archive/B_추가검토/2_행정규칙/신용정보의이용및보호에관한법률/11_신용정보업감독규정/서식/신용정보업감독규정_행정규칙_20260813_별지8-2_정보집합물결합신청서.pdf,PDF,1,f6f56718c42fd714fe37a4e4a1afea02a3a954c493d878b4cabb8576e5727645,http://www.law.go.kr/LSW/flDownload.do?flSeq=168760465,OK,
B-2,신용정보의 이용 및 보호에 관한 법률,행정규칙,신용정보업감독규정,21819,2100000284072,20260813,2026-37,20260813,N,금융위원회,서식,8-3,개인신용정보 활용·관리 실태 점검 결과,law_archive/B_추가검토/2_행정규칙/신용정보의이용및보호에관한법률/11_신용정보업감독규정/서식/신용정보업감독규정_행정규칙_20260813_별지8-3_개인신용정보활용·관리실태점검결과.pdf,PDF,1,115c7c7c3acaed7188ff0ba9bc28bd57ccfba20513ab12a967fe2b7bc0011b34,http://www.law.go.kr/LSW/flDownload.do?flSeq=168760471,OK,
B-2,신용정보의 이용 및 보호에 관한 법률,행정규칙,신용정보업감독규정,21819,2100000284072,20260813,2026-37,20260813,N,금융위원회,서식,9,삭제,law_archive/B_추가검토/2_행정규칙/신용정보의이용및보호에관한법률/11_신용정보업감독규정/서식/신용정보업감독규정_행정규칙_20260813_별지9_삭제.pdf,PDF,1,dda0d52326fbecad939d4e391ee94bb2f64b8c6e1044ac470356bb480106985a,http://www.law.go.kr/LSW/flDownload.do?flSeq=168760477,삭제별표,
B-2,신용정보의 이용 및 보호에 관한 법률,행정규칙,신용정보업감독규정,21819,2100000284072,20260813,2026-37,20260813,N,금융위원회,서식,10,삭제,law_archive/B_추가검토/2_행정규칙/신용정보의이용및보호에관한법률/11_신용정보업감독규정/서식/신용정보업감독규정_행정규칙_20260813_별지10_삭제.pdf,PDF,1,69df1cdd1ed5fbe3f9842bf4a13235ecd8bfda180ae054cddfd503d5ea4b4b22,http://www.law.go.kr/LSW/flDownload.do?flSeq=168760483,삭제별표,
B-2,신용정보의 이용 및 보호에 관한 법률,행정규칙,신용정보업감독규정,21819,2100000284072,20260813,2026-37,20260813,N,금융위원회,서식,11,삭제,law_archive/B_추가검토/2_행정규칙/신용정보의이용및보호에관한법률/11_신용정보업감독규정/서식/신용정보업감독규정_행정규칙_20260813_별지11_삭제.pdf,PDF,1,3fc7d75aa621489c101121b7b4bed6880b27582c8e63b49d5ad900730fa3b1d8,http://www.law.go.kr/LSW/flDownload.do?flSeq=168760489,삭제별표,
B-2,신용정보의 이용 및 보호에 관한 법률,행정규칙,신용정보업감독규정,21819,2100000284072,20260813,2026-37,20260813,N,금융위원회,서식,12,신용정보집중관리위원회 협의ㆍ심의ㆍ결정 사항의 보고,law_archive/B_추가검토/2_행정규칙/신용정보의이용및보호에관한법률/11_신용정보업감독규정/서식/신용정보업감독규정_행정규칙_20260813_별지12_신용정보집중관리위원회협의ㆍ심의ㆍ결정사항의보고.pdf,PDF,1,dbb678623833238be19780605cd95ca8c21c091373c2e5fb3d803982aa84cc6e,http://www.law.go.kr/LSW/flDownload.do?flSeq=168760495,OK,
B-2,신용정보의 이용 및 보호에 관한 법률,행정규칙,신용정보업감독규정,21819,2100000284072,20260813,2026-37,20260813,N,금융위원회,서식,12-2,개인신용평가체계 검증위원회 심의결과의 보고,law_archive/B_추가검토/2_행정규칙/신용정보의이용및보호에관한법률/11_신용정보업감독규정/서식/신용정보업감독규정_행정규칙_20260813_별지12-2_개인신용평가체계검증위원회심의결과의보고.pdf,PDF,1,680e0c680f2a15da4278c3d6cd6a6ced875b42a8bf45d81fc26066fde74ac68a,http://www.law.go.kr/LSW/flDownload.do?flSeq=168760501,OK,
B-2,신용정보의 이용 및 보호에 관한 법률,행정규칙,신용정보업감독규정,21819,2100000284072,20260813,2026-37,20260813,N,금융위원회,서식,12-3,개인신용평가체계 검증위원회 심의결과 알림,law_archive/B_추가검토/2_행정규칙/신용정보의이용및보호에관한법률/11_신용정보업감독규정/서식/신용정보업감독규정_행정규칙_20260813_별지12-3_개인신용평가체계검증위원회심의결과알림.pdf,PDF,1,9a30b9314998131cb8ae4fb084d0b46b38cb5b9a71ca64addeb04cec9308dc5f,http://www.law.go.kr/LSW/flDownload.do?flSeq=168760507,OK,
B-2,신용정보의 이용 및 보호에 관한 법률,행정규칙,신용정보업감독규정,21819,2100000284072,20260813,2026-37,20260813,N,금융위원회,서식,12-4,"데이터전문기관 (예비지정, 지정)신청서","law_archive/B_추가검토/2_행정규칙/신용정보의이용및보호에관한법률/11_신용정보업감독규정/서식/신용정보업감독규정_행정규칙_20260813_별지12-4_데이터전문기관(예비지정,지정)신청서.pdf",PDF,1,4458c1113ccfb5e0922524151dad310b254cfacb2434a965337aba3b71e257c1,http://www.law.go.kr/LSW/flDownload.do?flSeq=168760513,OK,
B-2,신용정보의 이용 및 보호에 관한 법률,행정규칙,신용정보업감독규정,21819,2100000284072,20260813,2026-37,20260813,N,금융위원회,서식,12-5,데이터전문기관 지정서,law_archive/B_추가검토/2_행정규칙/신용정보의이용및보호에관한법률/11_신용정보업감독규정/서식/신용정보업감독규정_행정규칙_20260813_별지12-5_데이터전문기관지정서.pdf,PDF,1,b9acca99f6ed0d03f1b31d35c5cc86b360191f2da39a847ee13b649454a25d97,http://www.law.go.kr/LSW/flDownload.do?flSeq=168760519,OK,
B-2,신용정보의 이용 및 보호에 관한 법률,행정규칙,신용정보업감독규정,21819,2100000284072,20260813,2026-37,20260813,N,금융위원회,서식,13,위임직채권추심인 등록신청서,law_archive/B_추가검토/2_행정규칙/신용정보의이용및보호에관한법률/11_신용정보업감독규정/서식/신용정보업감독규정_행정규칙_20260813_별지13_위임직채권추심인등록신청서.pdf,PDF,1,1f0ed2ca602131d012130647097f959082e5be0f48877be419158475eefaa491,http://www.law.go.kr/LSW/flDownload.do?flSeq=168760525,OK,
B-2,신용정보의 이용 및 보호에 관한 법률,행정규칙,신용정보업감독규정,21819,2100000284072,20260813,2026-37,20260813,N,금융위원회,서식,14,위임직채권추심인 등록부,law_archive/B_추가검토/2_행정규칙/신용정보의이용및보호에관한법률/11_신용정보업감독규정/서식/신용정보업감독규정_행정규칙_20260813_별지14_위임직채권추심인등록부.pdf,PDF,1,1155d78d61f752157581850ef37262da616bc8f005824d7917b230e8cfc1eae2,http://www.law.go.kr/LSW/flDownload.do?flSeq=168760531,OK,
B-2,신용정보의 이용 및 보호에 관한 법률,행정규칙,신용정보업감독규정,21819,2100000284072,20260813,2026-37,20260813,N,금융위원회,서식,14-2,정보활용 동의등급 신청(변경신청)서,law_archive/B_추가검토/2_행정규칙/신용정보의이용및보호에관한법률/11_신용정보업감독규정/서식/신용정보업감독규정_행정규칙_20260813_별지14-2_정보활용동의등급신청(변경신청)서.pdf,PDF,1,279f44fe0a486dc128aafd91cecb97481a8d791e46b3042780c10b23a5a79832,http://www.law.go.kr/LSW/flDownload.do?flSeq=168760537,OK,
B-2,신용정보의 이용 및 보호에 관한 법률,행정규칙,신용정보업감독규정,21819,2100000284072,20260813,2026-37,20260813,N,금융위원회,서식,15,신용정보 이용 및 제공사실 통지서,law_archive/B_추가검토/2_행정규칙/신용정보의이용및보호에관한법률/11_신용정보업감독규정/서식/신용정보업감독규정_행정규칙_20260813_별지15_신용정보이용및제공사실통지서.pdf,PDF,2,0819954153db9e84b491989d92de61fabd353370805fb9793c924b2f1e800a96,http://www.law.go.kr/LSW/flDownload.do?flSeq=168760545,OK,
B-2,신용정보의 이용 및 보호에 관한 법률,행정규칙,신용정보업감독규정,21819,2100000284072,20260813,2026-37,20260813,N,금융위원회,서식,15-2,자동화평가 결과에 대한 설명요구서,law_archive/B_추가검토/2_행정규칙/신용정보의이용및보호에관한법률/11_신용정보업감독규정/서식/신용정보업감독규정_행정규칙_20260813_별지15-2_자동화평가결과에대한설명요구서.pdf,PDF,1,a30e387c4575f8bb003fe3a19a83d13657d0ff77fe89f794fbb3d0b7782e34bd,http://www.law.go.kr/LSW/flDownload.do?flSeq=168760551,OK,
B-2,신용정보의 이용 및 보호에 관한 법률,행정규칙,신용정보업감독규정,21819,2100000284072,20260813,2026-37,20260813,N,금융위원회,서식,15-3,기초정보 정정ㆍ삭제 및 자동화평가 재산출 요청,law_archive/B_추가검토/2_행정규칙/신용정보의이용및보호에관한법률/11_신용정보업감독규정/서식/신용정보업감독규정_행정규칙_20260813_별지15-3_기초정보정정ㆍ삭제및자동화평가재산출요청.pdf,PDF,1,adeb330aae17804e4868d6504449b8addd001c7393031140326ecc6c77765e35,http://www.law.go.kr/LSW/flDownload.do?flSeq=168760557,OK,
B-2,신용정보의 이용 및 보호에 관한 법률,행정규칙,신용정보업감독규정,21819,2100000284072,20260813,2026-37,20260813,N,금융위원회,서식,15-4,자동화평가 결과 안내서,law_archive/B_추가검토/2_행정규칙/신용정보의이용및보호에관한법률/11_신용정보업감독규정/서식/신용정보업감독규정_행정규칙_20260813_별지15-4_자동화평가결과안내서.pdf,PDF,2,a590b305d3347da6526f2b612d00a1eaae852b9e9387d24109603f3a2ec48ac5,http://www.law.go.kr/LSW/flDownload.do?flSeq=168760565,OK,
B-2,신용정보의 이용 및 보호에 관한 법률,행정규칙,신용정보업감독규정,21819,2100000284072,20260813,2026-37,20260813,N,금융위원회,서식,16,신용정보 시정요청서,law_archive/B_추가검토/2_행정규칙/신용정보의이용및보호에관한법률/11_신용정보업감독규정/서식/신용정보업감독규정_행정규칙_20260813_별지16_신용정보시정요청서.pdf,PDF,2,731fdeebc2e115265b7f9aa57da24775caa58881dd25fc4ccee1d8022a752313,http://www.law.go.kr/LSW/flDownload.do?flSeq=168760573,OK,
B-2,신용정보의 이용 및 보호에 관한 법률,행정규칙,신용정보업감독규정,21819,2100000284072,20260813,2026-37,20260813,N,금융위원회,서식,17,시정조치 결과보고서,law_archive/B_추가검토/2_행정규칙/신용정보의이용및보호에관한법률/11_신용정보업감독규정/서식/신용정보업감독규정_행정규칙_20260813_별지17_시정조치결과보고서.pdf,PDF,2,037e48505f751e93d98983d23e5d45a47d79fc0ac2c96aa45330eb725c716a8a,http://www.law.go.kr/LSW/flDownload.do?flSeq=168760581,OK,
B-2,신용정보의 이용 및 보호에 관한 법률,행정규칙,신용정보업감독규정,21819,2100000284072,20260813,2026-37,20260813,N,금융위원회,서식,18,신용정보회사등의 개인신용정보 누설신고서,law_archive/B_추가검토/2_행정규칙/신용정보의이용및보호에관한법률/11_신용정보업감독규정/서식/신용정보업감독규정_행정규칙_20260813_별지18_신용정보회사등의개인신용정보누설신고서.pdf,PDF,2,c2b799da164f53757b8c6eb618dc8a26f36844c4226e26b2c08021f0b281e1b7,http://www.law.go.kr/LSW/flDownload.do?flSeq=168760589,OK,
