corp_label,doc_kind,사건,rcept_no,report_nm,rcept_dt,corp_name,상태,list_raw,list_sha256,document_status,document_raw,document_sha256,document_at,pdf,pdf_sha256,비고
KB금융지주,사업보고서,,20260619000667,[기재정정]사업보고서 (2025.12),20260619,KB금융,목록확인,raw/list/00688996_20260101_20260930_p001.json,252b9941e8eb4101011b3ba38f0525fb73674099bb3992c267847304bd4f8636,014,raw/document/20260619000667.zip,03f4385d883fd756de28e791dde6f153baad5771898af36fcd2f07b479a84a8f,2026-09-30T17:12:48+09:00,,,
KB금융지주,사업보고서,,20260324000835,[기재정정]사업보고서 (2025.12),20260324,KB금융,목록확인,raw/list/00688996_20260101_20260930_p001.json,252b9941e8eb4101011b3ba38f0525fb73674099bb3992c267847304bd4f8636,000,raw/document/20260324000835.zip,b66d6b1b5c69c6355a6a7759978fa29ccd9154f4c2ddf16ba0b359afe16f344e,2026-09-30T17:14:33+09:00,,,
KB금융지주,사업보고서,,20260313001191,사업보고서 (2025.12),20260313,KB금융,목록확인,raw/list/00688996_20260101_20260930_p001.json,252b9941e8eb4101011b3ba38f0525fb73674099bb3992c267847304bd4f8636,000,raw/document/20260313001191.zip,5cc0f6a6e0b9d3e2b036a50403e6658dd7c75bdf9a47884bccee065d99484239,2026-09-30T17:16:42+09:00,,,
신한금융지주,사업보고서,,20260318000826,사업보고서 (2025.12),20260318,신한지주,목록확인,raw/list/00382199_20260101_20260930_p001.json,f12860e835e3d8a7010c23e159c99ed44a2818894040bfc73b4dddf24675d2e4,000,raw/document/20260318000826.zip,6b0e5adaf709fb25131b09f28d4fd6f5b2caac10a246c51119643878383f2d51,2026-09-30T17:18:31+09:00,,,
하나금융지주,사업보고서,,20260814004019,[기재정정]사업보고서 (2025.12),20260814,하나금융지주,목록확인,raw/list/00547583_20260101_20260930_p001.json,aada49bad9bbcd7e411171d2477ce9f6ce513ed5133ee4386311152f5edc7c34,000,raw/document/20260814004019.zip,4be8c2278fdd18326d05cb3a2022ff159f7f7c291b3279578621d1ded3d88a75,2026-09-30T17:20:01+09:00,,,
하나금융지주,사업보고서,,20260316001292,사업보고서 (2025.12),20260316,하나금융지주,목록확인,raw/list/00547583_20260101_20260930_p001.json,aada49bad9bbcd7e411171d2477ce9f6ce513ed5133ee4386311152f5edc7c34,000,raw/document/20260316001292.zip,edd73aed4206cb89153e6f64b955366e8755e0befb8a1a4d2371e863c57683df,2026-09-30T17:21:54+09:00,,,
우리금융지주,사업보고서,,20260313001235,사업보고서 (2025.12),20260313,우리금융지주,목록확인,raw/list/01350869_20260101_20260930_p001.json,cfdfd1fb1e0340b54deee490e620109ce1c913280912db9570080ae491824340,000,raw/document/20260313001235.zip,46b584cf07718414939e4166dd8cfe31f9111df9e96dd653cca6133e98351320,2026-09-30T17:23:30+09:00,,,
메리츠금융지주,사업보고서,,20260406004144,[첨부정정]사업보고서 (2025.12),20260406,메리츠금융지주,목록확인,raw/list/00860332_20260101_20260930_p001.json,e022c763fee8f8fe82a52ac21012fa6c5c9fead60a57761ea759bf31fd4f25ea,000,raw/document/20260406004144.zip,9fd256e8b92f68873b88c247a7318831af4c7d9355ce4f80cddaa98cc975ff62,2026-09-30T17:23:46+09:00,,,
메리츠금융지주,사업보고서,,20260331004202,[기재정정]사업보고서 (2025.12),20260331,메리츠금융지주,목록확인,raw/list/00860332_20260101_20260930_p001.json,e022c763fee8f8fe82a52ac21012fa6c5c9fead60a57761ea759bf31fd4f25ea,000,raw/document/20260331004202.zip,01a8138283b74cbee04d45d6aac92d331d638f7671a5992bfcb1306b7553733f,2026-09-30T17:24:22+09:00,,,
메리츠금융지주,사업보고서,,20260331004089,[기재정정]사업보고서 (2025.12),20260331,메리츠금융지주,목록확인,raw/list/00860332_20260101_20260930_p001.json,e022c763fee8f8fe82a52ac21012fa6c5c9fead60a57761ea759bf31fd4f25ea,000,raw/document/20260331004089.zip,6bf71311a535e281f72157d24085f7a12e1c7076bbc611d1ba1a1c4ddb41cfac,2026-09-30T17:24:57+09:00,,,
메리츠금융지주,사업보고서,,20260318001549,[첨부정정]사업보고서 (2025.12),20260318,메리츠금융지주,목록확인,raw/list/00860332_20260101_20260930_p001.json,e022c763fee8f8fe82a52ac21012fa6c5c9fead60a57761ea759bf31fd4f25ea,014,raw/document/20260318001549.zip,03f4385d883fd756de28e791dde6f153baad5771898af36fcd2f07b479a84a8f,2026-09-30T17:24:58+09:00,,,
메리츠금융지주,사업보고서,,20260318001419,사업보고서 (2025.12),20260318,메리츠금융지주,목록확인,raw/list/00860332_20260101_20260930_p001.json,e022c763fee8f8fe82a52ac21012fa6c5c9fead60a57761ea759bf31fd4f25ea,000,raw/document/20260318001419.zip,e03a0bb0ccccead3a4b92ada3295868fde63de15d26485bb9c6810bc1ee129da,2026-09-30T17:25:48+09:00,,,
iM금융지주,사업보고서,,20260515000720,[기재정정]사업보고서 (2025.12),20260515,iM금융지주,목록확인,raw/list/00878915_20260101_20260930_p001.json,6163b9df678aec6eba869f8090b00125de015b15188c24dd3dd2648eb2380f39,000,raw/document/20260515000720.zip,8d99c90b29996cd09c416efaca8586dbbc438a223a3402ac36dd423cbb357338,2026-09-30T17:26:26+09:00,,,
iM금융지주,사업보고서,,20260318000971,사업보고서 (2025.12),20260318,iM금융지주,목록확인,raw/list/00878915_20260101_20260930_p001.json,6163b9df678aec6eba869f8090b00125de015b15188c24dd3dd2648eb2380f39,000,raw/document/20260318000971.zip,ca2aaedf12bb7de9bbe2a3318a8bfadbf8e6df089c30ab44730d6acd005f903f,2026-09-30T17:27:16+09:00,,,
NH농협금융지주,사업보고서,,20260331004252,사업보고서 (2025.12),20260331,농협금융지주,목록확인,raw/list/00908021_20260101_20260930_p001.json,dd10352e304497e0461b48c77874d571b7c6e5f799b4c7278942e5323b07e9d6,000,raw/document/20260331004252.zip,b968de4bac472833f1e9975a2d054bbc85d0fe6d22cf6c1e517978322f0d6dac,2026-09-30T17:30:12+09:00,,,
한국투자금융지주,사업보고서,,20260319001006,사업보고서 (2025.12),20260319,한국금융지주,목록확인,raw/list/00432102_20260101_20260930_p001.json,e079917a98f5daff8dc06a6c48e427490cbf2b33ff0a20e9f03c5bc2e6f8a0ca,000,raw/document/20260319001006.zip,e16cf50d2fa0c2068aa8dabd4f660cf8ebf982a94e46763c50e8f6618dcc28c2,2026-09-30T17:31:26+09:00,,,
메리츠금융지주,증권신고서,메리츠금융지주 주식교환(2022 완전자회사화),20230206000364,[기재정정]증권신고서(주식의포괄적교환ㆍ이전),20230206,메리츠금융지주,목록확인,raw/list/00860332_20221101_20230228_p001.json,30e9221c0855548d171379d272800540750e6db996c2b018e5e574af4acc88e1,000,raw/document/20230206000364.zip,3cca266092cb9480e6a663b597fc70fdd18fd9f9ac5e4f190b4f19b344a65603,2026-09-30T17:32:36+09:00,,,
메리츠금융지주,증권신고서,메리츠금융지주 주식교환(2022 완전자회사화),20230119000440,증권신고서(주식의포괄적교환ㆍ이전),20230119,메리츠금융지주,목록확인,raw/list/00860332_20221101_20230228_p001.json,30e9221c0855548d171379d272800540750e6db996c2b018e5e574af4acc88e1,000,raw/document/20230119000440.zip,00587142a741b49db031aa27069c6d71b3b66841be0364b70c37ff0e6720384a,2026-09-30T17:33:44+09:00,,,
메리츠금융지주,증권신고서,메리츠금융지주 주식교환(2022 완전자회사화),20230102000239,[기재정정]증권신고서(주식의포괄적교환ㆍ이전),20230102,메리츠금융지주,목록확인,raw/list/00860332_20221101_20230228_p001.json,30e9221c0855548d171379d272800540750e6db996c2b018e5e574af4acc88e1,000,raw/document/20230102000239.zip,e8f909d15a0cabf469d866ed4cfa7ab4592e35a2a543181334b3029f117114e7,2026-09-30T17:34:36+09:00,,,
메리츠금융지주,증권신고서,메리츠금융지주 주식교환(2022 완전자회사화),20221220000012,[기재정정]증권신고서(주식의포괄적교환ㆍ이전),20221220,메리츠금융지주,목록확인,raw/list/00860332_20221101_20230228_p001.json,30e9221c0855548d171379d272800540750e6db996c2b018e5e574af4acc88e1,000,raw/document/20221220000012.zip,cfede77b48cc732a5b7e3f140915de7b9d4ff9d3d05b1ee5223c123445a6528e,2026-09-30T17:35:29+09:00,,,
메리츠금융지주,증권신고서,메리츠금융지주 주식교환(2022 완전자회사화),20221205000327,[기재정정]증권신고서(주식의포괄적교환ㆍ이전),20221205,메리츠금융지주,목록확인,raw/list/00860332_20221101_20230228_p001.json,30e9221c0855548d171379d272800540750e6db996c2b018e5e574af4acc88e1,000,raw/document/20221205000327.zip,67a250b5eda8eb827cda7f6ad8226c648a9780d91cbb9db90cab44f62a3166d7,2026-09-30T17:36:23+09:00,,,
메리츠금융지주,증권신고서,메리츠금융지주 주식교환(2022 완전자회사화),20221130001841,[기재정정]증권신고서(주식의포괄적교환ㆍ이전),20221130,메리츠금융지주,목록확인,raw/list/00860332_20221101_20230228_p001.json,30e9221c0855548d171379d272800540750e6db996c2b018e5e574af4acc88e1,000,raw/document/20221130001841.zip,0ac2c11aac6e8ea496cd4df14d9c748d9c95a09a690e490a5e68eec98b1dd276,2026-09-30T17:37:17+09:00,,,
메리츠금융지주,증권신고서,메리츠금융지주 주식교환(2022 완전자회사화),20221121000209,증권신고서(주식의포괄적교환ㆍ이전),20221121,메리츠금융지주,목록확인,raw/list/00860332_20221101_20230228_p001.json,30e9221c0855548d171379d272800540750e6db996c2b018e5e574af4acc88e1,000,raw/document/20221121000209.zip,c925c8925bb6c4e69caf7eacc37a6e605ff65e6c30383d6e4fbc44088eb1f764,2026-09-30T17:38:09+09:00,,,
메리츠금융지주,증권신고서,메리츠화재 인적분할(2011 지주 설립),20101210000020,(2차 수집 본문),,,zip에서 복원,,,,,,,dart_out/doc/20101210000020/본문.pdf,d7c65aa2c092df40ec30a6af97e56a441014bd3125b4a7ea9caab9fe9520c161,handoff/원본_주요신고서본문.zip!doc/20101210000020/본문.pdf
우리금융지주,증권신고서,우리은행 주식이전(2019 지주 설립),20181108000394,(2차 수집 본문),,,zip에서 복원,,,,,,,dart_out/doc/20181108000394/본문.pdf,925b5988e8ef8eecf9c24d5ea37c0dda49ba6c25648f9fff6c71cb3eba51ed23,handoff/원본_주요신고서본문.zip!doc/20181108000394/본문.pdf
