그룹,순번,요청명,정식명,계층,법령ID,법령일련번호,공포일자,공포번호,시행일자,시행예정여부,소관부처,법령구분,일치방식,상태,비고
A,1,개인정보 보호법,개인정보 보호법,법률,011357,283839,20260310,21445,20260911,N,개인정보보호위원회,법률,정확일치,확정,
A,1,개인정보 보호법,개인정보 보호법,법률,011357,283839,20260310,21445,20270701,Y,개인정보보호위원회,법률,정확일치,확정,
A,1,개인정보 보호법,개인정보 보호법,법률,011357,289415,20260908,21910,20270309,Y,개인정보보호위원회,법률,정확일치,확정,
A,1,개인정보 보호법,개인정보 보호법 시행령,시행령,011468,289537,20260910,36671,20260911,N,개인정보보호위원회,대통령령,정확일치,확정,
A,1,개인정보 보호법,개인정보 보호법 시행규칙,시행규칙,,,,,,,,,,없음,"체계도에는 시행규칙급 노드가 있다: (조례), 개인정보 보호위원회 직제 시행규칙(총리령), 개인정보 단체소송규칙(대법원규칙), 법원 개인정보 보호에 관한 규칙(대법원규칙), 헌법재판소 개인정보 보호 규칙(헌법재판소규칙), 선거관리위원회 개인정보 보호에 관한 규칙(선거관리위원회규칙)"
A,2,공익신고자 보호법,공익신고자 보호법,법률,011358,284345,20260317,21467,20260918,N,국민권익위원회,법률,정확일치,확정,
A,2,공익신고자 보호법,공익신고자 보호법,법률,011358,279293,20251028,21070,20271029,Y,국민권익위원회,법률,정확일치,확정,
A,2,공익신고자 보호법,공익신고자 보호법,법률,011358,285703,20260428,21599,20270429,Y,국민권익위원회,법률,정확일치,확정,
A,2,공익신고자 보호법,공익신고자 보호법,법률,011358,285363,20260407,21539,20270408,Y,국민권익위원회,법률,정확일치,확정,
A,2,공익신고자 보호법,공익신고자 보호법,법률,011358,285211,20260331,21512,20270401,Y,국민권익위원회,법률,정확일치,확정,
A,2,공익신고자 보호법,공익신고자 보호법,법률,011358,283909,20260310,21432,20270311,Y,국민권익위원회,법률,정확일치,확정,
A,2,공익신고자 보호법,공익신고자 보호법,법률,011358,285175,20260331,21503,20261001,Y,국민권익위원회,법률,정확일치,확정,
A,2,공익신고자 보호법,공익신고자 보호법 시행령,시행령,011473,290579,20260929,36731,20260929,N,국민권익위원회,대통령령,정확일치,확정,
A,2,공익신고자 보호법,공익신고자 보호법 시행규칙,시행규칙,,,,,,,,,,없음,체계도에도 시행규칙 노드 없음(교차 확인)
A,3,독점규제 및 공정거래에 관한 법률,독점규제 및 공정거래에 관한 법률,법률,001591,285951,20260512,21644,20260512,N,공정거래위원회,법률,정확일치,확정,
A,3,독점규제 및 공정거래에 관한 법률,독점규제 및 공정거래에 관한 법률,법률,001591,289403,20260908,21904,20270909,Y,공정거래위원회,법률,정확일치,확정,
A,3,독점규제 및 공정거래에 관한 법률,독점규제 및 공정거래에 관한 법률,법률,001591,259971,20240206,20239,20270207,Y,공정거래위원회,법률,정확일치,확정,
A,3,독점규제 및 공정거래에 관한 법률,독점규제 및 공정거래에 관한 법률,법률,001591,290153,20260929,22043,20261002,Y,공정거래위원회,법률,정확일치,확정,
A,3,독점규제 및 공정거래에 관한 법률,독점규제 및 공정거래에 관한 법률,법률,001591,288605,20260804,21857,20261002,Y,공정거래위원회,법률,정확일치,확정,
A,3,독점규제 및 공정거래에 관한 법률,독점규제 및 공정거래에 관한 법률 시행령,시행령,003440,284737,20260324,36220,20260324,N,공정거래위원회,대통령령,정확일치,확정,
A,3,독점규제 및 공정거래에 관한 법률,독점규제 및 공정거래에 관한 법률 시행규칙,시행규칙,,,,,,,,,,없음,체계도에는 시행규칙급 노드가 있다: 공정거래위원회와 그 소속기관 직제 시행규칙(총리령)
A,4,금융소비자 보호에 관한 법률,금융소비자 보호에 관한 법률,법률,013704,277247,20251001,21065,20260102,N,금융위원회,법률,정확일치,확정,
A,4,금융소비자 보호에 관한 법률,금융소비자 보호에 관한 법률 시행령,시행령,014044,285715,20260428,36287,20260428,N,금융위원회,대통령령,정확일치,확정,
A,4,금융소비자 보호에 관한 법률,금융소비자 보호에 관한 법률 시행규칙,시행규칙,,,,,,,,,,없음,체계도에도 시행규칙 노드 없음(교차 확인)
A,5,상법,상법,법률,001702,273629,20250909,21044,20260910,N,법무부,법률,정확일치,확정,
A,5,상법,상법,법률,001702,284143,20260306,21448,20270101,Y,법무부,법률,정확일치,확정,
A,5,상법,상법,법률,001702,272919,20250722,20991,20270101,Y,법무부,법률,정확일치,확정,
A,5,상법,상법 시행령,시행령,003811,288205,20260721,36511,20260723,N,법무부,대통령령,정확일치,확정,
A,5,상법,상법 시행령,시행령,003811,288205,20260721,36511,20270101,Y,법무부,대통령령,정확일치,확정,
A,5,상법,상법 시행규칙,시행규칙,,,,,,,,,,없음,체계도에도 시행규칙 노드 없음(교차 확인)
A,6,신용정보의 이용 및 보호에 관한 법률,신용정보의 이용 및 보호에 관한 법률,법률,001540,283841,20260310,21445,20260911,N,금융위원회,법률,정확일치,확정,
A,6,신용정보의 이용 및 보호에 관한 법률,신용정보의 이용 및 보호에 관한 법률 시행령,시행령,004105,289539,20260910,36671,20260911,N,금융위원회,대통령령,정확일치,확정,
A,6,신용정보의 이용 및 보호에 관한 법률,신용정보의 이용 및 보호에 관한 법률 시행규칙,시행규칙,007643,220673,20200805,01635,20200805,N,금융위원회,총리령,정확일치,확정,
A,7,주식회사 등의 외부감사에 관한 법률,주식회사 등의 외부감사에 관한 법률,법률,001701,270309,20250401,20896,20250401,N,금융위원회,법률,정확일치,확정,
A,7,주식회사 등의 외부감사에 관한 법률,주식회사 등의 외부감사에 관한 법률 시행령,시행령,004940,286317,20260526,36358,20260526,N,금융위원회,대통령령,정확일치,확정,
A,7,주식회사 등의 외부감사에 관한 법률,주식회사 등의 외부감사에 관한 법률 시행규칙,시행규칙,008234,212377,20191217,01579,20191217,N,금융위원회,총리령,정확일치,확정,
A,8,외국환거래법,외국환거래법,법률,001525,276137,20251001,21065,20260102,N,재정경제부,법률,정확일치,확정,
A,8,외국환거래법,외국환거래법,법률,001525,286353,20260602,21714,20261203,Y,재정경제부,법률,정확일치,확정,
A,8,외국환거래법,외국환거래법 시행령,시행령,004273,285607,20260428,36280,20260428,N,재정경제부,대통령령,정확일치,확정,
A,8,외국환거래법,외국환거래법 시행규칙,시행규칙,,,,,,,,,,없음,체계도에도 시행규칙 노드 없음(교차 확인)
A,9,자본시장과 금융투자업에 관한 법률,자본시장과 금융투자업에 관한 법률,법률,010513,283193,20260203,21324,20260804,N,금융위원회,법률,정확일치,확정,
A,9,자본시장과 금융투자업에 관한 법률,자본시장과 금융투자업에 관한 법률,법률,010513,283193,20260203,21324,20270204,Y,금융위원회,법률,정확일치,확정,
A,9,자본시장과 금융투자업에 관한 법률,자본시장과 금융투자업에 관한 법률,법률,010513,289411,20260908,21908,20261209,Y,금융위원회,법률,정확일치,확정,
A,9,자본시장과 금융투자업에 관한 법률,자본시장과 금융투자업에 관한 법률,법률,010513,285957,20260512,21647,20261113,Y,금융위원회,법률,정확일치,확정,
A,9,자본시장과 금융투자업에 관한 법률,자본시장과 금융투자업에 관한 법률,법률,010513,288615,20260804,21857,20261002,Y,금융위원회,법률,정확일치,확정,
A,9,자본시장과 금융투자업에 관한 법률,자본시장과 금융투자업에 관한 법률,법률,010513,285183,20260331,21503,20261001,Y,금융위원회,법률,정확일치,확정,
A,9,자본시장과 금융투자업에 관한 법률,자본시장과 금융투자업에 관한 법률 시행령,시행령,010817,288399,20260728,36543,20260804,N,금융위원회,대통령령,정확일치,확정,
A,9,자본시장과 금융투자업에 관한 법률,자본시장과 금융투자업에 관한 법률 시행령,시행령,010817,290473,20260929,36728,20261002,Y,금융위원회,대통령령,정확일치,확정,
A,9,자본시장과 금융투자업에 관한 법률,자본시장과 금융투자업에 관한 법률 시행령,시행령,010817,290293,20260929,36729,20261001,Y,금융위원회,대통령령,정확일치,확정,
A,9,자본시장과 금융투자업에 관한 법률,자본시장과 금융투자업에 관한 법률 시행규칙,시행규칙,010820,271489,20250602,02034,20250602,N,금융위원회,총리령,정확일치,확정,
A,10,전자금융거래법,전자금융거래법,법률,010199,280277,20251216,21205,20251216,N,금융위원회,법률,정확일치,확정,
A,10,전자금융거래법,전자금융거래법,법률,010199,280277,20251216,21205,20261217,Y,금융위원회,법률,정확일치,확정,
A,10,전자금융거래법,전자금융거래법,법률,010199,290247,20260929,22048,20261002,Y,금융위원회,법률,정확일치,확정,
A,10,전자금융거래법,전자금융거래법 시행령,시행령,010366,285727,20260428,36281,20260428,N,금융위원회,대통령령,정확일치,확정,
A,10,전자금융거래법,전자금융거래법 시행규칙,시행규칙,,,,,,,,,,없음,체계도에도 시행규칙 노드 없음(교차 확인)
A,11,주식·사채 등의 전자등록에 관한 법률,주식ㆍ사채 등의 전자등록에 관한 법률,법률,012514,267561,20241231,20620,20241231,N,"금융위원회,법무부",법률,정확일치,확정,사용자 확인(2026-09-29): 요청명 주식·사채 등의 전자등록에 관한 법률 → API 정식명 주식ㆍ사채 등의 전자등록에 관한 법률
A,11,주식·사채 등의 전자등록에 관한 법률,주식ㆍ사채 등의 전자등록에 관한 법률,법률,012514,283195,20260203,21318,20270204,Y,"금융위원회,법무부",법률,정확일치,확정,사용자 확인(2026-09-29): 요청명 주식·사채 등의 전자등록에 관한 법률 → API 정식명 주식ㆍ사채 등의 전자등록에 관한 법률
A,11,주식·사채 등의 전자등록에 관한 법률,주식ㆍ사채 등의 전자등록에 관한 법률 시행령,시행령,013496,252119,20230627,33604,20230701,N,"금융위원회,법무부",대통령령,정확일치,확정,사용자 확인(2026-09-29): 요청명 주식·사채 등의 전자등록에 관한 법률 → API 정식명 주식ㆍ사채 등의 전자등록에 관한 법률
A,11,주식·사채 등의 전자등록에 관한 법률,주식ㆍ사채 등의 전자등록에 관한 법률 시행령,시행령,013496,290485,20260929,36728,20261002,Y,"금융위원회,법무부",대통령령,정확일치,확정,사용자 확인(2026-09-29): 요청명 주식·사채 등의 전자등록에 관한 법률 → API 정식명 주식ㆍ사채 등의 전자등록에 관한 법률
A,11,주식·사채 등의 전자등록에 관한 법률,주식ㆍ사채 등의 전자등록에 관한 법률 시행규칙,시행규칙,,,,,,,,,,없음,체계도에도 시행규칙 노드 없음(교차 확인) · 사용자 확인(2026-09-29): 요청명 주식·사채 등의 전자등록에 관한 법률 → API 정식명 주식ㆍ사채 등의 전자등록에 관한 법률
A,12,금융회사의 지배구조에 관한 법률,금융회사의 지배구조에 관한 법률,법률,012338,277253,20251001,21065,20260102,N,금융위원회,법률,정확일치,확정,
A,12,금융회사의 지배구조에 관한 법률,금융회사의 지배구조에 관한 법률 시행령,시행령,012620,284695,20260324,36220,20260324,N,금융위원회,대통령령,정확일치,확정,
A,12,금융회사의 지배구조에 관한 법률,금융회사의 지배구조에 관한 법률 시행령,시행령,012620,290289,20260929,36729,20261001,Y,금융위원회,대통령령,정확일치,확정,
A,12,금융회사의 지배구조에 관한 법률,금융회사의 지배구조에 관한 법률 시행규칙,시행규칙,,,,,,,,,,없음,체계도에도 시행규칙 노드 없음(교차 확인)
A,13,공중 등 협박목적 및 대량살상무기확산을 위한 자금조달행위의 금지에 관한 법률,공중 등 협박목적 및 대량살상무기확산을 위한 자금조달행위의 금지에 관한 법률,법률,010588,268619,20250121,20713,20260122,N,금융위원회,법률,정확일치,확정,
A,13,공중 등 협박목적 및 대량살상무기확산을 위한 자금조달행위의 금지에 관한 법률,공중 등 협박목적 및 대량살상무기확산을 위한 자금조달행위의 금지에 관한 법률 시행령,시행령,010864,273405,20250826,35719,20260122,N,금융위원회,대통령령,정확일치,확정,
A,13,공중 등 협박목적 및 대량살상무기확산을 위한 자금조달행위의 금지에 관한 법률,공중 등 협박목적 및 대량살상무기확산을 위한 자금조달행위의 금지에 관한 법률 시행규칙,시행규칙,,,,,,,,,,없음,체계도에도 시행규칙 노드 없음(교차 확인)
A,14,특정 금융거래정보의 보고 및 이용 등에 관한 법률,특정 금융거래정보의 보고 및 이용 등에 관한 법률,법률,009244,283365,20260219,21358,20260820,N,"금융위원회,법무부",법률,정확일치,확정,
A,14,특정 금융거래정보의 보고 및 이용 등에 관한 법률,특정 금융거래정보의 보고 및 이용 등에 관한 법률,법률,009244,290725,20260804,21857,20261002,Y,"금융위원회,법무부",법률,정확일치,확정,
A,14,특정 금융거래정보의 보고 및 이용 등에 관한 법률,특정 금융거래정보의 보고 및 이용 등에 관한 법률 시행령,시행령,009256,288765,20260818,36592,20260820,N,"금융위원회,법무부",대통령령,정확일치,확정,
A,14,특정 금융거래정보의 보고 및 이용 등에 관한 법률,특정 금융거래정보의 보고 및 이용 등에 관한 법률 시행령,시행령,009256,288765,20260818,36592,20270219,Y,"금융위원회,법무부",대통령령,정확일치,확정,
A,14,특정 금융거래정보의 보고 및 이용 등에 관한 법률,특정 금융거래정보의 보고 및 이용 등에 관한 법률 시행령,시행령,009256,290511,20260929,36728,20261002,Y,"금융위원회,법무부",대통령령,정확일치,확정,
A,14,특정 금융거래정보의 보고 및 이용 등에 관한 법률,특정 금융거래정보의 보고 및 이용 등에 관한 법률 시행규칙,시행규칙,,,,,,,,,,없음,체계도에도 시행규칙 노드 없음(교차 확인)
A,15,금융지주회사법,금융지주회사법,법률,009374,254783,20230914,19700,20230914,N,금융위원회,법률,정확일치,확정,
A,15,금융지주회사법,금융지주회사법 시행령,시행령,009155,278145,20251001,35811,20251001,N,금융위원회,대통령령,정확일치,확정,
A,15,금융지주회사법,금융지주회사법 시행규칙,시행규칙,,,,,,,,,,없음,체계도에도 시행규칙 노드 없음(교차 확인)
B-1,1,보험업법,보험업법,법률,001532,265389,20240920,20436,20250131,N,금융위원회,법률,정확일치,확정,
B-1,1,보험업법,보험업법,법률,001532,289409,20260908,21907,20270309,Y,금융위원회,법률,정확일치,확정,
B-1,1,보험업법,보험업법 시행령,시행령,003654,285553,20260421,36275,20260421,N,금융위원회,대통령령,정확일치,확정,
B-1,1,보험업법,보험업법 시행령,시행령,003654,285553,20260421,36275,20270101,Y,금융위원회,대통령령,정확일치,확정,
B-1,1,보험업법,보험업법 시행령,시행령,003654,290427,20260929,36728,20261002,Y,금융위원회,대통령령,정확일치,확정,
B-1,1,보험업법,보험업법 시행규칙,시행규칙,007282,269221,20250218,02016,20250218,N,금융위원회,총리령,정확일치,확정,
B-1,2,금융실명거래 및 비밀보장에 관한 법률,금융실명거래 및 비밀보장에 관한 법률,법률,000549,270423,20250401,20894,20250401,N,금융위원회,법률,정확일치,확정,
B-1,2,금융실명거래 및 비밀보장에 관한 법률,금융실명거래 및 비밀보장에 관한 법률 시행령,시행령,003086,266785,20241203,35038,20241227,N,금융위원회,대통령령,정확일치,확정,
B-1,2,금융실명거래 및 비밀보장에 관한 법률,금융실명거래 및 비밀보장에 관한 법률 시행규칙,시행규칙,006871,197034,20170726,01406,20170726,N,금융위원회,총리령,정확일치,확정,
B-1,3,금융산업의 구조개선에 관한 법률,금융산업의 구조개선에 관한 법률,법률,000534,277245,20251001,21065,20251001,N,금융위원회,법률,정확일치,확정,
B-1,3,금융산업의 구조개선에 관한 법률,금융산업의 구조개선에 관한 법률 시행령,시행령,003083,233423,20210629,31861,20210630,N,금융위원회,대통령령,정확일치,확정,
B-1,3,금융산업의 구조개선에 관한 법률,금융산업의 구조개선에 관한 법률 시행규칙,시행규칙,,,,,,,,,,없음,체계도에도 시행규칙 노드 없음(교차 확인)
B-1,4,금융위원회의 설치 등에 관한 법률,금융위원회의 설치 등에 관한 법률,법률,000552,277249,20251001,21065,20260102,N,금융위원회,법률,정확일치,확정,
B-1,4,금융위원회의 설치 등에 관한 법률,금융위원회의 설치 등에 관한 법률,법률,000552,290241,20260929,22045,20261002,Y,금융위원회,법률,정확일치,확정,
B-1,4,금융위원회의 설치 등에 관한 법률,금융위원회의 설치 등에 관한 법률 시행령,시행령,003072,281377,20251230,35947,20260102,N,금융위원회,대통령령,정확일치,확정,
B-1,4,금융위원회의 설치 등에 관한 법률,금융위원회의 설치 등에 관한 법률 시행규칙,시행규칙,,,,,,,,,,없음,"체계도에는 시행규칙급 노드가 있다: 금융위원회와 그 소속기관 직제 시행규칙(총리령), 금융위원회 소관 비영리법인의 설립 및 감독에 관한 규칙(총리령)"
B-1,5,금융복합기업집단의 감독에 관한 법률,금융복합기업집단의 감독에 관한 법률,법률,013932,225139,20201229,17800,20210630,N,금융위원회,법률,정확일치,확정,
B-1,5,금융복합기업집단의 감독에 관한 법률,금융복합기업집단의 감독에 관한 법률 시행령,시행령,014104,278139,20251001,35811,20251001,N,금융위원회,대통령령,정확일치,확정,
B-1,5,금융복합기업집단의 감독에 관한 법률,금융복합기업집단의 감독에 관한 법률 시행규칙,시행규칙,,,,,,,,,,없음,체계도에도 시행규칙 노드 없음(교차 확인)
B-1,6,보험사기방지 특별법,보험사기방지 특별법,법률,012521,277341,20251001,21066,20251001,N,금융위원회,법률,정확일치,확정,
B-1,6,보험사기방지 특별법,보험사기방지 특별법 시행령,시행령,012670,264719,20240806,34816,20240814,N,금융위원회,대통령령,정확일치,확정,
B-1,6,보험사기방지 특별법,보험사기방지 특별법 시행령,시행령,012670,290425,20260929,36728,20261002,Y,금융위원회,대통령령,정확일치,확정,
B-1,6,보험사기방지 특별법,보험사기방지 특별법 시행규칙,시행규칙,,,,,,,,,,없음,체계도에도 시행규칙 노드 없음(교차 확인)
B-1,7,법인세법,법인세법,법률,001563,280349,20251223,21217,20260701,N,재정경제부,법률,정확일치,확정,
B-1,7,법인세법,법인세법,법률,001563,109644,20101230,10423,20280101,Y,재정경제부,법률,정확일치,확정,
B-1,7,법인세법,법인세법,법률,001563,224703,20201222,17652,20270101,Y,재정경제부,법률,정확일치,확정,
B-1,7,법인세법,법인세법 시행령,시행령,003608,283635,20260227,36130,20260227,N,재정경제부,대통령령,정확일치,확정,
B-1,7,법인세법,법인세법 시행령,시행령,003608,283635,20260227,36130,20270101,Y,재정경제부,대통령령,정확일치,확정,
B-1,7,법인세법,법인세법 시행령,시행령,003608,269543,20250228,35350,20270101,Y,재정경제부,대통령령,정확일치,확정,
B-1,7,법인세법,법인세법 시행령,시행령,003608,241137,20220308,32517,20270101,Y,재정경제부,대통령령,정확일치,확정,
B-1,7,법인세법,법인세법 시행규칙,시행규칙,007229,287787,20260701,00037,20260701,N,재정경제부,재정경제부령,정확일치,확정,
B-1,7,법인세법,법인세법 시행규칙,시행규칙,007229,284993,20260320,00007,20270101,Y,재정경제부,재정경제부령,정확일치,확정,
B-1,8,조세특례제한법,조세특례제한법,법률,001584,284389,20260317,21467,20260918,N,"재정경제부,행정안전부",법률,정확일치,확정,
B-1,8,조세특례제한법,조세특례제한법,법률,001584,91270,20090130,09346,20280101,Y,"재정경제부,행정안전부",법률,정확일치,확정,
B-1,8,조세특례제한법,조세특례제한법,법률,001584,289379,20260908,21901,20270909,Y,"재정경제부,행정안전부",법률,정확일치,확정,
B-1,8,조세특례제한법,조세특례제한법,법률,001584,286937,20260616,21796,20270617,Y,"재정경제부,행정안전부",법률,정확일치,확정,
B-1,8,조세특례제한법,조세특례제한법,법률,001584,289553,20260915,21927,20270316,Y,"재정경제부,행정안전부",법률,정확일치,확정,
B-1,8,조세특례제한법,조세특례제한법,법률,001584,280409,20251223,21223,20270101,Y,"재정경제부,행정안전부",법률,정확일치,확정,
B-1,8,조세특례제한법,조세특례제한법,법률,001584,267555,20241231,20617,20270101,Y,"재정경제부,행정안전부",법률,정확일치,확정,
B-1,8,조세특례제한법,조세특례제한법,법률,001584,257993,20231231,19936,20270101,Y,"재정경제부,행정안전부",법률,정확일치,확정,
B-1,8,조세특례제한법,조세특례제한법,법률,001584,247473,20221231,19199,20270101,Y,"재정경제부,행정안전부",법률,정확일치,확정,
B-1,8,조세특례제한법,조세특례제한법,법률,001584,212779,20191231,16835,20270101,Y,"재정경제부,행정안전부",법률,정확일치,확정,
B-1,8,조세특례제한법,조세특례제한법 시행령,시행령,004920,288915,20260818,36587,20260918,N,"재정경제부,행정안전부",대통령령,정확일치,확정,
B-1,8,조세특례제한법,조세특례제한법 시행령,시행령,004920,283625,20260227,36127,20270101,Y,"재정경제부,행정안전부",대통령령,정확일치,확정,
B-1,8,조세특례제한법,조세특례제한법 시행령,시행령,004920,283625,20260227,36127,20260701,Y,"재정경제부,행정안전부",대통령령,정확일치,확정,
B-1,8,조세특례제한법,조세특례제한법 시행규칙,시행규칙,008218,289267,20260831,00056,20260918,N,"재정경제부,행정안전부",기후에너지환경부령,정확일치,확정,
B-1,9,국제조세조정에 관한 법률,국제조세조정에 관한 법률,법률,000603,280389,20251223,21215,20260102,N,재정경제부,법률,정확일치,확정,
B-1,9,국제조세조정에 관한 법률,국제조세조정에 관한 법률 시행령,시행령,002942,283629,20260227,36128,20260227,N,재정경제부,대통령령,정확일치,확정,
B-1,9,국제조세조정에 관한 법률,국제조세조정에 관한 법률 시행규칙,시행규칙,006780,284973,20260320,00021,20260320,N,재정경제부,재정경제부령,정확일치,확정,
B-1,10,외국인투자 촉진법,외국인투자 촉진법,법률,000660,276565,20251001,21065,20260102,N,산업통상부,법률,정확일치,확정,
B-1,10,외국인투자 촉진법,외국인투자 촉진법 시행령,시행령,004270,284815,20260324,36220,20260324,N,산업통상부,대통령령,정확일치,확정,
B-1,10,외국인투자 촉진법,외국인투자 촉진법 시행규칙,시행규칙,007778,278759,20251001,00001,20251001,N,산업통상부,산업통상부령,정확일치,확정,
B-1,11,인공지능 발전과 신뢰 기반 조성 등에 관한 기본법,인공지능 발전과 신뢰 기반 조성 등에 관한 기본법,법률,014820,282791,20260120,21311,20260721,N,과학기술정보통신부,법률,정확일치,확정,
B-1,11,인공지능 발전과 신뢰 기반 조성 등에 관한 기본법,인공지능 발전과 신뢰 기반 조성 등에 관한 기본법 시행령,시행령,015032,288781,20260818,36580,20260820,N,과학기술정보통신부,대통령령,정확일치,확정,
B-1,11,인공지능 발전과 신뢰 기반 조성 등에 관한 기본법,인공지능 발전과 신뢰 기반 조성 등에 관한 기본법 시행규칙,시행규칙,,,,,,,,,,없음,체계도에도 시행규칙 노드 없음(교차 확인)
B-1,12,파견근로자 보호 등에 관한 법률,파견근로자 보호 등에 관한 법률,법률,000122,286257,20260526,21701,20260526,N,고용노동부,법률,정확일치,확정,
B-1,12,파견근로자 보호 등에 관한 법률,파견근로자 보호 등에 관한 법률 시행령,시행령,005348,272523,20250620,35597,20250621,N,고용노동부,대통령령,정확일치,확정,
B-1,12,파견근로자 보호 등에 관한 법률,파견근로자 보호 등에 관한 법률 시행규칙,시행규칙,008563,263205,20240612,00416,20240612,N,고용노동부,고용노동부령,정확일치,확정,
B-1,13,정보통신망 이용촉진 및 정보보호 등에 관한 법률,정보통신망 이용촉진 및 정보보호 등에 관한 법률,법률,000030,283843,20260310,21445,20260911,N,"과학기술정보통신부,방송미디어통신위원회",법률,정확일치,확정,
B-1,13,정보통신망 이용촉진 및 정보보호 등에 관한 법률,정보통신망 이용촉진 및 정보보호 등에 관한 법률,법률,000030,285199,20260331,21500,20270401,Y,"과학기술정보통신부,방송미디어통신위원회",법률,정확일치,확정,
B-1,13,정보통신망 이용촉진 및 정보보호 등에 관한 법률,정보통신망 이용촉진 및 정보보호 등에 관한 법률,법률,000030,290001,20260929,21988,20261002,Y,"과학기술정보통신부,방송미디어통신위원회",법률,정확일치,확정,
B-1,13,정보통신망 이용촉진 및 정보보호 등에 관한 법률,정보통신망 이용촉진 및 정보보호 등에 관한 법률,법률,000030,285199,20260331,21500,20261001,Y,"과학기술정보통신부,방송미디어통신위원회",법률,정확일치,확정,
B-1,13,정보통신망 이용촉진 및 정보보호 등에 관한 법률,정보통신망 이용촉진 및 정보보호 등에 관한 법률 시행령,시행령,004797,288033,20260707,36502,20260707,N,"과학기술정보통신부,방송미디어통신위원회",대통령령,정확일치,확정,
B-1,13,정보통신망 이용촉진 및 정보보호 등에 관한 법률,정보통신망 이용촉진 및 정보보호 등에 관한 법률 시행령,시행령,004797,290483,20260929,36728,20261002,Y,"과학기술정보통신부,방송미디어통신위원회",대통령령,정확일치,확정,
B-1,13,정보통신망 이용촉진 및 정보보호 등에 관한 법률,정보통신망 이용촉진 및 정보보호 등에 관한 법률 시행규칙,시행규칙,008108,230723,20210331,00071,20210331,N,"과학기술정보통신부,방송미디어통신위원회",과학기술정보통신부령,정확일치,확정,
B-1,14,중대재해 처벌 등에 관한 법률,중대재해 처벌 등에 관한 법률,법률,013993,228817,20210126,17907,20220127,N,"고용노동부,공정거래위원회,국토교통부,기후에너지환경부,법무부,산업통상부,중소벤처기업부",법률,정확일치,확정,
B-1,14,중대재해 처벌 등에 관한 법률,중대재해 처벌 등에 관한 법률 시행령,시행령,014159,277417,20251001,35805,20251001,N,"고용노동부,공정거래위원회,국토교통부,기후에너지환경부,법무부,산업통상부,중소벤처기업부",대통령령,정확일치,확정,
B-1,14,중대재해 처벌 등에 관한 법률,중대재해 처벌 등에 관한 법률 시행규칙,시행규칙,,,,,,,,,,없음,체계도에도 시행규칙 노드 없음(교차 확인)
B-2,1,금융지주회사감독규정,금융지주회사감독규정,행정규칙,36056,2100000266376,20251001,2025-26,20251001,N,금융위원회,고시,정확일치,확정,
B-2,2,금융지주회사감독규정 시행세칙,금융지주회사감독규정시행세칙,행정규칙,2041126,2200000107297,20250516,9999,20250516,N,금융감독원,세칙,공백무시일치,확정,
B-2,3,금융회사 지배구조 감독규정,금융회사 지배구조 감독규정,행정규칙,53846,2100000243102,20240626,2024-26,20240703,N,금융위원회,고시,정확일치,확정,
B-2,4,금융회사 지배구조 감독규정 시행세칙,금융회사 지배구조 감독규정 시행세칙,행정규칙,2094248,2200000082677,20240701,9999,20240703,N,금융감독원,세칙,정확일치,확정,
B-2,5,보험업감독규정,보험업감독규정,행정규칙,21843,2100000279112,20260506,2026-16,20260506,N,금융위원회,고시,정확일치,확정,
B-2,6,보험업감독업무시행세칙,보험업감독업무시행세칙,행정규칙,2041116,2200000108939,20260828,9999,20260910,N,금융감독원,세칙,정확일치,확정,
B-2,7,금융회사의 업무위탁 등에 관한 규정,금융기관의 업무위탁 등에 관한 규정,행정규칙,36058,2200000076690,20190401,2019-12,20190401,N,금융위원회,고시,정확일치,확정,사용자 확인(2026-09-29): 요청명 금융회사의 업무위탁 등에 관한 규정 → API 정식명 금융기관의 업무위탁 등에 관한 규정
B-2,8,금융회사의 정보처리 업무 위탁에 관한 규정,금융회사의 정보처리 업무 위탁에 관한 규정,행정규칙,42702,2100000200327,20210325,2021-9,20210325,N,금융위원회,고시,정확일치,확정,어느 법률의 체계도에도 없음 → 00_체계도미연결 폴더
B-2,9,전자금융감독규정,전자금융감독규정,행정규칙,21828,2100000282622,20260715,2026-29,20260715,N,금융위원회,고시,정확일치,확정,
B-2,10,전자금융감독규정시행세칙,전자금융감독규정시행세칙,행정규칙,2050888,2200000108629,20260420,9999,20260420,N,금융감독원,세칙,정확일치,확정,
B-2,11,신용정보업감독규정,신용정보업감독규정,행정규칙,21819,2100000284072,20260813,2026-37,20260813,N,금융위원회,고시,정확일치,확정,
B-2,12,금융소비자 보호에 관한 감독규정,금융소비자 보호에 관한 감독규정,행정규칙,77048,2100000276850,20260402,2026-11,20260402,N,금융위원회,고시,정확일치,확정,
B-2,13,외국환거래규정,외국환거래규정,행정규칙,22029,2100000285140,20260916,2026-103,20260916,N,재정경제부,고시,정확일치,확정,
B-2,14,개인정보의 안전성 확보조치 기준,개인정보의 안전성 확보조치 기준,행정규칙,73493,2100000281400,20260701,2026-9,20260701,N,개인정보보호위원회,고시,정확일치,확정,
B-2,15,자금세탁방지 및 공중협박자금조달금지에 관한 업무규정,자금세탁방지 및 공중협박자금조달금지에 관한 업무규정,행정규칙,2037208,2100000267264,20251022,2025-2,20260122,N,금융정보분석원,고시,정확일치,확정,
B-2,16,특정 금융거래정보 보고 및 감독규정,특정 금융거래정보 보고 및 감독규정,행정규칙,31905,2100000284076,20260820,2026-2,20260820,N,금융정보분석원,고시,정확일치,확정,
B-2,17,금융기관 검사 및 제재에 관한 규정,금융기관검사및제재에관한규정,행정규칙,21821,2100000282508,20260617,2026-262,20260617,N,금융위원회,고시,공백무시일치,확정,
B-2,18,금융기관 검사 및 제재에 관한 규정 시행세칙,금융기관 검사 및 제재에 관한 규정 시행세칙,행정규칙,2041112,2200000106255,20250108,9999,20250108,N,금융감독원,세칙,정확일치,확정,
