정식명,시행일자,시행예정여부,법령일련번호,서식수,번호,제목,파일경로,상태
조세특례제한법 시행규칙,20260918,N,289267,394,1,"세액공제신청서, 투자자산 명세서, 기술취득에 대한 세액공제 명세서","law_archive/B_추가검토/1_법률/08_조세특례제한법/3_시행규칙/서식/조세특례제한법_시행규칙_20260918_서식1_세액공제신청서,투자자산명세서,기술취득에대한세액공제명세서.pdf",OK
조세특례제한법 시행규칙,20260918,N,289267,394,1의2,정보화지원사업출연금 및 중소기업지원설비 손금산입조정명세서,law_archive/B_추가검토/1_법률/08_조세특례제한법/3_시행규칙/서식/조세특례제한법_시행규칙_20260918_서식1의2_정보화지원사업출연금및중소기업지원설비손금산입조정명세서.pdf,OK
조세특례제한법 시행규칙,20260918,N,289267,394,1의3,출연금 사용명세서,law_archive/B_추가검토/1_법률/08_조세특례제한법/3_시행규칙/서식/조세특례제한법_시행규칙_20260918_서식1의3_출연금사용명세서.pdf,OK
조세특례제한법 시행규칙,20260918,N,289267,394,1의4,무상임대 확인서,law_archive/B_추가검토/1_법률/08_조세특례제한법/3_시행규칙/서식/조세특례제한법_시행규칙_20260918_서식1의4_무상임대확인서.pdf,OK
조세특례제한법 시행규칙,20260918,N,289267,394,2,"세액감면(면제)신청서, 기술이전ㆍ대여에 대한 세액감면(면제) 명세서","law_archive/B_추가검토/1_법률/08_조세특례제한법/3_시행규칙/서식/조세특례제한법_시행규칙_20260918_서식2_세액감면(면제)신청서,기술이전ㆍ대여에대한세액감면(면제)명세서.pdf",OK
조세특례제한법 시행규칙,20260918,N,289267,394,2의2,"창업 중소기업 등에 대한 감면세액계산서, 창업 중소기업 등에 대한 세액감면 명세서","law_archive/B_추가검토/1_법률/08_조세특례제한법/3_시행규칙/서식/조세특례제한법_시행규칙_20260918_서식2의2_창업중소기업등에대한감면세액계산서,창업중소기업등에대한세액감면명세서.pdf",OK
조세특례제한법 시행규칙,20260918,N,289267,394,2의3,중소기업 결손금 소급공제 세액 환급 특례 신청서(거주자),law_archive/B_추가검토/1_법률/08_조세특례제한법/3_시행규칙/서식/조세특례제한법_시행규칙_20260918_서식2의3_중소기업결손금소급공제세액환급특례신청서(거주자).pdf,OK
조세특례제한법 시행규칙,20260918,N,289267,394,2의4,중소기업 결손금 소급공제 세액 환급 특례 신청서(내국법인),law_archive/B_추가검토/1_법률/08_조세특례제한법/3_시행규칙/서식/조세특례제한법_시행규칙_20260918_서식2의4_중소기업결손금소급공제세액환급특례신청서(내국법인).pdf,OK
조세특례제한법 시행규칙,20260918,N,289267,394,2의5,삭제 &lt;2022. 3. 18.&gt;,law_archive/B_추가검토/1_법률/08_조세특례제한법/3_시행규칙/서식/조세특례제한법_시행규칙_20260918_서식2의5_삭제.pdf,삭제별표
조세특례제한법 시행규칙,20260918,N,289267,394,2의6,삭제 &lt;2022. 3. 18.&gt;,law_archive/B_추가검토/1_법률/08_조세특례제한법/3_시행규칙/서식/조세특례제한법_시행규칙_20260918_서식2의6_삭제.pdf,삭제별표
조세특례제한법 시행규칙,20260918,N,289267,394,2의7,삭제 &lt;2003.3.24&gt;,law_archive/B_추가검토/1_법률/08_조세특례제한법/3_시행규칙/서식/조세특례제한법_시행규칙_20260918_서식2의7_삭제.pdf,삭제별표
조세특례제한법 시행규칙,20260918,N,289267,394,3,"일반연구 및 인력개발비 명세서, 신성장ㆍ원천기술 연구개발비 명세서, 국가전략기술 연구개발비 명세서, 해당 연도의 일반 연구ㆍ인력개발비 발생 명세, 해당 연도의 신성장ㆍ원천기술 및 국가전략기술 연구개발비 발생 명세, 연구과제 총괄표, 연구개발 인력 인건비 명세서","law_archive/B_추가검토/1_법률/08_조세특례제한법/3_시행규칙/서식/조세특례제한법_시행규칙_20260918_서식3_일반연구및인력개발비명세서,신성장ㆍ원천기술연구개발비명세서,국가전략기술연구개.pdf",OK
조세특례제한법 시행규칙,20260918,N,289267,394,3의2,연구개발계획서(자율양식),law_archive/B_추가검토/1_법률/08_조세특례제한법/3_시행규칙/서식/조세특례제한법_시행규칙_20260918_서식3의2_연구개발계획서(자율양식).pdf,OK
조세특례제한법 시행규칙,20260918,N,289267,394,3의3,출연금 등 익금불산입명세서,law_archive/B_추가검토/1_법률/08_조세특례제한법/3_시행규칙/서식/조세특례제한법_시행규칙_20260918_서식3의3_출연금등익금불산입명세서.pdf,OK
조세특례제한법 시행규칙,20260918,N,289267,394,3의4,상생결제 지급금액에 대한 세액공제 공제세액계산서,law_archive/B_추가검토/1_법률/08_조세특례제한법/3_시행규칙/서식/조세특례제한법_시행규칙_20260918_서식3의4_상생결제지급금액에대한세액공제공제세액계산서.pdf,OK
조세특례제한법 시행규칙,20260918,N,289267,394,4,기술혁신형 합병에 대한 세액공제신청서 및 공제세액계산서,law_archive/B_추가검토/1_법률/08_조세특례제한법/3_시행규칙/서식/조세특례제한법_시행규칙_20260918_서식4_기술혁신형합병에대한세액공제신청서및공제세액계산서.pdf,OK
조세특례제한법 시행규칙,20260918,N,289267,394,4의2,기술혁신형 주식취득에 대한 세액공제신청서 및 공제세액계산서,law_archive/B_추가검토/1_법률/08_조세특례제한법/3_시행규칙/서식/조세특례제한법_시행규칙_20260918_서식4의2_기술혁신형주식취득에대한세액공제신청서및공제세액계산서.pdf,OK
조세특례제한법 시행규칙,20260918,N,289267,394,4의3,"벤처기업 출자자의 제2차 납세의무 면제 신청서, 벤처기업의 일반연구 및 인력개발비 명세서, 해당 연도의 연구ㆍ인력개발비 발생 명세","law_archive/B_추가검토/1_법률/08_조세특례제한법/3_시행규칙/서식/조세특례제한법_시행규칙_20260918_서식4의3_벤처기업출자자의제2차납세의무면제신청서,벤처기업의일반연구및인력개발비명세서.pdf",OK
조세특례제한법 시행규칙,20260918,N,289267,394,4의4,"벤처기업 출자자의 제2차 납세의무 면제신청 결과통지서, 벤처기업 출자자의 제2차 납세의무 면제결정 취소 통지서","law_archive/B_추가검토/1_법률/08_조세특례제한법/3_시행규칙/서식/조세특례제한법_시행규칙_20260918_서식4의4_벤처기업출자자의제2차납세의무면제신청결과통지서,벤처기업출자자의제2차납세의무.pdf",OK
조세특례제한법 시행규칙,20260918,N,289267,394,4의5,내국법인의 벤처기업 등 출자에 대한 세액공제신청서,law_archive/B_추가검토/1_법률/08_조세특례제한법/3_시행규칙/서식/조세특례제한법_시행규칙_20260918_서식4의5_내국법인의벤처기업등출자에대한세액공제신청서.pdf,OK
조세특례제한법 시행규칙,20260918,N,289267,394,5,"출자 등 소득공제 신청서, 출자 또는 투자확인서, 소득공제 시기 변경신청서","law_archive/B_추가검토/1_법률/08_조세특례제한법/3_시행규칙/서식/조세특례제한법_시행규칙_20260918_서식5_출자등소득공제신청서,출자또는투자확인서,소득공제시기변경신청서.pdf",OK
조세특례제한법 시행규칙,20260918,N,289267,394,6,출자지분등변경통지서,law_archive/B_추가검토/1_법률/08_조세특례제한법/3_시행규칙/서식/조세특례제한법_시행규칙_20260918_서식6_출자지분등변경통지서.pdf,OK
조세특례제한법 시행규칙,20260918,N,289267,394,6의2,벤처기업 주식매수선택권 행사이익 비과세 특례적용명세서,law_archive/B_추가검토/1_법률/08_조세특례제한법/3_시행규칙/서식/조세특례제한법_시행규칙_20260918_서식6의2_벤처기업주식매수선택권행사이익비과세특례적용명세서.pdf,OK
조세특례제한법 시행규칙,20260918,N,289267,394,6의3,벤처기업 주식매수선택권 행사이익 납부 특례적용신청서,law_archive/B_추가검토/1_법률/08_조세특례제한법/3_시행규칙/서식/조세특례제한법_시행규칙_20260918_서식6의3_벤처기업주식매수선택권행사이익납부특례적용신청서.pdf,OK
조세특례제한법 시행규칙,20260918,N,289267,394,6의4,벤처기업 주식매수선택권 행사이익 납부 특례적용대상명세서,law_archive/B_추가검토/1_법률/08_조세특례제한법/3_시행규칙/서식/조세특례제한법_시행규칙_20260918_서식6의4_벤처기업주식매수선택권행사이익납부특례적용대상명세서.pdf,OK
조세특례제한법 시행규칙,20260918,N,289267,394,6의5,특례적용신청서,law_archive/B_추가검토/1_법률/08_조세특례제한법/3_시행규칙/서식/조세특례제한법_시행규칙_20260918_서식6의5_특례적용신청서.pdf,OK
조세특례제한법 시행규칙,20260918,N,289267,394,6의6,주식매수선택권 전용계좌개설확인서,law_archive/B_추가검토/1_법률/08_조세특례제한법/3_시행규칙/서식/조세특례제한법_시행규칙_20260918_서식6의6_주식매수선택권전용계좌개설확인서.pdf,OK
조세특례제한법 시행규칙,20260918,N,289267,394,6의7,주식매수선택권 행사주식지급명세서,law_archive/B_추가검토/1_법률/08_조세특례제한법/3_시행규칙/서식/조세특례제한법_시행규칙_20260918_서식6의7_주식매수선택권행사주식지급명세서.pdf,OK
조세특례제한법 시행규칙,20260918,N,289267,394,6의8,특례적용대상명세서,law_archive/B_추가검토/1_법률/08_조세특례제한법/3_시행규칙/서식/조세특례제한법_시행규칙_20260918_서식6의8_특례적용대상명세서.pdf,OK
조세특례제한법 시행규칙,20260918,N,289267,394,6의9,주식매수선택권 전용계좌거래현황신고서,law_archive/B_추가검토/1_법률/08_조세특례제한법/3_시행규칙/서식/조세특례제한법_시행규칙_20260918_서식6의9_주식매수선택권전용계좌거래현황신고서.pdf,OK
조세특례제한법 시행규칙,20260918,N,289267,394,6의10,특례신청확인서,law_archive/B_추가검토/1_법률/08_조세특례제한법/3_시행규칙/서식/조세특례제한법_시행규칙_20260918_서식6의10_특례신청확인서.pdf,OK
조세특례제한법 시행규칙,20260918,N,289267,394,6의11,특례적용신청서,law_archive/B_추가검토/1_법률/08_조세특례제한법/3_시행규칙/서식/조세특례제한법_시행규칙_20260918_서식6의11_특례적용신청서.pdf,OK
조세특례제한법 시행규칙,20260918,N,289267,394,6의12,산업재산권 출자 전용계좌개설확인서,law_archive/B_추가검토/1_법률/08_조세특례제한법/3_시행규칙/서식/조세특례제한법_시행규칙_20260918_서식6의12_산업재산권출자전용계좌개설확인서.pdf,OK
조세특례제한법 시행규칙,20260918,N,289267,394,6의13,특례신청확인서,law_archive/B_추가검토/1_법률/08_조세특례제한법/3_시행규칙/서식/조세특례제한법_시행규칙_20260918_서식6의13_특례신청확인서.pdf,OK
조세특례제한법 시행규칙,20260918,N,289267,394,6의14,산업재산권 출자 주식지급명세서,law_archive/B_추가검토/1_법률/08_조세특례제한법/3_시행규칙/서식/조세특례제한법_시행규칙_20260918_서식6의14_산업재산권출자주식지급명세서.pdf,OK
조세특례제한법 시행규칙,20260918,N,289267,394,6의15,특례적용대상명세서,law_archive/B_추가검토/1_법률/08_조세특례제한법/3_시행규칙/서식/조세특례제한법_시행규칙_20260918_서식6의15_특례적용대상명세서.pdf,OK
조세특례제한법 시행규칙,20260918,N,289267,394,6의16,산업재산권 출자 주식 전용계좌거래현황신고서,law_archive/B_추가검토/1_법률/08_조세특례제한법/3_시행규칙/서식/조세특례제한법_시행규칙_20260918_서식6의16_산업재산권출자주식전용계좌거래현황신고서.pdf,OK
조세특례제한법 시행규칙,20260918,N,289267,394,6의17,"국제금융기구의 (이자소득, 배당소득, 양도소득, 기타소득)에 대한 비과세 신청서","law_archive/B_추가검토/1_법률/08_조세특례제한법/3_시행규칙/서식/조세특례제한법_시행규칙_20260918_서식6의17_국제금융기구의(이자소득,배당소득,양도소득,기타소득)에대한비과세신청서.pdf",OK
조세특례제한법 시행규칙,20260918,N,289267,394,6의18,"국제금융기구의 (이자소득, 배당소득, 양도소득, 기타소득)에 대한 비과세 적용을 위한 경정청구서","law_archive/B_추가검토/1_법률/08_조세특례제한법/3_시행규칙/서식/조세특례제한법_시행규칙_20260918_서식6의18_국제금융기구의(이자소득,배당소득,양도소득,기타소득)에대한비과세적용을위한경.pdf",OK
조세특례제한법 시행규칙,20260918,N,289267,394,7,외국인기술자의 근로소득세 감면신청서,law_archive/B_추가검토/1_법률/08_조세특례제한법/3_시행규칙/서식/조세특례제한법_시행규칙_20260918_서식7_외국인기술자의근로소득세감면신청서.pdf,OK
조세특례제한법 시행규칙,20260918,N,289267,394,7의2,내국인 우수 인력의 국내복귀에 대한 소득세 감면신청서,law_archive/B_추가검토/1_법률/08_조세특례제한법/3_시행규칙/서식/조세특례제한법_시행규칙_20260918_서식7의2_내국인우수인력의국내복귀에대한소득세감면신청서.pdf,OK
조세특례제한법 시행규칙,20260918,N,289267,394,8,외국인근로자 단일세율적용신청서,law_archive/B_추가검토/1_법률/08_조세특례제한법/3_시행규칙/서식/조세특례제한법_시행규칙_20260918_서식8_외국인근로자단일세율적용신청서.pdf,OK
조세특례제한법 시행규칙,20260918,N,289267,394,8의2,외국인근로자 단일세율적용 원천징수(포기)신청서,law_archive/B_추가검토/1_법률/08_조세특례제한법/3_시행규칙/서식/조세특례제한법_시행규칙_20260918_서식8의2_외국인근로자단일세율적용원천징수(포기)신청서.pdf,OK
조세특례제한법 시행규칙,20260918,N,289267,394,8의3,성과공유 중소기업의 경영성과급에 대한 세액공제 공제세액계산서,law_archive/B_추가검토/1_법률/08_조세특례제한법/3_시행규칙/서식/조세특례제한법_시행규칙_20260918_서식8의3_성과공유중소기업의경영성과급에대한세액공제공제세액계산서.pdf,OK
조세특례제한법 시행규칙,20260918,N,289267,394,8의4,성과공유 중소기업 경영성과급 소득세 감면 신청서,law_archive/B_추가검토/1_법률/08_조세특례제한법/3_시행규칙/서식/조세특례제한법_시행규칙_20260918_서식8의4_성과공유중소기업경영성과급소득세감면신청서.pdf,OK
조세특례제한법 시행규칙,20260918,N,289267,394,8의5,성과공유 중소기업 경영성과급 소득세 감면 대상 명세서,law_archive/B_추가검토/1_법률/08_조세특례제한법/3_시행규칙/서식/조세특례제한법_시행규칙_20260918_서식8의5_성과공유중소기업경영성과급소득세감면대상명세서.pdf,OK
조세특례제한법 시행규칙,20260918,N,289267,394,8의6,신성장기술 사업화를 위한 시설투자세액공제 공제세액계산서,law_archive/B_추가검토/1_법률/08_조세특례제한법/3_시행규칙/서식/조세특례제한법_시행규칙_20260918_서식8의6_신성장기술사업화를위한시설투자세액공제공제세액계산서.pdf,OK
조세특례제한법 시행규칙,20260918,N,289267,394,8의7,"영상콘텐츠 제작비용에 대한 세액공제 공제세액계산서, 영상콘텐츠 제작비용에 대한 세액공제 추가공제요건 명세서","law_archive/B_추가검토/1_법률/08_조세특례제한법/3_시행규칙/서식/조세특례제한법_시행규칙_20260918_서식8의7_영상콘텐츠제작비용에대한세액공제공제세액계산서,영상콘텐츠제작비용에대한세액공제.pdf",OK
조세특례제한법 시행규칙,20260918,N,289267,394,8의8,초연결 네트워크 구축을 위한 시설투자 세액공제신청서,law_archive/B_추가검토/1_법률/08_조세특례제한법/3_시행규칙/서식/조세특례제한법_시행규칙_20260918_서식8의8_초연결네트워크구축을위한시설투자세액공제신청서.pdf,OK
조세특례제한법 시행규칙,20260918,N,289267,394,8의9,통합투자세액공제신청서,law_archive/B_추가검토/1_법률/08_조세특례제한법/3_시행규칙/서식/조세특례제한법_시행규칙_20260918_서식8의9_통합투자세액공제신청서.pdf,OK
조세특례제한법 시행규칙,20260918,N,289267,394,8의10,신성장사업화시설 및 국가전략기술사업화시설 생산량 실적 자료,law_archive/B_추가검토/1_법률/08_조세특례제한법/3_시행규칙/서식/조세특례제한법_시행규칙_20260918_서식8의10_신성장사업화시설및국가전략기술사업화시설생산량실적자료.pdf,OK
조세특례제한법 시행규칙,20260918,N,289267,394,8의11,문화산업전문회사에의 출자에 대한 세액공제신청서 및 공제세액계산서,law_archive/B_추가검토/1_법률/08_조세특례제한법/3_시행규칙/서식/조세특례제한법_시행규칙_20260918_서식8의11_문화산업전문회사에의출자에대한세액공제신청서및공제세액계산서.pdf,OK
조세특례제한법 시행규칙,20260918,N,289267,394,8의12,신성장연구개발시설 및 국가전략기술연구개발시설 사용시간 실적 자료,law_archive/B_추가검토/1_법률/08_조세특례제한법/3_시행규칙/서식/조세특례제한법_시행규칙_20260918_서식8의12_신성장연구개발시설및국가전략기술연구개발시설사용시간실적자료.pdf,OK
조세특례제한법 시행규칙,20260918,N,289267,394,8의13,국가전략기술사업화시설 서비스제공시간 실적 자료,law_archive/B_추가검토/1_법률/08_조세특례제한법/3_시행규칙/서식/조세특례제한법_시행규칙_20260918_서식8의13_국가전략기술사업화시설서비스제공시간실적자료.pdf,OK
조세특례제한법 시행규칙,20260918,N,289267,394,8의14,웹툰콘텐츠 제작비용에 대한 세액공제 공제세액계산서,law_archive/B_추가검토/1_법률/08_조세특례제한법/3_시행규칙/서식/조세특례제한법_시행규칙_20260918_서식8의14_웹툰콘텐츠제작비용에대한세액공제공제세액계산서.pdf,OK
조세특례제한법 시행규칙,20260918,N,289267,394,9,고용창출투자세액공제 공제세액계산서,law_archive/B_추가검토/1_법률/08_조세특례제한법/3_시행규칙/서식/조세특례제한법_시행규칙_20260918_서식9_고용창출투자세액공제공제세액계산서.pdf,OK
조세특례제한법 시행규칙,20260918,N,289267,394,9의2,중간예납세액신고서,law_archive/B_추가검토/1_법률/08_조세특례제한법/3_시행규칙/서식/조세특례제한법_시행규칙_20260918_서식9의2_중간예납세액신고서.pdf,OK
조세특례제한법 시행규칙,20260918,N,289267,394,9의3,삭제 &lt;2024. 12. 31.&gt;,law_archive/B_추가검토/1_법률/08_조세특례제한법/3_시행규칙/서식/조세특례제한법_시행규칙_20260918_서식9의3_삭제.pdf,삭제별표
조세특례제한법 시행규칙,20260918,N,289267,394,9의4,"감가상각비조정명세서(정률법), 감가상각비조정명세서(정액법), 감가상각비조정명세서합계표","law_archive/B_추가검토/1_법률/08_조세특례제한법/3_시행규칙/서식/조세특례제한법_시행규칙_20260918_서식9의4_감가상각비조정명세서(정률법),감가상각비조정명세서(정액법),감가상각비조정명.pdf",OK
조세특례제한법 시행규칙,20260918,N,289267,394,9의5,내용연수 특례적용 신청서,law_archive/B_추가검토/1_법률/08_조세특례제한법/3_시행규칙/서식/조세특례제한법_시행규칙_20260918_서식9의5_내용연수특례적용신청서.pdf,OK
조세특례제한법 시행규칙,20260918,N,289267,394,10,산업수요맞춤형 고등학교등 졸업자 복직 기업 세액공제신청서,law_archive/B_추가검토/1_법률/08_조세특례제한법/3_시행규칙/서식/조세특례제한법_시행규칙_20260918_서식10_산업수요맞춤형고등학교등졸업자복직기업세액공제신청서.pdf,OK
조세특례제한법 시행규칙,20260918,N,289267,394,10의2,"경력단절 여성 고용 기업 세액공제신청서,육아휴직 후 고용유지기업 세액공제신청서","law_archive/B_추가검토/1_법률/08_조세특례제한법/3_시행규칙/서식/조세특례제한법_시행규칙_20260918_서식10의2_경력단절여성고용기업세액공제신청서,육아휴직후고용유지기업세액공제신청서.pdf",OK
조세특례제한법 시행규칙,20260918,N,289267,394,10의3,근로소득 증대 기업에 대한 세액공제신청서,law_archive/B_추가검토/1_법률/08_조세특례제한법/3_시행규칙/서식/조세특례제한법_시행규칙_20260918_서식10의3_근로소득증대기업에대한세액공제신청서.pdf,OK
조세특례제한법 시행규칙,20260918,N,289267,394,10의4,정규직 전환 근로자의 임금 증가액에 대한 세액공제신청서,law_archive/B_추가검토/1_법률/08_조세특례제한법/3_시행규칙/서식/조세특례제한법_시행규칙_20260918_서식10의4_정규직전환근로자의임금증가액에대한세액공제신청서.pdf,OK
조세특례제한법 시행규칙,20260918,N,289267,394,10의5,청년고용 증대 기업에 대한 공제세액계산서,law_archive/B_추가검토/1_법률/08_조세특례제한법/3_시행규칙/서식/조세특례제한법_시행규칙_20260918_서식10의5_청년고용증대기업에대한공제세액계산서.pdf,OK
조세특례제한법 시행규칙,20260918,N,289267,394,10의6,중소기업 청년근로자 및 핵심인력 성과보상기금 수령액에 대한 소득세 감면신청서,law_archive/B_추가검토/1_법률/08_조세특례제한법/3_시행규칙/서식/조세특례제한법_시행규칙_20260918_서식10의6_중소기업청년근로자및핵심인력성과보상기금수령액에대한소득세감면신청서.pdf,OK
조세특례제한법 시행규칙,20260918,N,289267,394,10의7,중소기업 청년근로자 및 핵심인력 성과보상기금 수령액에 대한 소득세 감면 대상 명세서,law_archive/B_추가검토/1_법률/08_조세특례제한법/3_시행규칙/서식/조세특례제한법_시행규칙_20260918_서식10의7_중소기업청년근로자및핵심인력성과보상기금수령액에대한소득세감면대상명세서.pdf,OK
조세특례제한법 시행규칙,20260918,N,289267,394,10의8,고용 증대 기업에 대한 공제세액계산서,law_archive/B_추가검토/1_법률/08_조세특례제한법/3_시행규칙/서식/조세특례제한법_시행규칙_20260918_서식10의8_고용증대기업에대한공제세액계산서.pdf,OK
조세특례제한법 시행규칙,20260918,N,289267,394,10의9,통합고용세액공제 공제세액계산서,law_archive/B_추가검토/1_법률/08_조세특례제한법/3_시행규칙/서식/조세특례제한법_시행규칙_20260918_서식10의9_통합고용세액공제공제세액계산서.pdf,OK
조세특례제한법 시행규칙,20260918,N,289267,394,10의10,통합고용세액공제 상시근로자 명세서,law_archive/B_추가검토/1_법률/08_조세특례제한법/3_시행규칙/서식/조세특례제한법_시행규칙_20260918_서식10의10_통합고용세액공제상시근로자명세서.pdf,OK
조세특례제한법 시행규칙,20260918,N,289267,394,11,중소기업 취업자 소득세 감면신청서,law_archive/B_추가검토/1_법률/08_조세특례제한법/3_시행규칙/서식/조세특례제한법_시행규칙_20260918_서식11_중소기업취업자소득세감면신청서.pdf,OK
조세특례제한법 시행규칙,20260918,N,289267,394,11의2,중소기업 취업자 소득세 감면 대상 명세서,law_archive/B_추가검토/1_법률/08_조세특례제한법/3_시행규칙/서식/조세특례제한법_시행규칙_20260918_서식11의2_중소기업취업자소득세감면대상명세서.pdf,OK
조세특례제한법 시행규칙,20260918,N,289267,394,11의3,중소기업 취업자 소득세 감면 부적격 대상 퇴직자 명세서,law_archive/B_추가검토/1_법률/08_조세특례제한법/3_시행규칙/서식/조세특례제한법_시행규칙_20260918_서식11의3_중소기업취업자소득세감면부적격대상퇴직자명세서.pdf,OK
조세특례제한법 시행규칙,20260918,N,289267,394,11의4,고용유지기업 세액공제신청서,law_archive/B_추가검토/1_법률/08_조세특례제한법/3_시행규칙/서식/조세특례제한법_시행규칙_20260918_서식11의4_고용유지기업세액공제신청서.pdf,OK
조세특례제한법 시행규칙,20260918,N,289267,394,11의5,중소기업 고용증가 인원에 대한 사회보험료 세액공제 공제세액계산서,law_archive/B_추가검토/1_법률/08_조세특례제한법/3_시행규칙/서식/조세특례제한법_시행규칙_20260918_서식11의5_중소기업고용증가인원에대한사회보험료세액공제공제세액계산서.pdf,OK
조세특례제한법 시행규칙,20260918,N,289267,394,11의6,"창업자금(특례신청서, 사용내역서), 신규 고용명세서","law_archive/B_추가검토/1_법률/08_조세특례제한법/3_시행규칙/서식/조세특례제한법_시행규칙_20260918_서식11의6_창업자금(특례신청서,사용내역서),신규고용명세서.pdf",OK
조세특례제한법 시행규칙,20260918,N,289267,394,11의7,창업자금 증여세 과세특례 위반사유 신고 및 자진납부 계산서,law_archive/B_추가검토/1_법률/08_조세특례제한법/3_시행규칙/서식/조세특례제한법_시행규칙_20260918_서식11의7_창업자금증여세과세특례위반사유신고및자진납부계산서.pdf,OK
조세특례제한법 시행규칙,20260918,N,289267,394,11의8,가업승계 주식 등 증여세 과세특례 적용신청서,law_archive/B_추가검토/1_법률/08_조세특례제한법/3_시행규칙/서식/조세특례제한법_시행규칙_20260918_서식11의8_가업승계주식등증여세과세특례적용신청서.pdf,OK
조세특례제한법 시행규칙,20260918,N,289267,394,11의9,중소기업 사회보험 신규가입에 대한 사회보험료 세액공제 공제세액계산서,law_archive/B_추가검토/1_법률/08_조세특례제한법/3_시행규칙/서식/조세특례제한법_시행규칙_20260918_서식11의9_중소기업사회보험신규가입에대한사회보험료세액공제공제세액계산서.pdf,OK
조세특례제한법 시행규칙,20260918,N,289267,394,11의10,가업승계 증여세 과세특례 추징사유 신고 및 자진납부 계산서,law_archive/B_추가검토/1_법률/08_조세특례제한법/3_시행규칙/서식/조세특례제한법_시행규칙_20260918_서식11의10_가업승계증여세과세특례추징사유신고및자진납부계산서.pdf,OK
조세특례제한법 시행규칙,20260918,N,289267,394,11의11,가업승계 증여세 납부유예신청서,law_archive/B_추가검토/1_법률/08_조세특례제한법/3_시행규칙/서식/조세특례제한법_시행규칙_20260918_서식11의11_가업승계증여세납부유예신청서.pdf,OK
조세특례제한법 시행규칙,20260918,N,289267,394,11의12,"가업승계 증여세 납부유예(허가, 불허가) 통지서","law_archive/B_추가검토/1_법률/08_조세특례제한법/3_시행규칙/서식/조세특례제한법_시행규칙_20260918_서식11의12_가업승계증여세납부유예(허가,불허가)통지서.pdf",OK
조세특례제한법 시행규칙,20260918,N,289267,394,11의13,납부유예 사후관리추징사유 신고 및 자진납부 계산서,law_archive/B_추가검토/1_법률/08_조세특례제한법/3_시행규칙/서식/조세특례제한법_시행규칙_20260918_서식11의13_납부유예사후관리추징사유신고및자진납부계산서.pdf,OK
조세특례제한법 시행규칙,20260918,N,289267,394,12,이월과세적용 신청서,law_archive/B_추가검토/1_법률/08_조세특례제한법/3_시행규칙/서식/조세특례제한법_시행규칙_20260918_서식12_이월과세적용신청서.pdf,OK
조세특례제한법 시행규칙,20260918,N,289267,394,12의2,양도차익명세 및 분할익금산입조정명세서,law_archive/B_추가검토/1_법률/08_조세특례제한법/3_시행규칙/서식/조세특례제한법_시행규칙_20260918_서식12의2_양도차익명세및분할익금산입조정명세서.pdf,OK
조세특례제한법 시행규칙,20260918,N,289267,394,12의3,사업전환[예정]명세서,law_archive/B_추가검토/1_법률/08_조세특례제한법/3_시행규칙/서식/조세특례제한법_시행규칙_20260918_서식12의3_사업전환[예정]명세서.pdf,OK
조세특례제한법 시행규칙,20260918,N,289267,394,12의4,과세이연신청서,law_archive/B_추가검토/1_법률/08_조세특례제한법/3_시행규칙/서식/조세특례제한법_시행규칙_20260918_서식12의4_과세이연신청서.pdf,OK
조세특례제한법 시행규칙,20260918,N,289267,394,12의5,사업전환완료보고서,law_archive/B_추가검토/1_법률/08_조세특례제한법/3_시행규칙/서식/조세특례제한법_시행규칙_20260918_서식12의5_사업전환완료보고서.pdf,OK
조세특례제한법 시행규칙,20260918,N,289267,394,13,현물출자 등에 대한 세액감면(면제)신청서,law_archive/B_추가검토/1_법률/08_조세특례제한법/3_시행규칙/서식/조세특례제한법_시행규칙_20260918_서식13_현물출자등에대한세액감면(면제)신청서.pdf,OK
조세특례제한법 시행규칙,20260918,N,289267,394,14,개발제한구역 지정에 따른 매수대상 토지 등에 대한 세액감면신청서,law_archive/B_추가검토/1_법률/08_조세특례제한법/3_시행규칙/서식/조세특례제한법_시행규칙_20260918_서식14_개발제한구역지정에따른매수대상토지등에대한세액감면신청서.pdf,OK
조세특례제한법 시행규칙,20260918,N,289267,394,15,이전완료 보고서,law_archive/B_추가검토/1_법률/08_조세특례제한법/3_시행규칙/서식/조세특례제한법_시행규칙_20260918_서식15_이전완료보고서.pdf,OK
조세특례제한법 시행규칙,20260918,N,289267,394,15의2,이전 (예정) 명세서,law_archive/B_추가검토/1_법률/08_조세특례제한법/3_시행규칙/서식/조세특례제한법_시행규칙_20260918_서식15의2_이전(예정)명세서.pdf,OK
조세특례제한법 시행규칙,20260918,N,289267,394,16,이전계획서,law_archive/B_추가검토/1_법률/08_조세특례제한법/3_시행규칙/서식/조세특례제한법_시행규칙_20260918_서식16_이전계획서.pdf,OK
조세특례제한법 시행규칙,20260918,N,289267,394,17,명목회사설립(변경)신고서,law_archive/B_추가검토/1_법률/08_조세특례제한법/3_시행규칙/서식/조세특례제한법_시행규칙_20260918_서식17_명목회사설립(변경)신고서.pdf,OK
조세특례제한법 시행규칙,20260918,N,289267,394,18,프로젝트금융투자회사에 대한 소득공제신청서,law_archive/B_추가검토/1_법률/08_조세특례제한법/3_시행규칙/서식/조세특례제한법_시행규칙_20260918_서식18_프로젝트금융투자회사에대한소득공제신청서.pdf,OK
조세특례제한법 시행규칙,20260918,N,289267,394,19,소재·부품·장비 전문기업에의 출자에 대한 세액공제신청서 및 공제세액계산서,law_archive/B_추가검토/1_법률/08_조세특례제한법/3_시행규칙/서식/조세특례제한법_시행규칙_20260918_서식19_소재·부품·장비전문기업에의출자에대한세액공제신청서및공제세액계산서.pdf,OK
조세특례제한법 시행규칙,20260918,N,289267,394,20,소재ㆍ부품ㆍ장비 등 외국법인에의 인수에 대한 세액공제신청서 및 공제세액계산서,law_archive/B_추가검토/1_법률/08_조세특례제한법/3_시행규칙/서식/조세특례제한법_시행규칙_20260918_서식20_소재ㆍ부품ㆍ장비등외국법인에의인수에대한세액공제신청서및공제세액계산서.pdf,OK
조세특례제한법 시행규칙,20260918,N,289267,394,21,"채무상환(예정)명세서, 금융기관부채상환(예정)명세서","law_archive/B_추가검토/1_법률/08_조세특례제한법/3_시행규칙/서식/조세특례제한법_시행규칙_20260918_서식21_채무상환(예정)명세서,금융기관부채상환(예정)명세서.pdf",OK
조세특례제한법 시행규칙,20260918,N,289267,394,21의2,재무구조개선계획서,law_archive/B_추가검토/1_법률/08_조세특례제한법/3_시행규칙/서식/조세특례제한법_시행규칙_20260918_서식21의2_재무구조개선계획서.pdf,OK
조세특례제한법 시행규칙,20260918,N,289267,394,22,재무구조개선계획 이행보고서,law_archive/B_추가검토/1_법률/08_조세특례제한법/3_시행규칙/서식/조세특례제한법_시행규칙_20260918_서식22_재무구조개선계획이행보고서.pdf,OK
조세특례제한법 시행규칙,20260918,N,289267,394,22의2,양도차익명세서 및 분할익금산입조정명세서,law_archive/B_추가검토/1_법률/08_조세특례제한법/3_시행규칙/서식/조세특례제한법_시행규칙_20260918_서식22의2_양도차익명세서및분할익금산입조정명세서.pdf,OK
조세특례제한법 시행규칙,20260918,N,289267,394,23,자산의 포괄적 양도 과세특례신청서,law_archive/B_추가검토/1_법률/08_조세특례제한법/3_시행규칙/서식/조세특례제한법_시행규칙_20260918_서식23_자산의포괄적양도과세특례신청서.pdf,OK
조세특례제한법 시행규칙,20260918,N,289267,394,23의2,자산조정계정 명세서,law_archive/B_추가검토/1_법률/08_조세특례제한법/3_시행규칙/서식/조세특례제한법_시행규칙_20260918_서식23의2_자산조정계정명세서.pdf,OK
조세특례제한법 시행규칙,20260918,N,289267,394,23의3,주식의 포괄적 교환등 과세특례신청서,law_archive/B_추가검토/1_법률/08_조세특례제한법/3_시행규칙/서식/조세특례제한법_시행규칙_20260918_서식23의3_주식의포괄적교환등과세특례신청서.pdf,OK
조세특례제한법 시행규칙,20260918,N,289267,394,23의4,완전자회사 주식의 장부가액 합계액 계산서,law_archive/B_추가검토/1_법률/08_조세특례제한법/3_시행규칙/서식/조세특례제한법_시행규칙_20260918_서식23의4_완전자회사주식의장부가액합계액계산서.pdf,OK
조세특례제한법 시행규칙,20260918,N,289267,394,23의5,자회사 주식의 장부가액 계산서,law_archive/B_추가검토/1_법률/08_조세특례제한법/3_시행규칙/서식/조세특례제한법_시행규칙_20260918_서식23의5_자회사주식의장부가액계산서.pdf,OK
조세특례제한법 시행규칙,20260918,N,289267,394,23의6,주식등 현물출자 양도차익명세서 및 손금산입조정명세서,law_archive/B_추가검토/1_법률/08_조세특례제한법/3_시행규칙/서식/조세특례제한법_시행규칙_20260918_서식23의6_주식등현물출자양도차익명세서및손금산입조정명세서.pdf,OK
조세특례제한법 시행규칙,20260918,N,289267,394,24,동업기업 과세특례적용 및 동업자 과세여부 확인서,law_archive/B_추가검토/1_법률/08_조세특례제한법/3_시행규칙/서식/조세특례제한법_시행규칙_20260918_서식24_동업기업과세특례적용및동업자과세여부확인서.pdf,OK
조세특례제한법 시행규칙,20260918,N,289267,394,25,재무구조개선(자구)계획이행상황명세서,law_archive/B_추가검토/1_법률/08_조세특례제한법/3_시행규칙/서식/조세특례제한법_시행규칙_20260918_서식25_재무구조개선(자구)계획이행상황명세서.pdf,OK
조세특례제한법 시행규칙,20260918,N,289267,394,26,현물출자명세서,law_archive/B_추가검토/1_법률/08_조세특례제한법/3_시행규칙/서식/조세특례제한법_시행규칙_20260918_서식26_현물출자명세서.pdf,OK
조세특례제한법 시행규칙,20260918,N,289267,394,26의2,현물출자등 과세특례신청서,law_archive/B_추가검토/1_법률/08_조세특례제한법/3_시행규칙/서식/조세특례제한법_시행규칙_20260918_서식26의2_현물출자등과세특례신청서.pdf,OK
조세특례제한법 시행규칙,20260918,N,289267,394,26의3,현물출자등 과세특례신청서,law_archive/B_추가검토/1_법률/08_조세특례제한법/3_시행규칙/서식/조세특례제한법_시행규칙_20260918_서식26의3_현물출자등과세특례신청서.pdf,OK
조세특례제한법 시행규칙,20260918,N,289267,394,27,재무구조개선계획서,law_archive/B_추가검토/1_법률/08_조세특례제한법/3_시행규칙/서식/조세특례제한법_시행규칙_20260918_서식27_재무구조개선계획서.pdf,OK
조세특례제한법 시행규칙,20260918,N,289267,394,28,재무구조개선계획 이행보고서,law_archive/B_추가검토/1_법률/08_조세특례제한법/3_시행규칙/서식/조세특례제한법_시행규칙_20260918_서식28_재무구조개선계획이행보고서.pdf,OK
조세특례제한법 시행규칙,20260918,N,289267,394,29,법인 양도ㆍ양수(청산)계획서,law_archive/B_추가검토/1_법률/08_조세특례제한법/3_시행규칙/서식/조세특례제한법_시행규칙_20260918_서식29_법인양도ㆍ양수(청산)계획서.pdf,OK
조세특례제한법 시행규칙,20260918,N,289267,394,30,채무인수ㆍ변제명세서,law_archive/B_추가검토/1_법률/08_조세특례제한법/3_시행규칙/서식/조세특례제한법_시행규칙_20260918_서식30_채무인수ㆍ변제명세서.pdf,OK
조세특례제한법 시행규칙,20260918,N,289267,394,31,세액감면신청서,law_archive/B_추가검토/1_법률/08_조세특례제한법/3_시행규칙/서식/조세특례제한법_시행규칙_20260918_서식31_세액감면신청서.pdf,OK
조세특례제한법 시행규칙,20260918,N,289267,394,31의2,분할익금산입조정명세서,law_archive/B_추가검토/1_법률/08_조세특례제한법/3_시행규칙/서식/조세특례제한법_시행규칙_20260918_서식31의2_분할익금산입조정명세서.pdf,OK
조세특례제한법 시행규칙,20260918,N,289267,394,32,재무구조개선계획서,law_archive/B_추가검토/1_법률/08_조세특례제한법/3_시행규칙/서식/조세특례제한법_시행규칙_20260918_서식32_재무구조개선계획서.pdf,OK
조세특례제한법 시행규칙,20260918,N,289267,394,32의2,삭제 &lt;2008.4.29&gt;,law_archive/B_추가검토/1_법률/08_조세특례제한법/3_시행규칙/서식/조세특례제한법_시행규칙_20260918_서식32의2_삭제.pdf,삭제별표
조세특례제한법 시행규칙,20260918,N,289267,394,33,"수증자산명세서,채무상환(예정)명세서 및 분할익금산입조정명세서","law_archive/B_추가검토/1_법률/08_조세특례제한법/3_시행규칙/서식/조세특례제한법_시행규칙_20260918_서식33_수증자산명세서,채무상환(예정)명세서및분할익금산입조정명세서.pdf",OK
조세특례제한법 시행규칙,20260918,N,289267,394,33의2,삭제 &lt;2008.4.29&gt;,law_archive/B_추가검토/1_법률/08_조세특례제한법/3_시행규칙/서식/조세특례제한법_시행규칙_20260918_서식33의2_삭제.pdf,삭제별표
조세특례제한법 시행규칙,20260918,N,289267,394,34,채무상환(예정)명세서,law_archive/B_추가검토/1_법률/08_조세특례제한법/3_시행규칙/서식/조세특례제한법_시행규칙_20260918_서식34_채무상환(예정)명세서.pdf,OK
조세특례제한법 시행규칙,20260918,N,289267,394,35,세액감면신청서,law_archive/B_추가검토/1_법률/08_조세특례제한법/3_시행규칙/서식/조세특례제한법_시행규칙_20260918_서식35_세액감면신청서.pdf,OK
조세특례제한법 시행규칙,20260918,N,289267,394,36,삭제 &lt;2002.3.30&gt;,law_archive/B_추가검토/1_법률/08_조세특례제한법/3_시행규칙/서식/조세특례제한법_시행규칙_20260918_서식36_삭제.pdf,삭제별표
조세특례제한법 시행규칙,20260918,N,289267,394,37,구조조정대상부동산등세액감면신청서,law_archive/B_추가검토/1_법률/08_조세특례제한법/3_시행규칙/서식/조세특례제한법_시행규칙_20260918_서식37_구조조정대상부동산등세액감면신청서.pdf,OK
조세특례제한법 시행규칙,20260918,N,289267,394,37의2,양도차익명세서 및 손금산입조정명세서,law_archive/B_추가검토/1_법률/08_조세특례제한법/3_시행규칙/서식/조세특례제한법_시행규칙_20260918_서식37의2_양도차익명세서및손금산입조정명세서.pdf,OK
조세특례제한법 시행규칙,20260918,N,289267,394,38,채무면제명세서,law_archive/B_추가검토/1_법률/08_조세특례제한법/3_시행규칙/서식/조세특례제한법_시행규칙_20260918_서식38_채무면제명세서.pdf,OK
조세특례제한법 시행규칙,20260918,N,289267,394,38의2,삭제 &lt;2017. 3. 17.&gt;,law_archive/B_추가검토/1_법률/08_조세특례제한법/3_시행규칙/서식/조세특례제한법_시행규칙_20260918_서식38의2_삭제.pdf,삭제별표
조세특례제한법 시행규칙,20260918,N,289267,394,39,수증자산명세서 및 세액감면신청서,law_archive/B_추가검토/1_법률/08_조세특례제한법/3_시행규칙/서식/조세특례제한법_시행규칙_20260918_서식39_수증자산명세서및세액감면신청서.pdf,OK
조세특례제한법 시행규칙,20260918,N,289267,394,39의2,재무구조개선계획서,law_archive/B_추가검토/1_법률/08_조세특례제한법/3_시행규칙/서식/조세특례제한법_시행규칙_20260918_서식39의2_재무구조개선계획서.pdf,OK
조세특례제한법 시행규칙,20260918,N,289267,394,40,재무구조개선계획서,law_archive/B_추가검토/1_법률/08_조세특례제한법/3_시행규칙/서식/조세특례제한법_시행규칙_20260918_서식40_재무구조개선계획서.pdf,OK
조세특례제한법 시행규칙,20260918,N,289267,394,40의2,재무구조개선계획이행보고서,law_archive/B_추가검토/1_법률/08_조세특례제한법/3_시행규칙/서식/조세특례제한법_시행규칙_20260918_서식40의2_재무구조개선계획이행보고서.pdf,OK
조세특례제한법 시행규칙,20260918,N,289267,394,40의3,주식등 양도ㆍ양수 명세서,law_archive/B_추가검토/1_법률/08_조세특례제한법/3_시행규칙/서식/조세특례제한법_시행규칙_20260918_서식40의3_주식등양도ㆍ양수명세서.pdf,OK
조세특례제한법 시행규칙,20260918,N,289267,394,40의4,과세이연신청서,law_archive/B_추가검토/1_법률/08_조세특례제한법/3_시행규칙/서식/조세특례제한법_시행규칙_20260918_서식40의4_과세이연신청서.pdf,OK
조세특례제한법 시행규칙,20260918,N,289267,394,41,벤처기업(물류기업)주식교환등주식양도차익과세이연신청서,law_archive/B_추가검토/1_법률/08_조세특례제한법/3_시행규칙/서식/조세특례제한법_시행규칙_20260918_서식41_벤처기업(물류기업)주식교환등주식양도차익과세이연신청서.pdf,OK
조세특례제한법 시행규칙,20260918,N,289267,394,41의2,고정자산취득(예정)명세서,law_archive/B_추가검토/1_법률/08_조세특례제한법/3_시행규칙/서식/조세특례제한법_시행규칙_20260918_서식41의2_고정자산취득(예정)명세서.pdf,OK
조세특례제한법 시행규칙,20260918,N,289267,394,41의3,고정자산취득완료보고서,law_archive/B_추가검토/1_법률/08_조세특례제한법/3_시행규칙/서식/조세특례제한법_시행규칙_20260918_서식41의3_고정자산취득완료보고서.pdf,OK
조세특례제한법 시행규칙,20260918,N,289267,394,41의4,벤처기업등 주식교환ㆍ현물출자 주식양도차익 과세이연신청서,law_archive/B_추가검토/1_법률/08_조세특례제한법/3_시행규칙/서식/조세특례제한법_시행규칙_20260918_서식41의4_벤처기업등주식교환ㆍ현물출자주식양도차익과세이연신청서.pdf,OK
조세특례제한법 시행규칙,20260918,N,289267,394,41의5,"벤처기업 재투자 주식양도차익 과세이연신청서, 재투자 확인서","law_archive/B_추가검토/1_법률/08_조세특례제한법/3_시행규칙/서식/조세특례제한법_시행규칙_20260918_서식41의5_벤처기업재투자주식양도차익과세이연신청서,재투자확인서.pdf",OK
조세특례제한법 시행규칙,20260918,N,289267,394,41의6,벤처기업 복수의결권주식 취득에 따른 양도차익 과세이연신청서,law_archive/B_추가검토/1_법률/08_조세특례제한법/3_시행규칙/서식/조세특례제한법_시행규칙_20260918_서식41의6_벤처기업복수의결권주식취득에따른양도차익과세이연신청서.pdf,OK
조세특례제한법 시행규칙,20260918,N,289267,394,42,손실보전준비금명세서,law_archive/B_추가검토/1_법률/08_조세특례제한법/3_시행규칙/서식/조세특례제한법_시행규칙_20260918_서식42_손실보전준비금명세서.pdf,OK
조세특례제한법 시행규칙,20260918,N,289267,394,42의2,삭제 &lt;2009.4.7&gt;,law_archive/B_추가검토/1_법률/08_조세특례제한법/3_시행규칙/서식/조세특례제한법_시행규칙_20260918_서식42의2_삭제.pdf,삭제별표
조세특례제한법 시행규칙,20260918,N,289267,394,43,소득공제신청서,law_archive/B_추가검토/1_법률/08_조세특례제한법/3_시행규칙/서식/조세특례제한법_시행규칙_20260918_서식43_소득공제신청서.pdf,OK
조세특례제한법 시행규칙,20260918,N,289267,394,44,삭제 &lt;2008.4.29&gt;,law_archive/B_추가검토/1_법률/08_조세특례제한법/3_시행규칙/서식/조세특례제한법_시행규칙_20260918_서식44_삭제.pdf,삭제별표
조세특례제한법 시행규칙,20260918,N,289267,394,45,"본사처분대금사용(계획서, 명세서)","law_archive/B_추가검토/1_법률/08_조세특례제한법/3_시행규칙/서식/조세특례제한법_시행규칙_20260918_서식45_본사처분대금사용(계획서,명세서).pdf",OK
조세특례제한법 시행규칙,20260918,N,289267,394,45의2,토지등 양도차익명세서,law_archive/B_추가검토/1_법률/08_조세특례제한법/3_시행규칙/서식/조세특례제한법_시행규칙_20260918_서식45의2_토지등양도차익명세서.pdf,OK
조세특례제한법 시행규칙,20260918,N,289267,394,45의3,혁신도시로 이전하는 공공기관의 감면세액계산서,law_archive/B_추가검토/1_법률/08_조세특례제한법/3_시행규칙/서식/조세특례제한법_시행규칙_20260918_서식45의3_혁신도시로이전하는공공기관의감면세액계산서.pdf,OK
조세특례제한법 시행규칙,20260918,N,289267,394,46,삭제 &lt;2021. 3. 16.&gt;,law_archive/B_추가검토/1_법률/08_조세특례제한법/3_시행규칙/서식/조세특례제한법_시행규칙_20260918_서식46_삭제.pdf,삭제별표
조세특례제한법 시행규칙,20260918,N,289267,394,46의2,"공장 및 본사를 수도권 밖으로 이전하는 기업에 대한 감면세액계산서, 이전본사 근무인원 명세","law_archive/B_추가검토/1_법률/08_조세특례제한법/3_시행규칙/서식/조세특례제한법_시행규칙_20260918_서식46의2_공장및본사를수도권밖으로이전하는기업에대한감면세액계산서,이전본사근무인원명세.pdf",OK
조세특례제한법 시행규칙,20260918,N,289267,394,46의3,삭제 &lt;2002.3.30&gt;,law_archive/B_추가검토/1_법률/08_조세특례제한법/3_시행규칙/서식/조세특례제한법_시행규칙_20260918_서식46의3_삭제.pdf,삭제별표
조세특례제한법 시행규칙,20260918,N,289267,394,47,영농조합법인 면제세액계산서,law_archive/B_추가검토/1_법률/08_조세특례제한법/3_시행규칙/서식/조세특례제한법_시행규칙_20260918_서식47_영농조합법인면제세액계산서.pdf,OK
조세특례제한법 시행규칙,20260918,N,289267,394,48,세액면제신청서 (영어조합법인이 지급하는 배당소득),law_archive/B_추가검토/1_법률/08_조세특례제한법/3_시행규칙/서식/조세특례제한법_시행규칙_20260918_서식48_세액면제신청서(영어조합법인이지급하는배당소득).pdf,OK
조세특례제한법 시행규칙,20260918,N,289267,394,49,영어조합법인 면제세액계산서,law_archive/B_추가검토/1_법률/08_조세특례제한법/3_시행규칙/서식/조세특례제한법_시행규칙_20260918_서식49_영어조합법인면제세액계산서.pdf,OK
조세특례제한법 시행규칙,20260918,N,289267,394,50,세액면제신청서 (영어조합법인이 지급하는 배당소득),law_archive/B_추가검토/1_법률/08_조세특례제한법/3_시행규칙/서식/조세특례제한법_시행규칙_20260918_서식50_세액면제신청서(영어조합법인이지급하는배당소득).pdf,OK
조세특례제한법 시행규칙,20260918,N,289267,394,50의2,농업회사법인 면제세액계산서,law_archive/B_추가검토/1_법률/08_조세특례제한법/3_시행규칙/서식/조세특례제한법_시행규칙_20260918_서식50의2_농업회사법인면제세액계산서.pdf,OK
조세특례제한법 시행규칙,20260918,N,289267,394,51,세액면제신청서 (농업회사법인이 지급하는 배당소득),law_archive/B_추가검토/1_법률/08_조세특례제한법/3_시행규칙/서식/조세특례제한법_시행규칙_20260918_서식51_세액면제신청서(농업회사법인이지급하는배당소득).pdf,OK
조세특례제한법 시행규칙,20260918,N,289267,394,51의2,축산기간 및 폐업 확인서,law_archive/B_추가검토/1_법률/08_조세특례제한법/3_시행규칙/서식/조세특례제한법_시행규칙_20260918_서식51의2_축산기간및폐업확인서.pdf,OK
조세특례제한법 시행규칙,20260918,N,289267,394,51의3,경영회생 지원을 위한 농지 매매 등에 대한 양도소득세 환급신청서,law_archive/B_추가검토/1_법률/08_조세특례제한법/3_시행규칙/서식/조세특례제한법_시행규칙_20260918_서식51의3_경영회생지원을위한농지매매등에대한양도소득세환급신청서.pdf,OK
조세특례제한법 시행규칙,20260918,N,289267,394,52,"영농자녀 증여농지등의 세액감면신청서, 증여받은 농지등의 명세서","law_archive/B_추가검토/1_법률/08_조세특례제한법/3_시행규칙/서식/조세특례제한법_시행규칙_20260918_서식52_영농자녀증여농지등의세액감면신청서,증여받은농지등의명세서.pdf",OK
조세특례제한법 시행규칙,20260918,N,289267,394,52의2,영농자녀 증여세 감면 위반사유 신고 및 자진납부 계산서,law_archive/B_추가검토/1_법률/08_조세특례제한법/3_시행규칙/서식/조세특례제한법_시행규칙_20260918_서식52의2_영농자녀증여세감면위반사유신고및자진납부계산서.pdf,OK
조세특례제한법 시행규칙,20260918,N,289267,394,52의3,"1세대 1주택 과세특례(인구감소지역주택, 준공후미분양주택 취득자) 신고서","law_archive/B_추가검토/1_법률/08_조세특례제한법/3_시행규칙/서식/조세특례제한법_시행규칙_20260918_서식52의3_1세대1주택과세특례(인구감소지역주택,준공후미분양주택취득자)신고서.pdf",OK
조세특례제한법 시행규칙,20260918,N,289267,394,53,당기순이익과세 포기신청서,law_archive/B_추가검토/1_법률/08_조세특례제한법/3_시행규칙/서식/조세특례제한법_시행규칙_20260918_서식53_당기순이익과세포기신청서.pdf,OK
조세특례제한법 시행규칙,20260918,N,289267,394,53의2,기부장려금단체 지정신청서,law_archive/B_추가검토/1_법률/08_조세특례제한법/3_시행규칙/서식/조세특례제한법_시행규칙_20260918_서식53의2_기부장려금단체지정신청서.pdf,OK
조세특례제한법 시행규칙,20260918,N,289267,394,53의3,기부장려금단체 해당 요건충족 여부 보고서,law_archive/B_추가검토/1_법률/08_조세특례제한법/3_시행규칙/서식/조세특례제한법_시행규칙_20260918_서식53의3_기부장려금단체해당요건충족여부보고서.pdf,OK
조세특례제한법 시행규칙,20260918,N,289267,394,53의4,기부장려금 신청서,law_archive/B_추가검토/1_법률/08_조세특례제한법/3_시행규칙/서식/조세특례제한법_시행규칙_20260918_서식53의4_기부장려금신청서.pdf,OK
조세특례제한법 시행규칙,20260918,N,289267,394,53의5,귀속 기부장려금 신청명세,law_archive/B_추가검토/1_법률/08_조세특례제한법/3_시행규칙/서식/조세특례제한법_시행규칙_20260918_서식53의5_귀속기부장려금신청명세.pdf,OK
조세특례제한법 시행규칙,20260918,N,289267,394,54,공익사업용토지 등에 대한 세액감면신청서,law_archive/B_추가검토/1_법률/08_조세특례제한법/3_시행규칙/서식/조세특례제한법_시행규칙_20260918_서식54_공익사업용토지등에대한세액감면신청서.pdf,OK
조세특례제한법 시행규칙,20260918,N,289267,394,55,"보상채권 만기보유 특약체결자의 보상명세서, 대토보상자의 보상명세서","law_archive/B_추가검토/1_법률/08_조세특례제한법/3_시행규칙/서식/조세특례제한법_시행규칙_20260918_서식55_보상채권만기보유특약체결자의보상명세서,대토보상자의보상명세서.pdf",OK
조세특례제한법 시행규칙,20260918,N,289267,394,56,양도소득세 분할납부 신청서,law_archive/B_추가검토/1_법률/08_조세특례제한법/3_시행규칙/서식/조세특례제한법_시행규칙_20260918_서식56_양도소득세분할납부신청서.pdf,OK
조세특례제한법 시행규칙,20260918,N,289267,394,57,삭제 &lt;2002.3.30&gt;,law_archive/B_추가검토/1_법률/08_조세특례제한법/3_시행규칙/서식/조세특례제한법_시행규칙_20260918_서식57_삭제.pdf,삭제별표
조세특례제한법 시행규칙,20260918,N,289267,394,58,개인연금저축납입증명서,law_archive/B_추가검토/1_법률/08_조세특례제한법/3_시행규칙/서식/조세특례제한법_시행규칙_20260918_서식58_개인연금저축납입증명서.pdf,OK
조세특례제한법 시행규칙,20260918,N,289267,394,58의2,연금저축납입증명서,law_archive/B_추가검토/1_법률/08_조세특례제한법/3_시행규칙/서식/조세특례제한법_시행규칙_20260918_서식58의2_연금저축납입증명서.pdf,OK
조세특례제한법 시행규칙,20260918,N,289267,394,58의3,특별해지사유신고서,law_archive/B_추가검토/1_법률/08_조세특례제한법/3_시행규칙/서식/조세특례제한법_시행규칙_20260918_서식58의3_특별해지사유신고서.pdf,OK
조세특례제한법 시행규칙,20260918,N,289267,394,58의4,공제부금납입증명서,law_archive/B_추가검토/1_법률/08_조세특례제한법/3_시행규칙/서식/조세특례제한법_시행규칙_20260918_서식58의4_공제부금납입증명서.pdf,OK
조세특례제한법 시행규칙,20260918,N,289267,394,58의5,주택마련저축납입증명서,law_archive/B_추가검토/1_법률/08_조세특례제한법/3_시행규칙/서식/조세특례제한법_시행규칙_20260918_서식58의5_주택마련저축납입증명서.pdf,OK
조세특례제한법 시행규칙,20260918,N,289267,394,58의6,장기주택마련저축 가입요건 충족여부 통보에 대한 의견서,law_archive/B_추가검토/1_법률/08_조세특례제한법/3_시행규칙/서식/조세특례제한법_시행규칙_20260918_서식58의6_장기주택마련저축가입요건충족여부통보에대한의견서.pdf,OK
조세특례제한법 시행규칙,20260918,N,289267,394,58의7,무주택 확인서,law_archive/B_추가검토/1_법률/08_조세특례제한법/3_시행규칙/서식/조세특례제한법_시행규칙_20260918_서식58의7_무주택확인서.pdf,OK
조세특례제한법 시행규칙,20260918,N,289267,394,58의8,환급신청서,law_archive/B_추가검토/1_법률/08_조세특례제한법/3_시행규칙/서식/조세특례제한법_시행규칙_20260918_서식58의8_환급신청서.pdf,OK
조세특례제한법 시행규칙,20260918,N,289267,394,59,삭제 &lt;2017. 3. 17.&gt;,law_archive/B_추가검토/1_법률/08_조세특례제한법/3_시행규칙/서식/조세특례제한법_시행규칙_20260918_서식59_삭제.pdf,삭제별표
조세특례제한법 시행규칙,20260918,N,289267,394,59의2,부동산집합투자기구 등 배당소득분리과세명세서,law_archive/B_추가검토/1_법률/08_조세특례제한법/3_시행규칙/서식/조세특례제한법_시행규칙_20260918_서식59의2_부동산집합투자기구등배당소득분리과세명세서.pdf,OK
조세특례제한법 시행규칙,20260918,N,289267,394,59의3,공모부동산집합투자기구의 집합투자증권 과세특례 신청서,law_archive/B_추가검토/1_법률/08_조세특례제한법/3_시행규칙/서식/조세특례제한법_시행규칙_20260918_서식59의3_공모부동산집합투자기구의집합투자증권과세특례신청서.pdf,OK
조세특례제한법 시행규칙,20260918,N,289267,394,59의4,삭제 &lt;2021. 3. 16.&gt;,law_archive/B_추가검토/1_법률/08_조세특례제한법/3_시행규칙/서식/조세특례제한법_시행규칙_20260918_서식59의4_삭제.pdf,삭제별표
조세특례제한법 시행규칙,20260918,N,289267,394,60,우리사주배당비과세및원천징수세액환급명세서,law_archive/B_추가검토/1_법률/08_조세특례제한법/3_시행규칙/서식/조세특례제한법_시행규칙_20260918_서식60_우리사주배당비과세및원천징수세액환급명세서.pdf,OK
조세특례제한법 시행규칙,20260918,N,289267,394,60의2,삭제 &lt;2002.3.30&gt;,law_archive/B_추가검토/1_법률/08_조세특례제한법/3_시행규칙/서식/조세특례제한법_시행규칙_20260918_서식60의2_삭제.pdf,삭제별표
조세특례제한법 시행규칙,20260918,N,289267,394,60의3,삭제 &lt;2002.3.30&gt;,law_archive/B_추가검토/1_법률/08_조세특례제한법/3_시행규칙/서식/조세특례제한법_시행규칙_20260918_서식60의3_삭제.pdf,삭제별표
조세특례제한법 시행규칙,20260918,N,289267,394,60의4,삭제 &lt;2011.4.7&gt;,law_archive/B_추가검토/1_법률/08_조세특례제한법/3_시행규칙/서식/조세특례제한법_시행규칙_20260918_서식60의4_삭제.pdf,삭제별표
조세특례제한법 시행규칙,20260918,N,289267,394,60의5,우리사주인출 및 과세명세서,law_archive/B_추가검토/1_법률/08_조세특례제한법/3_시행규칙/서식/조세특례제한법_시행규칙_20260918_서식60의5_우리사주인출및과세명세서.pdf,OK
조세특례제한법 시행규칙,20260918,N,289267,394,60의6,소득확인증명서(조합 등 출자금·예탁금 과세특례 신청용),law_archive/B_추가검토/1_법률/08_조세특례제한법/3_시행규칙/서식/조세특례제한법_시행규칙_20260918_서식60의6_소득확인증명서(조합등출자금·예탁금과세특례신청용).pdf,OK
조세특례제한법 시행규칙,20260918,N,289267,394,60의7,삭제 &lt;2017. 3. 17.&gt;,law_archive/B_추가검토/1_법률/08_조세특례제한법/3_시행규칙/서식/조세특례제한법_시행규칙_20260918_서식60의7_삭제.pdf,삭제별표
조세특례제한법 시행규칙,20260918,N,289267,394,60의8,삭제 &lt;2015.3.13.&gt;,law_archive/B_추가검토/1_법률/08_조세특례제한법/3_시행규칙/서식/조세특례제한법_시행규칙_20260918_서식60의8_삭제.pdf,삭제별표
조세특례제한법 시행규칙,20260918,N,289267,394,60의9,삭제 &lt;2011.4.7&gt;,law_archive/B_추가검토/1_법률/08_조세특례제한법/3_시행규칙/서식/조세특례제한법_시행규칙_20260918_서식60의9_삭제.pdf,삭제별표
조세특례제한법 시행규칙,20260918,N,289267,394,60의10,삭제 &lt;2015.3.13.&gt;,law_archive/B_추가검토/1_법률/08_조세특례제한법/3_시행규칙/서식/조세특례제한법_시행규칙_20260918_서식60의10_삭제.pdf,삭제별표
조세특례제한법 시행규칙,20260918,N,289267,394,60의11,삭제 &lt;2015.3.13.&gt;,law_archive/B_추가검토/1_법률/08_조세특례제한법/3_시행규칙/서식/조세특례제한법_시행규칙_20260918_서식60의11_삭제.pdf,삭제별표
조세특례제한법 시행규칙,20260918,N,289267,394,60의12,소득확인증명서,law_archive/B_추가검토/1_법률/08_조세특례제한법/3_시행규칙/서식/조세특례제한법_시행규칙_20260918_서식60의12_소득확인증명서.pdf,OK
조세특례제한법 시행규칙,20260918,N,289267,394,60의13,"(청년형, 일반) 장기집합투자증권저축 납입증명서","law_archive/B_추가검토/1_법률/08_조세특례제한법/3_시행규칙/서식/조세특례제한법_시행규칙_20260918_서식60의13_(청년형,일반)장기집합투자증권저축납입증명서.pdf",OK
조세특례제한법 시행규칙,20260918,N,289267,394,60의14,소득확인증명서(장기집합투자증권저축 가입용),law_archive/B_추가검토/1_법률/08_조세특례제한법/3_시행규칙/서식/조세특례제한법_시행규칙_20260918_서식60의14_소득확인증명서(장기집합투자증권저축가입용).pdf,OK
조세특례제한법 시행규칙,20260918,N,289267,394,60의15,장기집합투자증권저축 가입요건 충족여부 통보에 대한 의견서,law_archive/B_추가검토/1_법률/08_조세특례제한법/3_시행규칙/서식/조세특례제한법_시행규칙_20260918_서식60의15_장기집합투자증권저축가입요건충족여부통보에대한의견서.pdf,OK
조세특례제한법 시행규칙,20260918,N,289267,394,60의16,소형주택 임대사업자에 대한 세액감면신청서,law_archive/B_추가검토/1_법률/08_조세특례제한법/3_시행규칙/서식/조세특례제한법_시행규칙_20260918_서식60의16_소형주택임대사업자에대한세액감면신청서.pdf,OK
조세특례제한법 시행규칙,20260918,N,289267,394,60의17,재형저축 등 가입요건 충족 여부의 통보에 대한 의견서,law_archive/B_추가검토/1_법률/08_조세특례제한법/3_시행규칙/서식/조세특례제한법_시행규칙_20260918_서식60의17_재형저축등가입요건충족여부의통보에대한의견서.pdf,OK
조세특례제한법 시행규칙,20260918,N,289267,394,60의18,청년층 재형저축 가입요건 확인서,law_archive/B_추가검토/1_법률/08_조세특례제한법/3_시행규칙/서식/조세특례제한법_시행규칙_20260918_서식60의18_청년층재형저축가입요건확인서.pdf,OK
조세특례제한법 시행규칙,20260918,N,289267,394,60의19,소득확인증명서(개인종합자산관리계좌 가입용),law_archive/B_추가검토/1_법률/08_조세특례제한법/3_시행규칙/서식/조세특례제한법_시행규칙_20260918_서식60의19_소득확인증명서(개인종합자산관리계좌가입용).pdf,OK
조세특례제한법 시행규칙,20260918,N,289267,394,60의20,국민참여형 국민성장집합투자증권저축 납입증명서,law_archive/B_추가검토/1_법률/08_조세특례제한법/3_시행규칙/서식/조세특례제한법_시행규칙_20260918_서식60의20_국민참여형국민성장집합투자증권저축납입증명서.pdf,OK
조세특례제한법 시행규칙,20260918,N,289267,394,60의21,삭제 &lt;2025. 3. 21.&gt;,law_archive/B_추가검토/1_법률/08_조세특례제한법/3_시행규칙/서식/조세특례제한법_시행규칙_20260918_서식60의21_삭제.pdf,삭제별표
조세특례제한법 시행규칙,20260918,N,289267,394,60의22,소득확인증명서(청년우대형주택청약종합저축 가입 및 과세특례 신청용),law_archive/B_추가검토/1_법률/08_조세특례제한법/3_시행규칙/서식/조세특례제한법_시행규칙_20260918_서식60의22_소득확인증명서(청년우대형주택청약종합저축가입및과세특례신청용).pdf,OK
조세특례제한법 시행규칙,20260918,N,289267,394,60의23,장병내일준비적금 가입자격 확인서,law_archive/B_추가검토/1_법률/08_조세특례제한법/3_시행규칙/서식/조세특례제한법_시행규칙_20260918_서식60의23_장병내일준비적금가입자격확인서.pdf,OK
조세특례제한법 시행규칙,20260918,N,289267,394,60의24,소득확인증명서(청년형 장기집합투자증권저축 가입 및 과세특례 신청용),law_archive/B_추가검토/1_법률/08_조세특례제한법/3_시행규칙/서식/조세특례제한법_시행규칙_20260918_서식60의24_소득확인증명서(청년형장기집합투자증권저축가입및과세특례신청용).pdf,OK
조세특례제한법 시행규칙,20260918,N,289267,394,60의25,소득확인증명서(청년희망적금 가입 및 과세특례 신청용),law_archive/B_추가검토/1_법률/08_조세특례제한법/3_시행규칙/서식/조세특례제한법_시행규칙_20260918_서식60의25_소득확인증명서(청년희망적금가입및과세특례신청용).pdf,OK
조세특례제한법 시행규칙,20260918,N,289267,394,60의26,상가건물 장기 임대사업자에 대한 세액감면신청서,law_archive/B_추가검토/1_법률/08_조세특례제한법/3_시행규칙/서식/조세특례제한법_시행규칙_20260918_서식60의26_상가건물장기임대사업자에대한세액감면신청서.pdf,OK
조세특례제한법 시행규칙,20260918,N,289267,394,60의27,상가임대료를 인하한 임대사업자의 세액공제신청서,law_archive/B_추가검토/1_법률/08_조세특례제한법/3_시행규칙/서식/조세특례제한법_시행규칙_20260918_서식60의27_상가임대료를인하한임대사업자의세액공제신청서.pdf,OK
조세특례제한법 시행규칙,20260918,N,289267,394,60의28,소득확인증명서(청년도약계좌 가입 및 과세특례 신청용),law_archive/B_추가검토/1_법률/08_조세특례제한법/3_시행규칙/서식/조세특례제한법_시행규칙_20260918_서식60의28_소득확인증명서(청년도약계좌가입및과세특례신청용).pdf,OK
조세특례제한법 시행규칙,20260918,N,289267,394,60의29,소득확인증명서(청년미래적금 가입 및 과세특례 신청용),law_archive/B_추가검토/1_법률/08_조세특례제한법/3_시행규칙/서식/조세특례제한법_시행규칙_20260918_서식60의29_소득확인증명서(청년미래적금가입및과세특례신청용).pdf,OK
조세특례제한법 시행규칙,20260918,N,289267,394,61,주택임대신고서,law_archive/B_추가검토/1_법률/08_조세특례제한법/3_시행규칙/서식/조세특례제한법_시행규칙_20260918_서식61_주택임대신고서.pdf,OK
조세특례제한법 시행규칙,20260918,N,289267,394,62,장기임대주택에 대한 양도소득 세액감면신청서,law_archive/B_추가검토/1_법률/08_조세특례제한법/3_시행규칙/서식/조세특례제한법_시행규칙_20260918_서식62_장기임대주택에대한양도소득세액감면신청서.pdf,OK
조세특례제한법 시행규칙,20260918,N,289267,394,62의2,장기일반민간임대주택등에 대한 과세특례적용신청서,law_archive/B_추가검토/1_법률/08_조세특례제한법/3_시행규칙/서식/조세특례제한법_시행규칙_20260918_서식62의2_장기일반민간임대주택등에대한과세특례적용신청서.pdf,OK
조세특례제한법 시행규칙,20260918,N,289267,394,62의3,장기임대주택에 대한 과세특례적용신청서,law_archive/B_추가검토/1_법률/08_조세특례제한법/3_시행규칙/서식/조세특례제한법_시행규칙_20260918_서식62의3_장기임대주택에대한과세특례적용신청서.pdf,OK
조세특례제한법 시행규칙,20260918,N,289267,394,62의4,현물출자명세서,law_archive/B_추가검토/1_법률/08_조세특례제한법/3_시행규칙/서식/조세특례제한법_시행규칙_20260918_서식62의4_현물출자명세서.pdf,OK
조세특례제한법 시행규칙,20260918,N,289267,394,62의5,현물출자 과세특례신청서,law_archive/B_추가검토/1_법률/08_조세특례제한법/3_시행규칙/서식/조세특례제한법_시행규칙_20260918_서식62의5_현물출자과세특례신청서.pdf,OK
조세특례제한법 시행규칙,20260918,N,289267,394,62의6,현물출자명세서,law_archive/B_추가검토/1_법률/08_조세특례제한법/3_시행규칙/서식/조세특례제한법_시행규칙_20260918_서식62의6_현물출자명세서.pdf,OK
조세특례제한법 시행규칙,20260918,N,289267,394,62의7,현물출자 과세특례신청서,law_archive/B_추가검토/1_법률/08_조세특례제한법/3_시행규칙/서식/조세특례제한법_시행규칙_20260918_서식62의7_현물출자과세특례신청서.pdf,OK
조세특례제한법 시행규칙,20260918,N,289267,394,63,미분양주택과세특례적용신고서,law_archive/B_추가검토/1_법률/08_조세특례제한법/3_시행규칙/서식/조세특례제한법_시행규칙_20260918_서식63_미분양주택과세특례적용신고서.pdf,OK
조세특례제한법 시행규칙,20260918,N,289267,394,63의2,양도소득세특례세율적용신청서,law_archive/B_추가검토/1_법률/08_조세특례제한법/3_시행규칙/서식/조세특례제한법_시행규칙_20260918_서식63의2_양도소득세특례세율적용신청서.pdf,OK
조세특례제한법 시행규칙,20260918,N,289267,394,63의3,신축주택취득신고서,law_archive/B_추가검토/1_법률/08_조세특례제한법/3_시행규칙/서식/조세특례제한법_시행규칙_20260918_서식63의3_신축주택취득신고서.pdf,OK
조세특례제한법 시행규칙,20260918,N,289267,394,63의4,농어촌주택 등 취득자에 대한 과세특례신고서,law_archive/B_추가검토/1_법률/08_조세특례제한법/3_시행규칙/서식/조세특례제한법_시행규칙_20260918_서식63의4_농어촌주택등취득자에대한과세특례신고서.pdf,OK
조세특례제한법 시행규칙,20260918,N,289267,394,63의5,미분양주택임을 확인하는 날인,law_archive/B_추가검토/1_법률/08_조세특례제한법/3_시행규칙/서식/조세특례제한법_시행규칙_20260918_서식63의5_미분양주택임을확인하는날인.pdf,OK
조세특례제한법 시행규칙,20260918,N,289267,394,63의6,미분양주택확인대장,law_archive/B_추가검토/1_법률/08_조세특례제한법/3_시행규칙/서식/조세특례제한법_시행규칙_20260918_서식63의6_미분양주택확인대장.pdf,OK
조세특례제한법 시행규칙,20260918,N,289267,394,63의7,"미분양주택 현황, 미분양주택 동ㆍ호수별 현황","law_archive/B_추가검토/1_법률/08_조세특례제한법/3_시행규칙/서식/조세특례제한법_시행규칙_20260918_서식63의7_미분양주택현황,미분양주택동ㆍ호수별현황.pdf",OK
조세특례제한법 시행규칙,20260918,N,289267,394,63의8,체납액 납부의무 소멸 신청서,law_archive/B_추가검토/1_법률/08_조세특례제한법/3_시행규칙/서식/조세특례제한법_시행규칙_20260918_서식63의8_체납액납부의무소멸신청서.pdf,OK
조세특례제한법 시행규칙,20260918,N,289267,394,63의9,체납액 납부의무 소멸신청 결과통지서,law_archive/B_추가검토/1_법률/08_조세특례제한법/3_시행규칙/서식/조세특례제한법_시행규칙_20260918_서식63의9_체납액납부의무소멸신청결과통지서.pdf,OK
조세특례제한법 시행규칙,20260918,N,289267,394,63의10,준공후미분양주택임을 확인하는 날인,law_archive/B_추가검토/1_법률/08_조세특례제한법/3_시행규칙/서식/조세특례제한법_시행규칙_20260918_서식63의10_준공후미분양주택임을확인하는날인.pdf,OK
조세특례제한법 시행규칙,20260918,N,289267,394,63의11,준공후미분양주택 현황,law_archive/B_추가검토/1_법률/08_조세특례제한법/3_시행규칙/서식/조세특례제한법_시행규칙_20260918_서식63의11_준공후미분양주택현황.pdf,OK
조세특례제한법 시행규칙,20260918,N,289267,394,63의12,준공후미분양주택확인대장,law_archive/B_추가검토/1_법률/08_조세특례제한법/3_시행규칙/서식/조세특례제한법_시행규칙_20260918_서식63의12_준공후미분양주택확인대장.pdf,OK
조세특례제한법 시행규칙,20260918,N,289267,394,63의13,"신축주택등 현황, 신축주택 동ㆍ호수별 현황, 미분양주택 동ㆍ호수별 현황","law_archive/B_추가검토/1_법률/08_조세특례제한법/3_시행규칙/서식/조세특례제한법_시행규칙_20260918_서식63의13_신축주택등현황,신축주택동ㆍ호수별현황,미분양주택동ㆍ호수별현황.pdf",OK
조세특례제한법 시행규칙,20260918,N,289267,394,63의14,신축주택등 또는 감면대상기존주택임을 확인하는 날인,law_archive/B_추가검토/1_법률/08_조세특례제한법/3_시행규칙/서식/조세특례제한법_시행규칙_20260918_서식63의14_신축주택등또는감면대상기존주택임을확인하는날인.pdf,OK
조세특례제한법 시행규칙,20260918,N,289267,394,63의15,신축주택등확인대장(사업주체등용),law_archive/B_추가검토/1_법률/08_조세특례제한법/3_시행규칙/서식/조세특례제한법_시행규칙_20260918_서식63의15_신축주택등확인대장(사업주체등용).pdf,OK
조세특례제한법 시행규칙,20260918,N,289267,394,63의16,신축주택등확인대장(시ㆍ군ㆍ구청장용),law_archive/B_추가검토/1_법률/08_조세특례제한법/3_시행규칙/서식/조세특례제한법_시행규칙_20260918_서식63의16_신축주택등확인대장(시ㆍ군ㆍ구청장용).pdf,OK
조세특례제한법 시행규칙,20260918,N,289267,394,63의17,감면대상기존주택 확인대장,law_archive/B_추가검토/1_법률/08_조세특례제한법/3_시행규칙/서식/조세특례제한법_시행규칙_20260918_서식63의17_감면대상기존주택확인대장.pdf,OK
조세특례제한법 시행규칙,20260918,N,289267,394,63의18,체납액 납부계획서,law_archive/B_추가검토/1_법률/08_조세특례제한법/3_시행규칙/서식/조세특례제한법_시행규칙_20260918_서식63의18_체납액납부계획서.pdf,OK
조세특례제한법 시행규칙,20260918,N,289267,394,63의19,"재기중소기업인의 (납부고지 유예 또는 지정납부기한등 연장, 압류ㆍ매각 유예)신청서","law_archive/B_추가검토/1_법률/08_조세특례제한법/3_시행규칙/서식/조세특례제한법_시행규칙_20260918_서식63의19_재기중소기업인의(납부고지유예또는지정납부기한등연장,압류ㆍ매각유예)신청서.pdf",OK
조세특례제한법 시행규칙,20260918,N,289267,394,63의20,"재기중소기업인에 대한 (납부고지 유예  또는 지정납부기한등 연장, 압류ㆍ매각 유예)취소 통지","law_archive/B_추가검토/1_법률/08_조세특례제한법/3_시행규칙/서식/조세특례제한법_시행규칙_20260918_서식63의20_재기중소기업인에대한(납부고지유예또는지정납부기한등연장,압류ㆍ매각유예)취소통.pdf",OK
조세특례제한법 시행규칙,20260918,N,289267,394,63의21,목돈 안드는 전세 이자상환액증명서,law_archive/B_추가검토/1_법률/08_조세특례제한법/3_시행규칙/서식/조세특례제한법_시행규칙_20260918_서식63의21_목돈안드는전세이자상환액증명서.pdf,OK
조세특례제한법 시행규칙,20260918,N,289267,394,63의22,"준공후미분양주택 현황, 준공후미분양주택 동ㆍ호수별 현황","law_archive/B_추가검토/1_법률/08_조세특례제한법/3_시행규칙/서식/조세특례제한법_시행규칙_20260918_서식63의22_준공후미분양주택현황,준공후미분양주택동ㆍ호수별현황.pdf",OK
조세특례제한법 시행규칙,20260918,N,289267,394,63의23,준공후미분양주택확인대장(사업주체등용),law_archive/B_추가검토/1_법률/08_조세특례제한법/3_시행규칙/서식/조세특례제한법_시행규칙_20260918_서식63의23_준공후미분양주택확인대장(사업주체등용).pdf,OK
조세특례제한법 시행규칙,20260918,N,289267,394,63의24,준공후미분양주택임을 확인하는 날인,law_archive/B_추가검토/1_법률/08_조세특례제한법/3_시행규칙/서식/조세특례제한법_시행규칙_20260918_서식63의24_준공후미분양주택임을확인하는날인.pdf,OK
조세특례제한법 시행규칙,20260918,N,289267,394,63의25,준공후미분양주택확인대장(시장ㆍ군수ㆍ구청장용),law_archive/B_추가검토/1_법률/08_조세특례제한법/3_시행규칙/서식/조세특례제한법_시행규칙_20260918_서식63의25_준공후미분양주택확인대장(시장ㆍ군수ㆍ구청장용).pdf,OK
조세특례제한법 시행규칙,20260918,N,289267,394,63의26,체납액 징수특례 신청서,law_archive/B_추가검토/1_법률/08_조세특례제한법/3_시행규칙/서식/조세특례제한법_시행규칙_20260918_서식63의26_체납액징수특례신청서.pdf,OK
조세특례제한법 시행규칙,20260918,N,289267,394,63의27,체납액 징수특례 신청 결과 통지,law_archive/B_추가검토/1_법률/08_조세특례제한법/3_시행규칙/서식/조세특례제한법_시행규칙_20260918_서식63의27_체납액징수특례신청결과통지.pdf,OK
조세특례제한법 시행규칙,20260918,N,289267,394,63의28,체납액 징수특례 결정 취소 통지,law_archive/B_추가검토/1_법률/08_조세특례제한법/3_시행규칙/서식/조세특례제한법_시행규칙_20260918_서식63의28_체납액징수특례결정취소통지.pdf,OK
조세특례제한법 시행규칙,20260918,N,289267,394,63의29,선결제 금액에 대한 세액공제신청서,law_archive/B_추가검토/1_법률/08_조세특례제한법/3_시행규칙/서식/조세특례제한법_시행규칙_20260918_서식63의29_선결제금액에대한세액공제신청서.pdf,OK
조세특례제한법 시행규칙,20260918,N,289267,394,63의30,선결제 이용내역 확인서,law_archive/B_추가검토/1_법률/08_조세특례제한법/3_시행규칙/서식/조세특례제한법_시행규칙_20260918_서식63의30_선결제이용내역확인서.pdf,OK
조세특례제한법 시행규칙,20260918,N,289267,394,63의31,손실보상금 익금불산입명세서,law_archive/B_추가검토/1_법률/08_조세특례제한법/3_시행규칙/서식/조세특례제한법_시행규칙_20260918_서식63의31_손실보상금익금불산입명세서.pdf,OK
조세특례제한법 시행규칙,20260918,N,289267,394,63의32,연금계좌 납입에 대한 양도소득세 세액공제신청서,law_archive/B_추가검토/1_법률/08_조세특례제한법/3_시행규칙/서식/조세특례제한법_시행규칙_20260918_서식63의32_연금계좌납입에대한양도소득세세액공제신청서.pdf,OK
조세특례제한법 시행규칙,20260918,N,289267,394,63의33,생계형 체납자의 체납액 납부의무 소멸특례 신청서,law_archive/B_추가검토/1_법률/08_조세특례제한법/3_시행규칙/서식/조세특례제한법_시행규칙_20260918_서식63의33_생계형체납자의체납액납부의무소멸특례신청서.pdf,OK
조세특례제한법 시행규칙,20260918,N,289267,394,63의34,체납액 납부의무 소멸 신청 결과 통지,law_archive/B_추가검토/1_법률/08_조세특례제한법/3_시행규칙/서식/조세특례제한법_시행규칙_20260918_서식63의34_체납액납부의무소멸신청결과통지.pdf,OK
조세특례제한법 시행규칙,20260918,N,289267,394,63의35,체납액 납부의무 소멸 결정 취소 통지,law_archive/B_추가검토/1_법률/08_조세특례제한법/3_시행규칙/서식/조세특례제한법_시행규칙_20260918_서식63의35_체납액납부의무소멸결정취소통지.pdf,OK
조세특례제한법 시행규칙,20260918,N,289267,394,64,주택보조지급명세서,law_archive/B_추가검토/1_법률/08_조세특례제한법/3_시행규칙/서식/조세특례제한법_시행규칙_20260918_서식64_주택보조지급명세서.pdf,OK
조세특례제한법 시행규칙,20260918,N,289267,394,64의2,"귀속 근로장려금ㆍ자녀장려금(정기, 기한 후) 신청서","law_archive/B_추가검토/1_법률/08_조세특례제한법/3_시행규칙/서식/조세특례제한법_시행규칙_20260918_서식64의2_귀속근로장려금ㆍ자녀장려금(정기,기한후)신청서.pdf",OK
조세특례제한법 시행규칙,20260918,N,289267,394,64의3,근로장려금 및 자녀장려금용 계좌개설(변경/철회)신고서,law_archive/B_추가검토/1_법률/08_조세특례제한법/3_시행규칙/서식/조세특례제한법_시행규칙_20260918_서식64의3_근로장려금및자녀장려금용계좌개설(변경철회)신고서.pdf,OK
조세특례제한법 시행규칙,20260918,N,289267,394,64의4,근로장려금ㆍ자녀장려금 결정 통지서,law_archive/B_추가검토/1_법률/08_조세특례제한법/3_시행규칙/서식/조세특례제한법_시행규칙_20260918_서식64의4_근로장려금ㆍ자녀장려금결정통지서.pdf,OK
조세특례제한법 시행규칙,20260918,N,289267,394,64의5,"근로ㆍ자녀장려금 결정통지 전자송달 신청서(신청, 철회)","law_archive/B_추가검토/1_법률/08_조세특례제한법/3_시행규칙/서식/조세특례제한법_시행규칙_20260918_서식64의5_근로ㆍ자녀장려금결정통지전자송달신청서(신청,철회).pdf",OK
조세특례제한법 시행규칙,20260918,N,289267,394,64의6,근로장려금ㆍ자녀장려금 환급제한통지서,law_archive/B_추가검토/1_법률/08_조세특례제한법/3_시행규칙/서식/조세특례제한법_시행규칙_20260918_서식64의6_근로장려금ㆍ자녀장려금환급제한통지서.pdf,OK
조세특례제한법 시행규칙,20260918,N,289267,394,64의7,조사원증,law_archive/B_추가검토/1_법률/08_조세특례제한법/3_시행규칙/서식/조세특례제한법_시행규칙_20260918_서식64의7_조사원증.pdf,OK
조세특례제한법 시행규칙,20260918,N,289267,394,64의8,"간이지급명세서(근로소득) 제출에 대한 공제세액계산서(소규모사업자용, 세무대리인용)",law_archive/B_추가검토/1_법률/08_조세특례제한법/3_시행규칙/서식/조세특례제한법_시행규칙_20260918_서식64의8_간이지급명세서(근로소득)제출에대한공제세액계산서.pdf,OK
조세특례제한법 시행규칙,20260918,N,289267,394,64의9,해운기업의 법인세과세표준특례 적용신청서,law_archive/B_추가검토/1_법률/08_조세특례제한법/3_시행규칙/서식/조세특례제한법_시행규칙_20260918_서식64의9_해운기업의법인세과세표준특례적용신청서.pdf,OK
조세특례제한법 시행규칙,20260918,N,289267,394,64의10,해운기업의 법인세과세표준계산특례 요건명세서,law_archive/B_추가검토/1_법률/08_조세특례제한법/3_시행규칙/서식/조세특례제한법_시행규칙_20260918_서식64의10_해운기업의법인세과세표준계산특례요건명세서.pdf,OK
조세특례제한법 시행규칙,20260918,N,289267,394,64의11,해운기업의 법인세 과세표준계산특례 포기신청서,law_archive/B_추가검토/1_법률/08_조세특례제한법/3_시행규칙/서식/조세특례제한법_시행규칙_20260918_서식64의11_해운기업의법인세과세표준계산특례포기신청서.pdf,OK
조세특례제한법 시행규칙,20260918,N,289267,394,64의12,손실보전준비금 명세서,law_archive/B_추가검토/1_법률/08_조세특례제한법/3_시행규칙/서식/조세특례제한법_시행규칙_20260918_서식64의12_손실보전준비금명세서.pdf,OK
조세특례제한법 시행규칙,20260918,N,289267,394,64의13,"향교 및 종교단체 종합부동산세 과세특례 신고서, 개별향교 및 소속 종교단체 과세대상 물건명세서","law_archive/B_추가검토/1_법률/08_조세특례제한법/3_시행규칙/서식/조세특례제한법_시행규칙_20260918_서식64의13_향교및종교단체종합부동산세과세특례신고서,개별향교및소속종교단체과세대상물건명세.pdf",OK
조세특례제한법 시행규칙,20260918,N,289267,394,64의14,삭제 &lt;2024. 3. 22.&gt;,law_archive/B_추가검토/1_법률/08_조세특례제한법/3_시행규칙/서식/조세특례제한법_시행규칙_20260918_서식64의14_삭제.pdf,삭제별표
조세특례제한법 시행규칙,20260918,N,289267,394,64의15,"취득완료보고서(토지등), 취득완료보고서(유가증권등)","law_archive/B_추가검토/1_법률/08_조세특례제한법/3_시행규칙/서식/조세특례제한법_시행규칙_20260918_서식64의15_취득완료보고서(토지등),취득완료보고서(유가증권등).pdf",OK
조세특례제한법 시행규칙,20260918,N,289267,394,64의16,"(상반기,하반기)귀속 반기 근로장려금 신청서","law_archive/B_추가검토/1_법률/08_조세특례제한법/3_시행규칙/서식/조세특례제한법_시행규칙_20260918_서식64의16_(상반기,하반기)귀속반기근로장려금신청서.pdf",OK
조세특례제한법 시행규칙,20260918,N,289267,394,64의17,"주택신축용토지 합산배제 (변동)신고서(갑, 을)","law_archive/B_추가검토/1_법률/08_조세특례제한법/3_시행규칙/서식/조세특례제한법_시행규칙_20260918_서식64의17_주택신축용토지합산배제(변동)신고서(갑,을).pdf",OK
조세특례제한법 시행규칙,20260918,N,289267,394,64의18,여수세계박람회 참가준비금명세서,law_archive/B_추가검토/1_법률/08_조세특례제한법/3_시행규칙/서식/조세특례제한법_시행규칙_20260918_서식64의18_여수세계박람회참가준비금명세서.pdf,OK
조세특례제한법 시행규칙,20260918,N,289267,394,64의19,손실보전준비금 명세서,law_archive/B_추가검토/1_법률/08_조세특례제한법/3_시행규칙/서식/조세특례제한법_시행규칙_20260918_서식64의19_손실보전준비금명세서.pdf,OK
조세특례제한법 시행규칙,20260918,N,289267,394,64의20,대손충당금익금 불산입 신청서,law_archive/B_추가검토/1_법률/08_조세특례제한법/3_시행규칙/서식/조세특례제한법_시행규칙_20260918_서식64의20_대손충당금익금불산입신청서.pdf,OK
조세특례제한법 시행규칙,20260918,N,289267,394,64의21,국내복귀기업에 대한 감면세액계산서,law_archive/B_추가검토/1_법률/08_조세특례제한법/3_시행규칙/서식/조세특례제한법_시행규칙_20260918_서식64의21_국내복귀기업에대한감면세액계산서.pdf,OK
조세특례제한법 시행규칙,20260918,N,289267,394,64의22,우수 선화주기업 인증을 받은 화주기업에 대한 세액공제신청서 및 공제세액계산서,law_archive/B_추가검토/1_법률/08_조세특례제한법/3_시행규칙/서식/조세특례제한법_시행규칙_20260918_서식64의22_우수선화주기업인증을받은화주기업에대한세액공제신청서및공제세액계산서.pdf,OK
조세특례제한법 시행규칙,20260918,N,289267,394,64의23,고배당기업 주식 배당소득 분리과세신청서,law_archive/B_추가검토/1_법률/08_조세특례제한법/3_시행규칙/서식/조세특례제한법_시행규칙_20260918_서식64의23_고배당기업주식배당소득분리과세신청서.pdf,OK
조세특례제한법 시행규칙,20260918,N,289267,394,64의24,삭제 &lt;2026. 3. 20.&gt;,law_archive/B_추가검토/1_법률/08_조세특례제한법/3_시행규칙/서식/조세특례제한법_시행규칙_20260918_서식64의24_삭제.pdf,삭제별표
조세특례제한법 시행규칙,20260918,N,289267,394,64의25,2018 평창 동계올림픽대회 및 동계패럴림픽대회 관련 사업자에 대한 의제매입세액공제 신고서,law_archive/B_추가검토/1_법률/08_조세특례제한법/3_시행규칙/서식/조세특례제한법_시행규칙_20260918_서식64의25_2018평창동계올림픽대회및동계패럴림픽대회관련사업자에대한의제매입세액공제신고.pdf,OK
조세특례제한법 시행규칙,20260918,N,289267,394,64의26,2019광주세계수영선수권대회 관련 사업자에 대한 의제매입세액공제 신고서,law_archive/B_추가검토/1_법률/08_조세특례제한법/3_시행규칙/서식/조세특례제한법_시행규칙_20260918_서식64의26_2019광주세계수영선수권대회관련사업자에대한의제매입세액공제신고서.pdf,OK
조세특례제한법 시행규칙,20260918,N,289267,394,64의27,용역제공자에 관한 과세자료 제출에 대한 공제세액계산서,law_archive/B_추가검토/1_법률/08_조세특례제한법/3_시행규칙/서식/조세특례제한법_시행규칙_20260918_서식64의27_용역제공자에관한과세자료제출에대한공제세액계산서.pdf,OK
조세특례제한법 시행규칙,20260918,N,289267,394,64의28,해외자원개발투자신고서,law_archive/B_추가검토/1_법률/08_조세특례제한법/3_시행규칙/서식/조세특례제한법_시행규칙_20260918_서식64의28_해외자원개발투자신고서.pdf,OK
조세특례제한법 시행규칙,20260918,N,289267,394,64의29,대손충당금 손금산입 특례 적용신청서,law_archive/B_추가검토/1_법률/08_조세특례제한법/3_시행규칙/서식/조세특례제한법_시행규칙_20260918_서식64의29_대손충당금손금산입특례적용신청서.pdf,OK
조세특례제한법 시행규칙,20260918,N,289267,394,64의30,"운송사업용 자동차 부가가치세 환급신청서, 운송사업용 자동차 부가가치세 환급신청명세서","law_archive/B_추가검토/1_법률/08_조세특례제한법/3_시행규칙/서식/조세특례제한법_시행규칙_20260918_서식64의30_운송사업용자동차부가가치세환급신청서,운송사업용자동차부가가치세환급신청명세서.pdf",OK
조세특례제한법 시행규칙,20260918,N,289267,394,64의31,운송사업용 자동차 부가가치세 환급대행 신청서,law_archive/B_추가검토/1_법률/08_조세특례제한법/3_시행규칙/서식/조세특례제한법_시행규칙_20260918_서식64의31_운송사업용자동차부가가치세환급대행신청서.pdf,OK
조세특례제한법 시행규칙,20260918,N,289267,394,64의32,"건설기계 양도차익명세서, 건설기계 취득명세서 및 총수입금액 분할산입 조정명세서","law_archive/B_추가검토/1_법률/08_조세특례제한법/3_시행규칙/서식/조세특례제한법_시행규칙_20260918_서식64의32_건설기계양도차익명세서,건설기계취득명세서및총수입금액분할산입조정명세서.pdf",OK
조세특례제한법 시행규칙,20260918,N,289267,394,64의33,출자전환차액상당액 손금산입 특례 적용신청서,law_archive/B_추가검토/1_법률/08_조세특례제한법/3_시행규칙/서식/조세특례제한법_시행규칙_20260918_서식64의33_출자전환차액상당액손금산입특례적용신청서.pdf,OK
조세특례제한법 시행규칙,20260918,N,289267,394,64의34,이스포츠대회운영비용 명세서,law_archive/B_추가검토/1_법률/08_조세특례제한법/3_시행규칙/서식/조세특례제한법_시행규칙_20260918_서식64의34_이스포츠대회운영비용명세서.pdf,OK
조세특례제한법 시행규칙,20260918,N,289267,394,64의35,첨단전략산업기금 출연명세서,law_archive/B_추가검토/1_법률/08_조세특례제한법/3_시행규칙/서식/조세특례제한법_시행규칙_20260918_서식64의35_첨단전략산업기금출연명세서.pdf,OK
조세특례제한법 시행규칙,20260918,N,289267,394,65,월별 판매액 합계표,law_archive/B_추가검토/1_법률/08_조세특례제한법/3_시행규칙/서식/조세특례제한법_시행규칙_20260918_서식65_월별판매액합계표.pdf,OK
조세특례제한법 시행규칙,20260918,N,289267,394,66,면세공급증명서,law_archive/B_추가검토/1_법률/08_조세특례제한법/3_시행규칙/서식/조세특례제한법_시행규칙_20260918_서식66_면세공급증명서.pdf,OK
조세특례제한법 시행규칙,20260918,N,289267,394,66의2,위탁급식공급가액 증명서,law_archive/B_추가검토/1_법률/08_조세특례제한법/3_시행규칙/서식/조세특례제한법_시행규칙_20260918_서식66의2_위탁급식공급가액증명서.pdf,OK
조세특례제한법 시행규칙,20260918,N,289267,394,66의3,"부가가치세 면제 목재펠릿 매출대장(갑, 을)","law_archive/B_추가검토/1_법률/08_조세특례제한법/3_시행규칙/서식/조세특례제한법_시행규칙_20260918_서식66의3_부가가치세면제목재펠릿매출대장(갑,을).pdf",OK
조세특례제한법 시행규칙,20260918,N,289267,394,67,농ㆍ어민확인서,law_archive/B_추가검토/1_법률/08_조세특례제한법/3_시행규칙/서식/조세특례제한법_시행규칙_20260918_서식67_농ㆍ어민확인서.pdf,OK
조세특례제한법 시행규칙,20260918,N,289267,394,67의2,"일반택시 운송사업자 부가가치세 미지급통보(갑, 을)","law_archive/B_추가검토/1_법률/08_조세특례제한법/3_시행규칙/서식/조세특례제한법_시행규칙_20260918_서식67의2_일반택시운송사업자부가가치세미지급통보(갑,을).pdf",OK
조세특례제한법 시행규칙,20260918,N,289267,394,67의3,"부가가치세 대리납부신고서(갑,을)","law_archive/B_추가검토/1_법률/08_조세특례제한법/3_시행규칙/서식/조세특례제한법_시행규칙_20260918_서식67의3_부가가치세대리납부신고서(갑,을).pdf",OK
조세특례제한법 시행규칙,20260918,N,289267,394,68,외국사업자거래내역 및 부가가치세환급신청서,law_archive/B_추가검토/1_법률/08_조세특례제한법/3_시행규칙/서식/조세특례제한법_시행규칙_20260918_서식68_외국사업자거래내역및부가가치세환급신청서.pdf,OK
조세특례제한법 시행규칙,20260918,N,289267,394,68의2,의료용역공급확인서Certificate of Selling Medical Service for Overseas Patient,law_archive/B_추가검토/1_법률/08_조세특례제한법/3_시행규칙/서식/조세특례제한법_시행규칙_20260918_서식68의2_의료용역공급확인서CertificateofSellingMedicalServ.pdf,OK
조세특례제한법 시행규칙,20260918,N,289267,394,68의3,외교관 등의 부가가치세 환급신청서Application for Refund of VAT for Diplomats,law_archive/B_추가검토/1_법률/08_조세특례제한법/3_시행규칙/서식/조세특례제한법_시행규칙_20260918_서식68의3_외교관등의부가가치세환급신청서ApplicationforRefundofVAT.pdf,OK
조세특례제한법 시행규칙,20260918,N,289267,394,68의4,"외국인관광객 숙박용역 환급실적명세서(갑), 외국인관광객 숙박용역 환급실적명세서(을)","law_archive/B_추가검토/1_법률/08_조세특례제한법/3_시행규칙/서식/조세특례제한법_시행규칙_20260918_서식68의4_외국인관광객숙박용역환급실적명세서(갑),외국인관광객숙박용역환급실적명세서.pdf",OK
조세특례제한법 시행규칙,20260918,N,289267,394,68의5,"외국인관광객 미용성형 의료용역 환급실적명세서(갑), 외국인관광객 미용성형 의료용역 환급실적명세서(을)","law_archive/B_추가검토/1_법률/08_조세특례제한법/3_시행규칙/서식/조세특례제한법_시행규칙_20260918_서식68의5_외국인관광객미용성형의료용역환급실적명세서(갑),외국인관광객미용성형의료용역환.pdf",OK
조세특례제한법 시행규칙,20260918,N,289267,394,69,"재활용폐자원 매입세액 공제신고서(갑, 을), 중고자동차 매입세액 공제신고서(갑, 을)","law_archive/B_추가검토/1_법률/08_조세특례제한법/3_시행규칙/서식/조세특례제한법_시행규칙_20260918_서식69_재활용폐자원매입세액공제신고서(갑,을),중고자동차매입세액공제신고서(갑,을).pdf",OK
조세특례제한법 시행규칙,20260918,N,289267,394,69의2,"스크랩등 매입세액 공제신고서(갑, 을)","law_archive/B_추가검토/1_법률/08_조세특례제한법/3_시행규칙/서식/조세특례제한법_시행규칙_20260918_서식69의2_스크랩등매입세액공제신고서(갑,을).pdf",OK
조세특례제한법 시행규칙,20260918,N,289267,394,69의3,"신용카드업자의 유류 감면세액 환급신청서(경차, 택시, 주한외교관등)","law_archive/B_추가검토/1_법률/08_조세특례제한법/3_시행규칙/서식/조세특례제한법_시행규칙_20260918_서식69의3_신용카드업자의유류감면세액환급신청서(경차,택시,주한외교관등).pdf",OK
조세특례제한법 시행규칙,20260918,N,289267,394,69의4,"감면유류공급명세서(경차, 택시, 주한외교관등)","law_archive/B_추가검토/1_법률/08_조세특례제한법/3_시행규칙/서식/조세특례제한법_시행규칙_20260918_서식69의4_감면유류공급명세서(경차,택시,주한외교관등).pdf",OK
조세특례제한법 시행규칙,20260918,N,289267,394,69의5,감면유류 공급명세서(을),law_archive/B_추가검토/1_법률/08_조세특례제한법/3_시행규칙/서식/조세특례제한법_시행규칙_20260918_서식69의5_감면유류공급명세서(을).pdf,OK
조세특례제한법 시행규칙,20260918,N,289267,394,69의6,신용카드업자에 대한 교통ㆍ에너지ㆍ환경세 환급내역 통보서,law_archive/B_추가검토/1_법률/08_조세특례제한법/3_시행규칙/서식/조세특례제한법_시행규칙_20260918_서식69의6_신용카드업자에대한교통ㆍ에너지ㆍ환경세환급내역통보서.pdf,OK
조세특례제한법 시행규칙,20260918,N,289267,394,69의7,"노후자동차 교체감면 신청서(사전 폐차 또는 수출,사후 폐차 또는 수출)","law_archive/B_추가검토/1_법률/08_조세특례제한법/3_시행규칙/서식/조세특례제한법_시행규칙_20260918_서식69의7_노후자동차교체감면신청서(사전폐차또는수출,사후폐차또는수출).pdf",OK
조세특례제한법 시행규칙,20260918,N,289267,394,69의8,노후자동차 교체용 차량 확인서,law_archive/B_추가검토/1_법률/08_조세특례제한법/3_시행규칙/서식/조세특례제한법_시행규칙_20260918_서식69의8_노후자동차교체용차량확인서.pdf,OK
조세특례제한법 시행규칙,20260918,N,289267,394,69의9,노후자동차 교체 환급(공제) 신청서,law_archive/B_추가검토/1_법률/08_조세특례제한법/3_시행규칙/서식/조세특례제한법_시행규칙_20260918_서식69의9_노후자동차교체환급(공제)신청서.pdf,OK
조세특례제한법 시행규칙,20260918,N,289267,394,69의10,소규모 개인사업자 부가가치세 감면신청서,law_archive/B_추가검토/1_법률/08_조세특례제한법/3_시행규칙/서식/조세특례제한법_시행규칙_20260918_서식69의10_소규모개인사업자부가가치세감면신청서.pdf,OK
조세특례제한법 시행규칙,20260918,N,289267,394,69의11,"연안화물선용 경유 교통ㆍ에너지ㆍ환경세 감면세액 환급ㆍ공제 신청서, 연안화물선용 경유 공급명세서","law_archive/B_추가검토/1_법률/08_조세특례제한법/3_시행규칙/서식/조세특례제한법_시행규칙_20260918_서식69의11_연안화물선용경유교통ㆍ에너지ㆍ환경세감면세액환급ㆍ공제신청서,연안화물선용경유공.pdf",OK
조세특례제한법 시행규칙,20260918,N,289267,394,69의12,연안화물선용 경유 교통ㆍ에너지ㆍ환경세 감면세액 환급내역 통보서,law_archive/B_추가검토/1_법률/08_조세특례제한법/3_시행규칙/서식/조세특례제한법_시행규칙_20260918_서식69의12_연안화물선용경유교통ㆍ에너지ㆍ환경세감면세액환급내역통보서.pdf,OK
조세특례제한법 시행규칙,20260918,N,289267,394,69의13,연안화물선용 경유 연간 공급명세서,law_archive/B_추가검토/1_법률/08_조세특례제한법/3_시행규칙/서식/조세특례제한법_시행규칙_20260918_서식69의13_연안화물선용경유연간공급명세서.pdf,OK
조세특례제한법 시행규칙,20260918,N,289267,394,70,증권거래세 세액면제신청서,law_archive/B_추가검토/1_법률/08_조세특례제한법/3_시행규칙/서식/조세특례제한법_시행규칙_20260918_서식70_증권거래세세액면제신청서.pdf,OK
조세특례제한법 시행규칙,20260918,N,289267,394,70의2,조세추징면제여부확인신청서,law_archive/B_추가검토/1_법률/08_조세특례제한법/3_시행규칙/서식/조세특례제한법_시행규칙_20260918_서식70의2_조세추징면제여부확인신청서.pdf,OK
조세특례제한법 시행규칙,20260918,N,289267,394,70의3,조세감면신청에대한결정예고통지서,law_archive/B_추가검토/1_법률/08_조세특례제한법/3_시행규칙/서식/조세특례제한법_시행규칙_20260918_서식70의3_조세감면신청에대한결정예고통지서.pdf,OK
조세특례제한법 시행규칙,20260918,N,289267,394,70의4,공제감면세액 및 배당소득세 계산서,law_archive/B_추가검토/1_법률/08_조세특례제한법/3_시행규칙/서식/조세특례제한법_시행규칙_20260918_서식70의4_공제감면세액및배당소득세계산서.pdf,OK
조세특례제한법 시행규칙,20260918,N,289267,394,70의5,"위험회피거래신고서(주식 파생상품), 일별 파생상품 거래내역","law_archive/B_추가검토/1_법률/08_조세특례제한법/3_시행규칙/서식/조세특례제한법_시행규칙_20260918_서식70의5_위험회피거래신고서(주식파생상품),일별파생상품거래내역.pdf",OK
조세특례제한법 시행규칙,20260918,N,289267,394,70의6,"위험회피거래신고서(주가지수 파생상품), 일별 파생상품 거래내역","law_archive/B_추가검토/1_법률/08_조세특례제한법/3_시행규칙/서식/조세특례제한법_시행규칙_20260918_서식70의6_위험회피거래신고서(주가지수파생상품),일별파생상품거래내역.pdf",OK
조세특례제한법 시행규칙,20260918,N,289267,394,70의7,"시장조성거래신고서, 시장조성거래 세부내역(거래건별)","law_archive/B_추가검토/1_법률/08_조세특례제한법/3_시행규칙/서식/조세특례제한법_시행규칙_20260918_서식70의7_시장조성거래신고서,시장조성거래세부내역(거래건별).pdf",OK
조세특례제한법 시행규칙,20260918,N,289267,394,70의8,"채무상환 및 투자(계획)명세서, 금융기관부채상환(계획)명세서, 투자(계획)명세서","law_archive/B_추가검토/1_법률/08_조세특례제한법/3_시행규칙/서식/조세특례제한법_시행규칙_20260918_서식70의8_채무상환및투자(계획)명세서,금융기관부채상환(계획)명세서,투자(계획)명세서.pdf",OK
조세특례제한법 시행규칙,20260918,N,289267,394,70의9,사업재편계획서(금융채무 상환을 위한 자산매각),law_archive/B_추가검토/1_법률/08_조세특례제한법/3_시행규칙/서식/조세특례제한법_시행규칙_20260918_서식70의9_사업재편계획서(금융채무상환을위한자산매각).pdf,OK
조세특례제한법 시행규칙,20260918,N,289267,394,70의10,사업재편계획이행보고서(금융채무 상환을 위한 자산매각 / 주주등의 자산양도),law_archive/B_추가검토/1_법률/08_조세특례제한법/3_시행규칙/서식/조세특례제한법_시행규칙_20260918_서식70의10_사업재편계획이행보고서(금융채무상환을위한자산매각주주등의자산양도).pdf,OK
조세특례제한법 시행규칙,20260918,N,289267,394,70의11,사업재편계획서(채무의 인수ㆍ변제),law_archive/B_추가검토/1_법률/08_조세특례제한법/3_시행규칙/서식/조세특례제한법_시행규칙_20260918_서식70의11_사업재편계획서(채무의인수ㆍ변제).pdf,OK
조세특례제한법 시행규칙,20260918,N,289267,394,70의12,사업재편계획이행보고서(채무의 인수ㆍ변제),law_archive/B_추가검토/1_법률/08_조세특례제한법/3_시행규칙/서식/조세특례제한법_시행규칙_20260918_서식70의12_사업재편계획이행보고서(채무의인수ㆍ변제).pdf,OK
조세특례제한법 시행규칙,20260918,N,289267,394,70의13,법인양도ㆍ양수 계획서,law_archive/B_추가검토/1_법률/08_조세특례제한법/3_시행규칙/서식/조세특례제한법_시행규칙_20260918_서식70의13_법인양도ㆍ양수계획서.pdf,OK
조세특례제한법 시행규칙,20260918,N,289267,394,70의14,사업재편계획서(주주등의 자산양도),law_archive/B_추가검토/1_법률/08_조세특례제한법/3_시행규칙/서식/조세특례제한법_시행규칙_20260918_서식70의14_사업재편계획서(주주등의자산양도).pdf,OK
조세특례제한법 시행규칙,20260918,N,289267,394,70의15,사업재편계획서(사업재편계획에 따른 채무면제익),law_archive/B_추가검토/1_법률/08_조세특례제한법/3_시행규칙/서식/조세특례제한법_시행규칙_20260918_서식70의15_사업재편계획서(사업재편계획에따른채무면제익).pdf,OK
조세특례제한법 시행규칙,20260918,N,289267,394,70의16,사업재편계획이행보고서(사업재편계획에 따른 채무면제익),law_archive/B_추가검토/1_법률/08_조세특례제한법/3_시행규칙/서식/조세특례제한법_시행규칙_20260918_서식70의16_사업재편계획이행보고서(사업재편계획에따른채무면제익).pdf,OK
조세특례제한법 시행규칙,20260918,N,289267,394,70의17,사업재편계획서(기업 간 주식등의 교환),law_archive/B_추가검토/1_법률/08_조세특례제한법/3_시행규칙/서식/조세특례제한법_시행규칙_20260918_서식70의17_사업재편계획서(기업간주식등의교환).pdf,OK
조세특례제한법 시행규칙,20260918,N,289267,394,70의18,사업재편계획이행보고서(기업 간 주식등의 교환),law_archive/B_추가검토/1_법률/08_조세특례제한법/3_시행규칙/서식/조세특례제한법_시행규칙_20260918_서식70의18_사업재편계획이행보고서(기업간주식등의교환).pdf,OK
조세특례제한법 시행규칙,20260918,N,289267,394,70의19,사업재편계획서(합병에 따른 중복자산의 양도),law_archive/B_추가검토/1_법률/08_조세특례제한법/3_시행규칙/서식/조세특례제한법_시행규칙_20260918_서식70의19_사업재편계획서(합병에따른중복자산의양도).pdf,OK
조세특례제한법 시행규칙,20260918,N,289267,394,70의20,사업재편계획이행보고서(합병에 따른 중복자산의 양도),law_archive/B_추가검토/1_법률/08_조세특례제한법/3_시행규칙/서식/조세특례제한법_시행규칙_20260918_서식70의20_사업재편계획이행보고서(합병에따른중복자산의양도).pdf,OK
조세특례제한법 시행규칙,20260918,N,289267,394,70의21,차익거래신고서,law_archive/B_추가검토/1_법률/08_조세특례제한법/3_시행규칙/서식/조세특례제한법_시행규칙_20260918_서식70의21_차익거래신고서.pdf,OK
조세특례제한법 시행규칙,20260918,N,289267,394,71,매입자납부 익금 및 손금 명세서,law_archive/B_추가검토/1_법률/08_조세특례제한법/3_시행규칙/서식/조세특례제한법_시행규칙_20260918_서식71_매입자납부익금및손금명세서.pdf,OK
조세특례제한법 시행규칙,20260918,N,289267,394,72,수입증가 등 세액공제 신청서(스크랩등 부가가치세 매입자 납부사업자 세액공제용),law_archive/B_추가검토/1_법률/08_조세특례제한법/3_시행규칙/서식/조세특례제한법_시행규칙_20260918_서식72_수입증가등세액공제신청서(스크랩등부가가치세매입자납부사업자세액공제용).pdf,OK
조세특례제한법 시행규칙,20260918,N,289267,394,73,스크랩등 수입업자 부가가치세 환급신청서,law_archive/B_추가검토/1_법률/08_조세특례제한법/3_시행규칙/서식/조세특례제한법_시행규칙_20260918_서식73_스크랩등수입업자부가가치세환급신청서.pdf,OK
조세특례제한법 시행규칙,20260918,N,289267,394,74,삭제 &lt;2011.4.7&gt;,law_archive/B_추가검토/1_법률/08_조세특례제한법/3_시행규칙/서식/조세특례제한법_시행규칙_20260918_서식74_삭제.pdf,삭제별표
조세특례제한법 시행규칙,20260918,N,289267,394,74의2,삭제 &lt;2011.4.7&gt;,law_archive/B_추가검토/1_법률/08_조세특례제한법/3_시행규칙/서식/조세특례제한법_시행규칙_20260918_서식74의2_삭제.pdf,삭제별표
조세특례제한법 시행규칙,20260918,N,289267,394,74의3,삭제 &lt;2008.4.29&gt;,law_archive/B_추가검토/1_법률/08_조세특례제한법/3_시행규칙/서식/조세특례제한법_시행규칙_20260918_서식74의3_삭제.pdf,삭제별표
조세특례제한법 시행규칙,20260918,N,289267,394,74의4,삭제 &lt;2008.4.29&gt;,law_archive/B_추가검토/1_법률/08_조세특례제한법/3_시행규칙/서식/조세특례제한법_시행규칙_20260918_서식74의4_삭제.pdf,삭제별표
조세특례제한법 시행규칙,20260918,N,289267,394,74의5,신용카드등사용금액확인서,law_archive/B_추가검토/1_법률/08_조세특례제한법/3_시행규칙/서식/조세특례제한법_시행규칙_20260918_서식74의5_신용카드등사용금액확인서.pdf,OK
조세특례제한법 시행규칙,20260918,N,289267,394,74의6,신용카드등소득공제신청서,law_archive/B_추가검토/1_법률/08_조세특례제한법/3_시행규칙/서식/조세특례제한법_시행규칙_20260918_서식74의6_신용카드등소득공제신청서.pdf,OK
조세특례제한법 시행규칙,20260918,N,289267,394,74의7,삭제 &lt;2011.4.7&gt;,law_archive/B_추가검토/1_법률/08_조세특례제한법/3_시행규칙/서식/조세특례제한법_시행규칙_20260918_서식74의7_삭제.pdf,삭제별표
조세특례제한법 시행규칙,20260918,N,289267,394,75,현금영수증사업자부가가치세 세액공제신청서,law_archive/B_추가검토/1_법률/08_조세특례제한법/3_시행규칙/서식/조세특례제한법_시행규칙_20260918_서식75_현금영수증사업자부가가치세세액공제신청서.pdf,OK
조세특례제한법 시행규칙,20260918,N,289267,394,76,삭제 &lt;2017. 3. 17.&gt;,law_archive/B_추가검토/1_법률/08_조세특례제한법/3_시행규칙/서식/조세특례제한법_시행규칙_20260918_서식76_삭제.pdf,삭제별표
조세특례제한법 시행규칙,20260918,N,289267,394,76의2,삭제 &lt;2017. 3. 17.&gt;,law_archive/B_추가검토/1_법률/08_조세특례제한법/3_시행규칙/서식/조세특례제한법_시행규칙_20260918_서식76의2_삭제.pdf,삭제별표
조세특례제한법 시행규칙,20260918,N,289267,394,76의3,삭제 &lt;2017. 3. 17.&gt;,law_archive/B_추가검토/1_법률/08_조세특례제한법/3_시행규칙/서식/조세특례제한법_시행규칙_20260918_서식76의3_삭제.pdf,삭제별표
조세특례제한법 시행규칙,20260918,N,289267,394,77,"현금거래 확인신청, 신용카드매출전표ㆍ현금영수증 발급거부 등 신고서","law_archive/B_추가검토/1_법률/08_조세특례제한법/3_시행규칙/서식/조세특례제한법_시행규칙_20260918_서식77_현금거래확인신청,신용카드매출전표ㆍ현금영수증발급거부등신고서.pdf",OK
조세특례제한법 시행규칙,20260918,N,289267,394,78,성실신고 확인비용세액공제신청서,law_archive/B_추가검토/1_법률/08_조세특례제한법/3_시행규칙/서식/조세특례제한법_시행규칙_20260918_서식78_성실신고확인비용세액공제신청서.pdf,OK
조세특례제한법 시행규칙,20260918,N,289267,394,79,삭제 &lt;2003.3.24&gt;,law_archive/B_추가검토/1_법률/08_조세특례제한법/3_시행규칙/서식/조세특례제한법_시행규칙_20260918_서식79_삭제.pdf,삭제별표
조세특례제한법 시행규칙,20260918,N,289267,394,80,"조세감면신청서, 조세감면내용변경신청서","law_archive/B_추가검토/1_법률/08_조세특례제한법/3_시행규칙/서식/조세특례제한법_시행규칙_20260918_서식80_조세감면신청서,조세감면내용변경신청서.pdf",OK
조세특례제한법 시행규칙,20260918,N,289267,394,81,조세감면대상 해당여부 사전확인신청서,law_archive/B_추가검토/1_법률/08_조세특례제한법/3_시행규칙/서식/조세특례제한법_시행규칙_20260918_서식81_조세감면대상해당여부사전확인신청서.pdf,OK
조세특례제한법 시행규칙,20260918,N,289267,394,82,사업개시일신고서,law_archive/B_추가검토/1_법률/08_조세특례제한법/3_시행규칙/서식/조세특례제한법_시행규칙_20260918_서식82_사업개시일신고서.pdf,OK
조세특례제한법 시행규칙,20260918,N,289267,394,82의2,신성장동력산업 기술 투자명세서,law_archive/B_추가검토/1_법률/08_조세특례제한법/3_시행규칙/서식/조세특례제한법_시행규칙_20260918_서식82의2_신성장동력산업기술투자명세서.pdf,OK
조세특례제한법 시행규칙,20260918,N,289267,394,83,관세ㆍ개별소비세ㆍ부가가치세 면제신청서 (외국인투자),law_archive/B_추가검토/1_법률/08_조세특례제한법/3_시행규칙/서식/조세특례제한법_시행규칙_20260918_서식83_관세ㆍ개별소비세ㆍ부가가치세면제신청서(외국인투자).pdf,OK
조세특례제한법 시행규칙,20260918,N,289267,394,84,삭제 &lt;2014.3.14&gt;,law_archive/B_추가검토/1_법률/08_조세특례제한법/3_시행규칙/서식/조세특례제한법_시행규칙_20260918_서식84_삭제.pdf,삭제별표
조세특례제한법 시행규칙,20260918,N,289267,394,84의2,비거주자 등의 보세구역 물류시설의 재고자산 판매이익 원천징수면제신청서,law_archive/B_추가검토/1_법률/08_조세특례제한법/3_시행규칙/서식/조세특례제한법_시행규칙_20260918_서식84의2_비거주자등의보세구역물류시설의재고자산판매이익원천징수면제신청서.pdf,OK
조세특례제한법 시행규칙,20260918,N,289267,394,85,금지금부가가치세납부신고서,law_archive/B_추가검토/1_법률/08_조세특례제한법/3_시행규칙/서식/조세특례제한법_시행규칙_20260918_서식85_금지금부가가치세납부신고서.pdf,OK
조세특례제한법 시행규칙,20260918,N,289267,394,86,금지금부가가치세징수영수증(공급자 보관용),law_archive/B_추가검토/1_법률/08_조세특례제한법/3_시행규칙/서식/조세특례제한법_시행규칙_20260918_서식86_금지금부가가치세징수영수증(공급자보관용).pdf,OK
조세특례제한법 시행규칙,20260918,N,289267,394,87,면세금지금거래사실명세서(갑),law_archive/B_추가검토/1_법률/08_조세특례제한법/3_시행규칙/서식/조세특례제한법_시행규칙_20260918_서식87_면세금지금거래사실명세서(갑).pdf,OK
조세특례제한법 시행규칙,20260918,N,289267,394,88,면세금지금수입사실명세서(갑),law_archive/B_추가검토/1_법률/08_조세특례제한법/3_시행규칙/서식/조세특례제한법_시행규칙_20260918_서식88_면세금지금수입사실명세서(갑).pdf,OK
조세특례제한법 시행규칙,20260918,N,289267,394,89,금지금위탁거래사실명세서(갑),law_archive/B_추가검토/1_법률/08_조세특례제한법/3_시행규칙/서식/조세특례제한법_시행규칙_20260918_서식89_금지금위탁거래사실명세서(갑).pdf,OK
조세특례제한법 시행규칙,20260918,N,289267,394,90,면세금지금추천사실명세서(갑),law_archive/B_추가검토/1_법률/08_조세특례제한법/3_시행규칙/서식/조세특례제한법_시행규칙_20260918_서식90_면세금지금추천사실명세서(갑).pdf,OK
조세특례제한법 시행규칙,20260918,N,289267,394,91,면세금지금거래승인신청서(금지금도매업자등),law_archive/B_추가검토/1_법률/08_조세특례제한법/3_시행규칙/서식/조세특례제한법_시행규칙_20260918_서식91_면세금지금거래승인신청서(금지금도매업자등).pdf,OK
조세특례제한법 시행규칙,20260918,N,289267,394,92,면세금지금거래(수입)추천승인신청서,law_archive/B_추가검토/1_법률/08_조세특례제한법/3_시행규칙/서식/조세특례제한법_시행규칙_20260918_서식92_면세금지금거래(수입)추천승인신청서.pdf,OK
조세특례제한법 시행규칙,20260918,N,289267,394,93,면세금지금거래승인신청서(금세공업자등),law_archive/B_추가검토/1_법률/08_조세특례제한법/3_시행규칙/서식/조세특례제한법_시행규칙_20260918_서식93_면세금지금거래승인신청서(금세공업자등).pdf,OK
조세특례제한법 시행규칙,20260918,N,289267,394,94,면세금지금거래승인변경신고서,law_archive/B_추가검토/1_법률/08_조세특례제한법/3_시행규칙/서식/조세특례제한법_시행규칙_20260918_서식94_면세금지금거래승인변경신고서.pdf,OK
조세특례제한법 시행규칙,20260918,N,289267,394,95,면세금지금거래(수입)추천자변경신고서,law_archive/B_추가검토/1_법률/08_조세특례제한법/3_시행규칙/서식/조세특례제한법_시행규칙_20260918_서식95_면세금지금거래(수입)추천자변경신고서.pdf,OK
조세특례제한법 시행규칙,20260918,N,289267,394,96,금지금부가가치세환급신고서,law_archive/B_추가검토/1_법률/08_조세특례제한법/3_시행규칙/서식/조세특례제한법_시행규칙_20260918_서식96_금지금부가가치세환급신고서.pdf,OK
조세특례제한법 시행규칙,20260918,N,289267,394,96의2,면세금지금 납세담보제공 확인서,law_archive/B_추가검토/1_법률/08_조세특례제한법/3_시행규칙/서식/조세특례제한법_시행규칙_20260918_서식96의2_면세금지금납세담보제공확인서.pdf,OK
조세특례제한법 시행규칙,20260918,N,289267,394,97,관세 및 부가가치세 면제확인신청서,law_archive/B_추가검토/1_법률/08_조세특례제한법/3_시행규칙/서식/조세특례제한법_시행규칙_20260918_서식97_관세및부가가치세면제확인신청서.pdf,OK
조세특례제한법 시행규칙,20260918,N,289267,394,98,삭제 &lt;2009.4.7&gt;,law_archive/B_추가검토/1_법률/08_조세특례제한법/3_시행규칙/서식/조세특례제한법_시행규칙_20260918_서식98_삭제.pdf,삭제별표
조세특례제한법 시행규칙,20260918,N,289267,394,99,금관련 제품 수입업자 부가가치세 환급 신청서,law_archive/B_추가검토/1_법률/08_조세특례제한법/3_시행규칙/서식/조세특례제한법_시행규칙_20260918_서식99_금관련제품수입업자부가가치세환급신청서.pdf,OK
조세특례제한법 시행규칙,20260918,N,289267,394,100,삭제 &lt;2014.3.14&gt;,law_archive/B_추가검토/1_법률/08_조세특례제한법/3_시행규칙/서식/조세특례제한법_시행규칙_20260918_서식100_삭제.pdf,삭제별표
조세특례제한법 시행규칙,20260918,N,289267,394,101,삭제 &lt;2014.3.14&gt;,law_archive/B_추가검토/1_법률/08_조세특례제한법/3_시행규칙/서식/조세특례제한법_시행규칙_20260918_서식101_삭제.pdf,삭제별표
조세특례제한법 시행규칙,20260918,N,289267,394,102,삭제 &lt;2014.3.14&gt;,law_archive/B_추가검토/1_법률/08_조세특례제한법/3_시행규칙/서식/조세특례제한법_시행규칙_20260918_서식102_삭제.pdf,삭제별표
조세특례제한법 시행규칙,20260918,N,289267,394,103,금지금 제조반출 명세서,law_archive/B_추가검토/1_법률/08_조세특례제한법/3_시행규칙/서식/조세특례제한법_시행규칙_20260918_서식103_금지금제조반출명세서.pdf,OK
조세특례제한법 시행규칙,20260918,N,289267,394,104,동업기업과세특례 적용신청서,law_archive/B_추가검토/1_법률/08_조세특례제한법/3_시행규칙/서식/조세특례제한법_시행규칙_20260918_서식104_동업기업과세특례적용신청서.pdf,OK
조세특례제한법 시행규칙,20260918,N,289267,394,104의2,동업기업과세특례 포기신청서,law_archive/B_추가검토/1_법률/08_조세특례제한법/3_시행규칙/서식/조세특례제한법_시행규칙_20260918_서식104의2_동업기업과세특례포기신청서.pdf,OK
조세특례제한법 시행규칙,20260918,N,289267,394,105,준청산소득에 대한 법인세과세표준 및 세액신고서,law_archive/B_추가검토/1_법률/08_조세특례제한법/3_시행규칙/서식/조세특례제한법_시행규칙_20260918_서식105_준청산소득에대한법인세과세표준및세액신고서.pdf,OK
조세특례제한법 시행규칙,20260918,N,289267,394,106,휴면예금출연명세서,law_archive/B_추가검토/1_법률/08_조세특례제한법/3_시행규칙/서식/조세특례제한법_시행규칙_20260918_서식106_휴면예금출연명세서.pdf,OK
조세특례제한법 시행규칙,20260918,N,289267,394,106의2,신용회복목적회사 출연명세서,law_archive/B_추가검토/1_법률/08_조세특례제한법/3_시행규칙/서식/조세특례제한법_시행규칙_20260918_서식106의2_신용회복목적회사출연명세서.pdf,OK
조세특례제한법 시행규칙,20260918,N,289267,394,107,동업기업 소득계산 및 배분명세 신고서,law_archive/B_추가검토/1_법률/08_조세특례제한법/3_시행규칙/서식/조세특례제한법_시행규칙_20260918_서식107_동업기업소득계산및배분명세신고서.pdf,OK
조세특례제한법 시행규칙,20260918,N,289267,394,108,"지분가액 조정명세서, 출자지분 양도명세서","law_archive/B_추가검토/1_법률/08_조세특례제한법/3_시행규칙/서식/조세특례제한법_시행규칙_20260918_서식108_지분가액조정명세서,출자지분양도명세서.pdf",OK
조세특례제한법 시행규칙,20260918,N,289267,394,109,배분한도 초과결손금계산서,law_archive/B_추가검토/1_법률/08_조세특례제한법/3_시행규칙/서식/조세특례제한법_시행규칙_20260918_서식109_배분한도초과결손금계산서.pdf,OK
조세특례제한법 시행규칙,20260918,N,289267,394,110,수동적동업자 이월결손금계산서,law_archive/B_추가검토/1_법률/08_조세특례제한법/3_시행규칙/서식/조세특례제한법_시행규칙_20260918_서식110_수동적동업자이월결손금계산서.pdf,OK
조세특례제한법 시행규칙,20260918,N,289267,394,111,동업기업 세액배분명세서,law_archive/B_추가검토/1_법률/08_조세특례제한법/3_시행규칙/서식/조세특례제한법_시행규칙_20260918_서식111_동업기업세액배분명세서.pdf,OK
조세특례제한법 시행규칙,20260918,N,289267,394,112,배당금등의제액상당액 손금산입명세서,law_archive/B_추가검토/1_법률/08_조세특례제한법/3_시행규칙/서식/조세특례제한법_시행규칙_20260918_서식112_배당금등의제액상당액손금산입명세서.pdf,OK
조세특례제한법 시행규칙,20260918,N,289267,394,113,제주투자진흥지구 관세 면제 확인(신청)서,law_archive/B_추가검토/1_법률/08_조세특례제한법/3_시행규칙/서식/조세특례제한법_시행규칙_20260918_서식113_제주투자진흥지구관세면제확인(신청)서.pdf,OK
조세특례제한법 시행규칙,20260918,N,289267,394,114,미환류소득에 대한 법인세 신고서,law_archive/B_추가검토/1_법률/08_조세특례제한법/3_시행규칙/서식/조세특례제한법_시행규칙_20260918_서식114_미환류소득에대한법인세신고서.pdf,OK
조세특례제한법 시행규칙,20260918,N,289267,394,115,저축지원을 위한 조세특례의 제한 통보에 대한 의견서,law_archive/B_추가검토/1_법률/08_조세특례제한법/3_시행규칙/서식/조세특례제한법_시행규칙_20260918_서식115_저축지원을위한조세특례의제한통보에대한의견서.pdf,OK
