순번,요청명,정식명,폴더,체계도상위법률,배치규칙
1,금융지주회사감독규정,금융지주회사감독규정,law_archive/B_추가검토/2_행정규칙/금융지주회사법/01_금융지주회사감독규정,금융지주회사법,체계도에 이 규칙을 올린 법률 중 목록(A→B-1) 순서상 첫째
2,금융지주회사감독규정 시행세칙,금융지주회사감독규정시행세칙,law_archive/B_추가검토/2_행정규칙/금융지주회사법/02_금융지주회사감독규정시행세칙,금융지주회사법 · 금융산업의 구조개선에 관한 법률,체계도에 이 규칙을 올린 법률 중 목록(A→B-1) 순서상 첫째
3,금융회사 지배구조 감독규정,금융회사 지배구조 감독규정,law_archive/B_추가검토/2_행정규칙/상법/03_금융회사지배구조감독규정,상법 · 금융회사의 지배구조에 관한 법률,체계도에 이 규칙을 올린 법률 중 목록(A→B-1) 순서상 첫째
4,금융회사 지배구조 감독규정 시행세칙,금융회사 지배구조 감독규정 시행세칙,law_archive/B_추가검토/2_행정규칙/금융회사의지배구조에관한법률/04_금융회사지배구조감독규정시행세칙,금융회사의 지배구조에 관한 법률,체계도에 이 규칙을 올린 법률 중 목록(A→B-1) 순서상 첫째
5,보험업감독규정,보험업감독규정,law_archive/B_추가검토/2_행정규칙/외국환거래법/05_보험업감독규정,외국환거래법 · 보험업법 · 금융산업의 구조개선에 관한 법률 · 법인세법,체계도에 이 규칙을 올린 법률 중 목록(A→B-1) 순서상 첫째
6,보험업감독업무시행세칙,보험업감독업무시행세칙,law_archive/B_추가검토/2_행정규칙/외국환거래법/06_보험업감독업무시행세칙,외국환거래법 · 보험업법 · 금융위원회의 설치 등에 관한 법률,체계도에 이 규칙을 올린 법률 중 목록(A→B-1) 순서상 첫째
7,금융회사의 업무위탁 등에 관한 규정,금융기관의 업무위탁 등에 관한 규정,law_archive/B_추가검토/2_행정규칙/금융위원회의설치등에관한법률/07_금융기관의업무위탁등에관한규정,금융위원회의 설치 등에 관한 법률,체계도에 이 규칙을 올린 법률 중 목록(A→B-1) 순서상 첫째
8,금융회사의 정보처리 업무 위탁에 관한 규정,금융회사의 정보처리 업무 위탁에 관한 규정,law_archive/B_추가검토/2_행정규칙/00_체계도미연결/08_금융회사의정보처리업무위탁에관한규정,(체계도 미연결),체계도에 이 규칙을 올린 법률 중 목록(A→B-1) 순서상 첫째
9,전자금융감독규정,전자금융감독규정,law_archive/B_추가검토/2_행정규칙/전자금융거래법/09_전자금융감독규정,전자금융거래법,체계도에 이 규칙을 올린 법률 중 목록(A→B-1) 순서상 첫째
10,전자금융감독규정시행세칙,전자금융감독규정시행세칙,law_archive/B_추가검토/2_행정규칙/전자금융거래법/10_전자금융감독규정시행세칙,전자금융거래법,체계도에 이 규칙을 올린 법률 중 목록(A→B-1) 순서상 첫째
11,신용정보업감독규정,신용정보업감독규정,law_archive/B_추가검토/2_행정규칙/신용정보의이용및보호에관한법률/11_신용정보업감독규정,신용정보의 이용 및 보호에 관한 법률,체계도에 이 규칙을 올린 법률 중 목록(A→B-1) 순서상 첫째
12,금융소비자 보호에 관한 감독규정,금융소비자 보호에 관한 감독규정,law_archive/B_추가검토/2_행정규칙/금융소비자보호에관한법률/12_금융소비자보호에관한감독규정,금융소비자 보호에 관한 법률,체계도에 이 규칙을 올린 법률 중 목록(A→B-1) 순서상 첫째
13,외국환거래규정,외국환거래규정,law_archive/B_추가검토/2_행정규칙/외국환거래법/13_외국환거래규정,외국환거래법 · 조세특례제한법,체계도에 이 규칙을 올린 법률 중 목록(A→B-1) 순서상 첫째
14,개인정보의 안전성 확보조치 기준,개인정보의 안전성 확보조치 기준,law_archive/B_추가검토/2_행정규칙/개인정보보호법/14_개인정보의안전성확보조치기준,개인정보 보호법,체계도에 이 규칙을 올린 법률 중 목록(A→B-1) 순서상 첫째
15,자금세탁방지 및 공중협박자금조달금지에 관한 업무규정,자금세탁방지 및 공중협박자금조달금지에 관한 업무규정,law_archive/B_추가검토/2_행정규칙/특정금융거래정보의보고및이용등에관한법률/15_자금세탁방지및공중협박자금조달금지에관한업무규정,특정 금융거래정보의 보고 및 이용 등에 관한 법률,체계도에 이 규칙을 올린 법률 중 목록(A→B-1) 순서상 첫째
16,특정 금융거래정보 보고 및 감독규정,특정 금융거래정보 보고 및 감독규정,law_archive/B_추가검토/2_행정규칙/특정금융거래정보의보고및이용등에관한법률/16_특정금융거래정보보고및감독규정,특정 금융거래정보의 보고 및 이용 등에 관한 법률,체계도에 이 규칙을 올린 법률 중 목록(A→B-1) 순서상 첫째
17,금융기관 검사 및 제재에 관한 규정,금융기관검사및제재에관한규정,law_archive/B_추가검토/2_행정규칙/자본시장과금융투자업에관한법률/17_금융기관검사및제재에관한규정,자본시장과 금융투자업에 관한 법률 · 전자금융거래법 · 금융지주회사법 · 금융위원회의 설치 등에 관한 법률,체계도에 이 규칙을 올린 법률 중 목록(A→B-1) 순서상 첫째
18,금융기관 검사 및 제재에 관한 규정 시행세칙,금융기관 검사 및 제재에 관한 규정 시행세칙,law_archive/B_추가검토/2_행정규칙/신용정보의이용및보호에관한법률/18_금융기관검사및제재에관한규정시행세칙,신용정보의 이용 및 보호에 관한 법률 · 자본시장과 금융투자업에 관한 법률 · 전자금융거래법 · 금융지주회사법 · 금융위원회의 설치 등에 관한 법률,체계도에 이 규칙을 올린 법률 중 목록(A→B-1) 순서상 첫째
