corp_label,fy,rcept_no,report_nm,rcept_dt,설립첫해구분,성명,직위,등기임원여부,상근여부,담당업무_원문,주요경력,출생년월,성별,원문헤더,원문행,fetched_at,status,raw_path,raw_sha256
메리츠금융지주,2011,20110629000474,사업보고서 (2011.03),20110629,설립첫해(지정),박의헌,대표이사사장,등기임원,상근,총괄,연세대 경제학연세대 경영대학원 석사베인앤컴퍼니 컨설팅 이사부즈앨런해밀턴코리아 컨설팅부사장A.T.커니 컨설팅 부사장메리츠화재해상보험(주) 부사장,1964.05,,성명 | 출생년월 | 직위 | 등기임원여부 | 상근여부 | 담당업무 | 주요경력 | 소유주식수·보통주 | 소유주식수·우선주 | 재직기간 | 임기만료일,박의헌 | 1964.05 | 대표이사사장 | 등기임원 | 상근 | 총괄 | 연세대 경제학연세대 경영대학원 석사베인앤컴퍼니 컨설팅 이사부즈앨런해밀턴코리아 컨설팅부사장A.T.커니 컨설팅 부사장메리츠화재해상보험(주) 부사장 | - | - | 2011.06.22~현재 | 2014.06.21,2026-09-22T11:39:59+09:00,000,raw/document/20110629000474.zip,a8a1cfae4f5c489c76497049ac00dc7182d35ae1e34fa0b8270ef42dc4756c51
메리츠금융지주,2011,20110629000474,사업보고서 (2011.03),20110629,설립첫해(지정),강길만,이사,등기임원,상근,상근감사위원,건국대 수학교육학 금감원 보험계리실 실장 금감원 보험감독국 부국장 금감원 분쟁조정국 국장,1956.01,,성명 | 출생년월 | 직위 | 등기임원여부 | 상근여부 | 담당업무 | 주요경력 | 소유주식수·보통주 | 소유주식수·우선주 | 재직기간 | 임기만료일,강길만 | 1956.01 | 이사 | 등기임원 | 상근 | 상근감사위원 | 건국대 수학교육학 금감원 보험계리실 실장 금감원 보험감독국 부국장 금감원 분쟁조정국 국장 | - | - | 2011.03.28~현재 | 2014.06.21,2026-09-22T11:39:59+09:00,000,raw/document/20110629000474.zip,a8a1cfae4f5c489c76497049ac00dc7182d35ae1e34fa0b8270ef42dc4756c51
메리츠금융지주,2011,20110629000474,사업보고서 (2011.03),20110629,설립첫해(지정),김국주,사외이사,등기임원,비상근,"감사위원회 위원장, 보상위원회 위원, 사외이사후보추천위원회 위원, 감사위원후보추천위원회 위원",서울대 경제학 NewYork Univ. 경제학 석사 제주은행 은행장 금호종금 사외이사/감사위원장,1946.01,,성명 | 출생년월 | 직위 | 등기임원여부 | 상근여부 | 담당업무 | 주요경력 | 소유주식수·보통주 | 소유주식수·우선주 | 재직기간 | 임기만료일,"김국주 | 1946.01 | 사외이사 | 등기임원 | 비상근 | 감사위원회 위원장, 보상위원회 위원, 사외이사후보추천위원회 위원, 감사위원후보추천위원회 위원 | 서울대 경제학 NewYork Univ. 경제학 석사 제주은행 은행장 금호종금 사외이사/감사위원장 | - | - | 2011.03.28~현재 | 2014.06.21",2026-09-22T11:39:59+09:00,000,raw/document/20110629000474.zip,a8a1cfae4f5c489c76497049ac00dc7182d35ae1e34fa0b8270ef42dc4756c51
메리츠금융지주,2011,20110629000474,사업보고서 (2011.03),20110629,설립첫해(지정),김명직,사외이사,등기임원,비상근,감사위원후보추천위원회 위원,한양대 경제학Univ of Washington 경제학 석사/박사한국채권연구원 이사금융감독원 바젤 II 승인심사위원회 위원금융위원회 시장효율화위원회 위원장,1959.10,,성명 | 출생년월 | 직위 | 등기임원여부 | 상근여부 | 담당업무 | 주요경력 | 소유주식수·보통주 | 소유주식수·우선주 | 재직기간 | 임기만료일,김명직 | 1959.10 | 사외이사 | 등기임원 | 비상근 | 감사위원후보추천위원회 위원 | 한양대 경제학Univ of Washington 경제학 석사/박사한국채권연구원 이사금융감독원 바젤 II 승인심사위원회 위원금융위원회 시장효율화위원회 위원장 | - | - | 2011.06.22~현재 | 2014.06.21,2026-09-22T11:39:59+09:00,000,raw/document/20110629000474.zip,a8a1cfae4f5c489c76497049ac00dc7182d35ae1e34fa0b8270ef42dc4756c51
메리츠금융지주,2011,20110629000474,사업보고서 (2011.03),20110629,설립첫해(지정),강성룡,사외이사,등기임원,비상근,"감사위원회 위원, 보상위원회 위원, 리스크관리위원회 위원, 감사위원후보추천위원회 위원",美 심프슨대 경제학 美 메릴랜드주립대 경제학석사 Univ of Georgetown 법학박사 법무법인 세종 외국변호사 現삼성전기 사외이사/감사위원,1948.04,,성명 | 출생년월 | 직위 | 등기임원여부 | 상근여부 | 담당업무 | 주요경력 | 소유주식수·보통주 | 소유주식수·우선주 | 재직기간 | 임기만료일,"강성룡 | 1948.04 | 사외이사 | 등기임원 | 비상근 | 감사위원회 위원, 보상위원회 위원, 리스크관리위원회 위원, 감사위원후보추천위원회 위원 | 美 심프슨대 경제학 美 메릴랜드주립대 경제학석사 Univ of Georgetown 법학박사 법무법인 세종 외국변호사 現삼성전기 사외이사/감사위원 | - | - | 2011.03.28~현재 | 2014.06.21",2026-09-22T11:39:59+09:00,000,raw/document/20110629000474.zip,a8a1cfae4f5c489c76497049ac00dc7182d35ae1e34fa0b8270ef42dc4756c51
메리츠금융지주,2011,20110629000474,사업보고서 (2011.03),20110629,설립첫해(지정),김동원,사외이사,등기임원,비상근,"리스크관리위원회 위원, 감사위원후보추천위원회 위원",고려대 경제학 고려대 경제학 석/박사 금융감독원 부원장보 現 중소기업은행 사외이사,1953.03,,성명 | 출생년월 | 직위 | 등기임원여부 | 상근여부 | 담당업무 | 주요경력 | 소유주식수·보통주 | 소유주식수·우선주 | 재직기간 | 임기만료일,"김동원 | 1953.03 | 사외이사 | 등기임원 | 비상근 | 리스크관리위원회 위원, 감사위원후보추천위원회 위원 | 고려대 경제학 고려대 경제학 석/박사 금융감독원 부원장보 現 중소기업은행 사외이사 | - | - | 2011.03.28~현재 | 2014.06.21",2026-09-22T11:39:59+09:00,000,raw/document/20110629000474.zip,a8a1cfae4f5c489c76497049ac00dc7182d35ae1e34fa0b8270ef42dc4756c51
메리츠금융지주,2011,20110629000474,사업보고서 (2011.03),20110629,설립첫해(지정),정경태,상무보,미등기임원,상근,경영전략팀장,고려대학교 정치외교학과삼성화재 차장메리츠화재 상무보,1965.10,,성명 | 출생년월 | 직위 | 등기임원여부 | 상근여부 | 담당업무 | 주요경력 | 소유주식수·보통주 | 소유주식수·우선주 | 재직기간 | 임기만료일,정경태 | 1965.10 | 상무보 | 미등기임원 | 상근 | 경영전략팀장 | 고려대학교 정치외교학과삼성화재 차장메리츠화재 상무보 | - | - | 2011.03.28~현재 | -,2026-09-22T11:39:59+09:00,000,raw/document/20110629000474.zip,a8a1cfae4f5c489c76497049ac00dc7182d35ae1e34fa0b8270ef42dc4756c51
메리츠금융지주,2011,20110629000474,사업보고서 (2011.03),20110629,설립첫해(지정),김승문,상무보,미등기임원,상근,경영관리팀장,중앙대학교메리츠종금증권 상무보,1964.07,,성명 | 출생년월 | 직위 | 등기임원여부 | 상근여부 | 담당업무 | 주요경력 | 소유주식수·보통주 | 소유주식수·우선주 | 재직기간 | 임기만료일,김승문 | 1964.07 | 상무보 | 미등기임원 | 상근 | 경영관리팀장 | 중앙대학교메리츠종금증권 상무보 | - | - | 2011.03.28~현재 | -,2026-09-22T11:39:59+09:00,000,raw/document/20110629000474.zip,a8a1cfae4f5c489c76497049ac00dc7182d35ae1e34fa0b8270ef42dc4756c51
메리츠금융지주,2011,20110629000474,사업보고서 (2011.03),20110629,설립첫해(지정),유훈,상무보,미등기임원,상근,리스크관리팀장,호주 Macquarie 대학교 경제학과호주 KPMG 시니어한국 Ernst&young 본부장메리츠화재 상무보,1968.07,,성명 | 출생년월 | 직위 | 등기임원여부 | 상근여부 | 담당업무 | 주요경력 | 소유주식수·보통주 | 소유주식수·우선주 | 재직기간 | 임기만료일,유훈 | 1968.07 | 상무보 | 미등기임원 | 상근 | 리스크관리팀장 | 호주 Macquarie 대학교 경제학과호주 KPMG 시니어한국 Ernst&young 본부장메리츠화재 상무보 | - | - | 2011.03.28~현재 | -,2026-09-22T11:39:59+09:00,000,raw/document/20110629000474.zip,a8a1cfae4f5c489c76497049ac00dc7182d35ae1e34fa0b8270ef42dc4756c51
BNK금융지주,2011,20120330002741,사업보고서 (2011.12),20120330,설립첫해(최소연도),이장호,대표이사 회장,등기임원,상근,그룹경영총괄 (이사회운영위원회) (리스크관리위원회) (자회사CEO후보 추천위원회),65.02 부산상고 졸업 73.02 동아대 영문학과 졸업 86.08 동아대 대학원(경제행정학 석사) 06.02 부산대 국제전문대학원(국제학 석사) 06.03 ㈜부산은행 은행장 11.03 ㈜BS금융지주 대표이사 회장(現),1947.04,,성명 | 출생년월 | 직위 | 등기임원여부 | 상근여부 | 담당업무 | 주요경력 | 소유주식수·보통주 | 소유주식수·우선주 | 재직기간 | 임기만료일,"이장호 | 1947.04 | 대표이사 회장 | 등기임원 | 상근 | 그룹경영총괄 (이사회운영위원회) (리스크관리위원회) (자회사CEO후보 추천위원회) | 65.02 부산상고 졸업 73.02 동아대 영문학과 졸업 86.08 동아대 대학원(경제행정학 석사) 06.02 부산대 국제전문대학원(국제학 석사) 06.03 ㈜부산은행 은행장 11.03 ㈜BS금융지주 대표이사 회장(現) | 55,910 | - | - | 2014.03.15",2026-09-22T11:40:17+09:00,000,raw/document/20120330002741.zip,2b43a0eb336d5c8388fde578ed79b205c021f29b0523c989ff2a6207620b7b79
BNK금융지주,2011,20120330002741,사업보고서 (2011.12),20120330,설립첫해(최소연도),임영록,부사장,등기임원,상근,총괄 전략재무본부 (리스크관리위원회) (사외이사후보 추천위원회) (자회사CEO후보 추천위원회),71.02 부산상고 06.03 ㈜부산은행 부행장보 08.01 동행 부행장 12.03 ㈜BS금융지주 부사장 (現),1952.05,,성명 | 출생년월 | 직위 | 등기임원여부 | 상근여부 | 담당업무 | 주요경력 | 소유주식수·보통주 | 소유주식수·우선주 | 재직기간 | 임기만료일,"임영록 | 1952.05 | 부사장 | 등기임원 | 상근 | 총괄 전략재무본부 (리스크관리위원회) (사외이사후보 추천위원회) (자회사CEO후보 추천위원회) | 71.02 부산상고 06.03 ㈜부산은행 부행장보 08.01 동행 부행장 12.03 ㈜BS금융지주 부사장 (現) | 12,754 | - | - | 2013.03.27",2026-09-22T11:40:17+09:00,000,raw/document/20120330002741.zip,2b43a0eb336d5c8388fde578ed79b205c021f29b0523c989ff2a6207620b7b79
BNK금융지주,2011,20120330002741,사업보고서 (2011.12),20120330,설립첫해(최소연도),김성호,사외이사,등기임원,비상근,(경영발전보상위원회) (감사위원 후보 추천위원회) (감사위원회) (자회사CEO후보 추천위원회),68.02 부산 브니엘고 졸업 72.02 고려대학교 법학과 졸업 87. 美 조지워싱턴대 법과대학원 석사 03. 건국대학교 대학원(법학박사) 06.08 법무부 장관 07.12 (재)행복세상 이사장 (現) 11.03 ㈜BS금융지주 사외이사(現),1950.03,,성명 | 출생년월 | 직위 | 등기임원여부 | 상근여부 | 담당업무 | 주요경력 | 소유주식수·보통주 | 소유주식수·우선주 | 재직기간 | 임기만료일,김성호 | 1950.03 | 사외이사 | 등기임원 | 비상근 | (경영발전보상위원회) (감사위원 후보 추천위원회) (감사위원회) (자회사CEO후보 추천위원회) | 68.02 부산 브니엘고 졸업 72.02 고려대학교 법학과 졸업 87. 美 조지워싱턴대 법과대학원 석사 03. 건국대학교 대학원(법학박사) 06.08 법무부 장관 07.12 (재)행복세상 이사장 (現) 11.03 ㈜BS금융지주 사외이사(現) | - | - | - | 2013.03.15,2026-09-22T11:40:17+09:00,000,raw/document/20120330002741.zip,2b43a0eb336d5c8388fde578ed79b205c021f29b0523c989ff2a6207620b7b79
BNK금융지주,2011,20120330002741,사업보고서 (2011.12),20120330,설립첫해(최소연도),김우석,사외이사,등기임원,비상근,(이사회운영위원회) (리스크관리위원회) (경영발전보상위원회) (사외이사 후보 추천위원회) (감사위원 후보 추천위원회) (감사위원회),65.02 영양고 졸업 69.01 건국대학교 무역학과 졸업 79.06 美 윌리암스 대학원 경제학 석사 91.03 필리핀 산토토마스 대학원 경제학 박사 05.01 한국자산관리공사 사장 08.01 예일회계법인 회장(現) 11.03 ㈜BS금융지주 사외이사(現),1947.06,,성명 | 출생년월 | 직위 | 등기임원여부 | 상근여부 | 담당업무 | 주요경력 | 소유주식수·보통주 | 소유주식수·우선주 | 재직기간 | 임기만료일,김우석 | 1947.06 | 사외이사 | 등기임원 | 비상근 | (이사회운영위원회) (리스크관리위원회) (경영발전보상위원회) (사외이사 후보 추천위원회) (감사위원 후보 추천위원회) (감사위원회) | 65.02 영양고 졸업 69.01 건국대학교 무역학과 졸업 79.06 美 윌리암스 대학원 경제학 석사 91.03 필리핀 산토토마스 대학원 경제학 박사 05.01 한국자산관리공사 사장 08.01 예일회계법인 회장(現) 11.03 ㈜BS금융지주 사외이사(現) | - | - | - | 2013.03.15,2026-09-22T11:40:17+09:00,000,raw/document/20120330002741.zip,2b43a0eb336d5c8388fde578ed79b205c021f29b0523c989ff2a6207620b7b79
BNK금융지주,2011,20120330002741,사업보고서 (2011.12),20120330,설립첫해(최소연도),이종수,사외이사,등기임원,비상근,(리스크관리위원회) (경영발전보상위원회) (사외이사 후보 추천위원회) (감사위원 후보 추천위원회),67.02 경기고 졸업 71.02 서울대학교 철학과 졸업 77.02 서울대 행정대학원 행정학 석사 91.08 서울대 행정대학원 행정학 박사 83.09 한성대학교 교수(現) 03.01 (사)한국행정학회 회장 10.05 서울경찰청 인권위원회 위원장(現) 11.03 ㈜BS금융지주 사외이사,1948.02,,성명 | 출생년월 | 직위 | 등기임원여부 | 상근여부 | 담당업무 | 주요경력 | 소유주식수·보통주 | 소유주식수·우선주 | 재직기간 | 임기만료일,이종수 | 1948.02 | 사외이사 | 등기임원 | 비상근 | (리스크관리위원회) (경영발전보상위원회) (사외이사 후보 추천위원회) (감사위원 후보 추천위원회) | 67.02 경기고 졸업 71.02 서울대학교 철학과 졸업 77.02 서울대 행정대학원 행정학 석사 91.08 서울대 행정대학원 행정학 박사 83.09 한성대학교 교수(現) 03.01 (사)한국행정학회 회장 10.05 서울경찰청 인권위원회 위원장(現) 11.03 ㈜BS금융지주 사외이사 | - | - | - | 2013.03.15,2026-09-22T11:40:17+09:00,000,raw/document/20120330002741.zip,2b43a0eb336d5c8388fde578ed79b205c021f29b0523c989ff2a6207620b7b79
BNK금융지주,2011,20120330002741,사업보고서 (2011.12),20120330,설립첫해(최소연도),김종화,사외이사,등기임원,비상근,(리스크관리위원회) (경영발전보상위원회) (사외이사 후보 추천위원회) (감사위원 후보 추천위원회) (감사위원회),67.02 경남고등학교 졸업 71.02 서울대학교 무역학과 졸업 82. 호주 Univ.of New England 대학원 경제학과 석사 96. 호주 Griffith Univ. 대학원 경제학 박사 82.03 덕성여자대학교 경제학 교수(現) 99.11 덕성여자대학교 총장(직무대행)(~00.03)11.03 부산은행 사외이사(現),1947.06,,성명 | 출생년월 | 직위 | 등기임원여부 | 상근여부 | 담당업무 | 주요경력 | 소유주식수·보통주 | 소유주식수·우선주 | 재직기간 | 임기만료일,김종화 | 1947.06 | 사외이사 | 등기임원 | 비상근 | (리스크관리위원회) (경영발전보상위원회) (사외이사 후보 추천위원회) (감사위원 후보 추천위원회) (감사위원회) | 67.02 경남고등학교 졸업 71.02 서울대학교 무역학과 졸업 82. 호주 Univ.of New England 대학원 경제학과 석사 96. 호주 Griffith Univ. 대학원 경제학 박사 82.03 덕성여자대학교 경제학 교수(現) 99.11 덕성여자대학교 총장(직무대행)(~00.03)11.03 부산은행 사외이사(現) | - | - | - | 2013.03.15,2026-09-22T11:40:17+09:00,000,raw/document/20120330002741.zip,2b43a0eb336d5c8388fde578ed79b205c021f29b0523c989ff2a6207620b7b79
BNK금융지주,2011,20120330002741,사업보고서 (2011.12),20120330,설립첫해(최소연도),채정병,비상임 이사,등기임원,비상근,(이사회운영위원회) (경영발전보상위원회) (자회사CEO 후보 추천위원회),69.02 경복고 졸업 74.02 연세대학교 경제학과 졸업 07.04 롯데쇼핑㈜ 부사장 11.02 롯데쇼핑㈜ 사장(現) 11.03 ㈜BS금융지주 사외이사(現),1950.11,,성명 | 출생년월 | 직위 | 등기임원여부 | 상근여부 | 담당업무 | 주요경력 | 소유주식수·보통주 | 소유주식수·우선주 | 재직기간 | 임기만료일,채정병 | 1950.11 | 비상임 이사 | 등기임원 | 비상근 | (이사회운영위원회) (경영발전보상위원회) (자회사CEO 후보 추천위원회) | 69.02 경복고 졸업 74.02 연세대학교 경제학과 졸업 07.04 롯데쇼핑㈜ 부사장 11.02 롯데쇼핑㈜ 사장(現) 11.03 ㈜BS금융지주 사외이사(現) | - | - | - | 2014.03.15,2026-09-22T11:40:17+09:00,000,raw/document/20120330002741.zip,2b43a0eb336d5c8388fde578ed79b205c021f29b0523c989ff2a6207620b7b79
BNK금융지주,2011,20120330002741,사업보고서 (2011.12),20120330,설립첫해(최소연도),오거돈,사외이사,등기임원,비상근,(이사회운영위원회) (감사위원 후보 추천위원회) (감사위원회) (자회사CEO 후보 추천위원회),67.02 경남고등학교 졸업 71.02 서울대학교 철학과 졸업 73.02 서울대학교 행정대학원 석사 03.02 동아대학교 대학원 행정학 박사 05.01 해양수산부 장관 08.03 한국해양대학교 총장 12.03 대한민국 한국해양연맹 총재(現) 12.03 ㈜BS금융지주 사외이사(現),1948.10,,성명 | 출생년월 | 직위 | 등기임원여부 | 상근여부 | 담당업무 | 주요경력 | 소유주식수·보통주 | 소유주식수·우선주 | 재직기간 | 임기만료일,오거돈 | 1948.10 | 사외이사 | 등기임원 | 비상근 | (이사회운영위원회) (감사위원 후보 추천위원회) (감사위원회) (자회사CEO 후보 추천위원회) | 67.02 경남고등학교 졸업 71.02 서울대학교 철학과 졸업 73.02 서울대학교 행정대학원 석사 03.02 동아대학교 대학원 행정학 박사 05.01 해양수산부 장관 08.03 한국해양대학교 총장 12.03 대한민국 한국해양연맹 총재(現) 12.03 ㈜BS금융지주 사외이사(現) | - | - | - | 2014.03.27,2026-09-22T11:40:17+09:00,000,raw/document/20120330002741.zip,2b43a0eb336d5c8388fde578ed79b205c021f29b0523c989ff2a6207620b7b79
메리츠금융지주,2012,20120629000621,사업보고서 (2012.03),20120629,설립첫해(지정),조정호,회장,등기임원,상근,총괄,·미국 남가주대 경제학·스위스 I.M.D 경영대학원·한진투자증권 전무이사/사장·메리츠화재 전무이사/부사장 ·메리츠종합금융 이사·메리츠증권 회장 ·現 메리츠화재해상보험㈜ 회장(상근)·現 메리츠종합금융증권㈜ 회장(비상근),1958.10,,성명 | 출생년월 | 직위 | 등기임원여부 | 상근여부 | 담당업무 | 주요경력 | 소유주식수·보통주 | 소유주식수·우선주 | 재직기간 | 임기만료일,"조정호 | 1958.10 | 회장 | 등기임원 | 상근 | 총괄 | ·미국 남가주대 경제학·스위스 I.M.D 경영대학원·한진투자증권 전무이사/사장·메리츠화재 전무이사/부사장 ·메리츠종합금융 이사·메리츠증권 회장 ·現 메리츠화재해상보험㈜ 회장(상근)·現 메리츠종합금융증권㈜ 회장(비상근) | 85,389,452 | - | 2011.08.01~현재 | 2014.06.21",2026-09-22T11:40:35+09:00,000,raw/document/20120629000621.zip,526e1f01b788da010179a4a904f1c0a2e622653ef7256358fd8aac88befba018
메리츠금융지주,2012,20120629000621,사업보고서 (2012.03),20120629,설립첫해(지정),박의헌,대표이사사장,등기임원,상근,총괄,·연세대 경제학·연세대 경영대학원 석사·베인앤컴퍼니 컨설팅 이사·부즈앨런해밀턴코리아 컨설팅 부사장·A.T.커니 컨설팅 부사장·메리츠화재해상보험(주) 부사장·現 메리츠캐피탈㈜ 이사(비상근),1964.08,,성명 | 출생년월 | 직위 | 등기임원여부 | 상근여부 | 담당업무 | 주요경력 | 소유주식수·보통주 | 소유주식수·우선주 | 재직기간 | 임기만료일,박의헌 | 1964.08 | 대표이사사장 | 등기임원 | 상근 | 총괄 | ·연세대 경제학·연세대 경영대학원 석사·베인앤컴퍼니 컨설팅 이사·부즈앨런해밀턴코리아 컨설팅 부사장·A.T.커니 컨설팅 부사장·메리츠화재해상보험(주) 부사장·現 메리츠캐피탈㈜ 이사(비상근) | - | - | 2011.06.22~현재 | 2014.06.21,2026-09-22T11:40:35+09:00,000,raw/document/20120629000621.zip,526e1f01b788da010179a4a904f1c0a2e622653ef7256358fd8aac88befba018
메리츠금융지주,2012,20120629000621,사업보고서 (2012.03),20120629,설립첫해(지정),강길만,이사,등기임원,상근,상근감사위원,·건국대 수학교육학 ·금감원 보험계리실 실장 ·금감원 보험감독국 부국장 ·금감원 분쟁조정국 국장,1956.01,,성명 | 출생년월 | 직위 | 등기임원여부 | 상근여부 | 담당업무 | 주요경력 | 소유주식수·보통주 | 소유주식수·우선주 | 재직기간 | 임기만료일,강길만 | 1956.01 | 이사 | 등기임원 | 상근 | 상근감사위원 | ·건국대 수학교육학 ·금감원 보험계리실 실장 ·금감원 보험감독국 부국장 ·금감원 분쟁조정국 국장 | - | - | 2011.03.28~현재 | 2014.06.21,2026-09-22T11:40:35+09:00,000,raw/document/20120629000621.zip,526e1f01b788da010179a4a904f1c0a2e622653ef7256358fd8aac88befba018
메리츠금융지주,2012,20120629000621,사업보고서 (2012.03),20120629,설립첫해(지정),김국주,사외이사,등기임원,비상근,감사위원회 위원장보상위원회 위원사외이사후보추천위원회 위원 감사위원후보추천위원회 위원,·서울대 경제학 ·NewYork Univ. 경제학 석사 ·제주은행 은행장 ·금호종금 사외이사/감사위원장·現 메리츠자산운용㈜ 사외이사/감사위원,1946.01,,성명 | 출생년월 | 직위 | 등기임원여부 | 상근여부 | 담당업무 | 주요경력 | 소유주식수·보통주 | 소유주식수·우선주 | 재직기간 | 임기만료일,"김국주 | 1946.01 | 사외이사 | 등기임원 | 비상근 | 감사위원회 위원장보상위원회 위원사외이사후보추천위원회 위원 감사위원후보추천위원회 위원 | ·서울대 경제학 ·NewYork Univ. 경제학 석사 ·제주은행 은행장 ·금호종금 사외이사/감사위원장·現 메리츠자산운용㈜ 사외이사/감사위원 | 5,000 | - | 2011.03.28~현재 | 2014.06.21",2026-09-22T11:40:35+09:00,000,raw/document/20120629000621.zip,526e1f01b788da010179a4a904f1c0a2e622653ef7256358fd8aac88befba018
메리츠금융지주,2012,20120629000621,사업보고서 (2012.03),20120629,설립첫해(지정),강성룡,사외이사,등기임원,비상근,"감사위원회 위원, 사외이사후보추천위원회 위원 감사위원후보추천위원회 위원",·美 심프슨대 경제학 ·美 메릴랜드주립대 경제학석사 ·Univ of Georgetown 법학박사 ·법무법인 세종 외국변호사 ·現삼성전기 사외이사/감사위원,1948.04,,성명 | 출생년월 | 직위 | 등기임원여부 | 상근여부 | 담당업무 | 주요경력 | 소유주식수·보통주 | 소유주식수·우선주 | 재직기간 | 임기만료일,"강성룡 | 1948.04 | 사외이사 | 등기임원 | 비상근 | 감사위원회 위원, 사외이사후보추천위원회 위원 감사위원후보추천위원회 위원 | ·美 심프슨대 경제학 ·美 메릴랜드주립대 경제학석사 ·Univ of Georgetown 법학박사 ·법무법인 세종 외국변호사 ·現삼성전기 사외이사/감사위원 | 30,000 | - | 2011.03.28~현재 | 2014.06.21",2026-09-22T11:40:35+09:00,000,raw/document/20120629000621.zip,526e1f01b788da010179a4a904f1c0a2e622653ef7256358fd8aac88befba018
메리츠금융지주,2012,20120629000621,사업보고서 (2012.03),20120629,설립첫해(지정),김동원,사외이사,등기임원,비상근,리스크관리위원회 위원 감사위원후보추천위원회 위원,·고려대 경제학 ·고려대 경제학 석/박사 ·금융감독원 부원장보 ·現중소기업은행 사외이사,1953.03,,성명 | 출생년월 | 직위 | 등기임원여부 | 상근여부 | 담당업무 | 주요경력 | 소유주식수·보통주 | 소유주식수·우선주 | 재직기간 | 임기만료일,김동원 | 1953.03 | 사외이사 | 등기임원 | 비상근 | 리스크관리위원회 위원 감사위원후보추천위원회 위원 | ·고려대 경제학 ·고려대 경제학 석/박사 ·금융감독원 부원장보 ·現중소기업은행 사외이사 | - | - | 2011.03.28~현재 | 2014.06.21,2026-09-22T11:40:35+09:00,000,raw/document/20120629000621.zip,526e1f01b788da010179a4a904f1c0a2e622653ef7256358fd8aac88befba018
메리츠금융지주,2012,20120629000621,사업보고서 (2012.03),20120629,설립첫해(지정),김명직,사외이사,등기임원,비상근,"감사위원후보추천위원회 위원,리스크관리위원회위원,보상위원회위원",·한양대 경제학·Univ of Washington 경제학 석사/박사·한국채권연구원 이사·금융감독원 바젤 II 승인심사위원회 위원·금융위원회 시장효율화위원회 위원장·現한양대학교 교수·現한국증권학회장,1959.10,,성명 | 출생년월 | 직위 | 등기임원여부 | 상근여부 | 담당업무 | 주요경력 | 소유주식수·보통주 | 소유주식수·우선주 | 재직기간 | 임기만료일,"김명직 | 1959.10 | 사외이사 | 등기임원 | 비상근 | 감사위원후보추천위원회 위원,리스크관리위원회위원,보상위원회위원 | ·한양대 경제학·Univ of Washington 경제학 석사/박사·한국채권연구원 이사·금융감독원 바젤 II 승인심사위원회 위원·금융위원회 시장효율화위원회 위원장·現한양대학교 교수·現한국증권학회장 | - | - | 2011.06.22~현재 | 2014.06.21",2026-09-22T11:40:35+09:00,000,raw/document/20120629000621.zip,526e1f01b788da010179a4a904f1c0a2e622653ef7256358fd8aac88befba018
메리츠금융지주,2012,20120629000621,사업보고서 (2012.03),20120629,설립첫해(지정),이준근,상무,미등기임원,상근,리스크관리실장,·서울대 경제학·연세대 경영학 석사·메리츠자산운용 상무보·메리츠화재 상무보,1962.09,,성명 | 출생년월 | 직위 | 등기임원여부 | 상근여부 | 담당업무 | 주요경력 | 소유주식수·보통주 | 소유주식수·우선주 | 재직기간 | 임기만료일,"이준근 | 1962.09 | 상무 | 미등기임원 | 상근 | 리스크관리실장 | ·서울대 경제학·연세대 경영학 석사·메리츠자산운용 상무보·메리츠화재 상무보 | 10,011 | - | 2012.04.01~현재 | -",2026-09-22T11:40:35+09:00,000,raw/document/20120629000621.zip,526e1f01b788da010179a4a904f1c0a2e622653ef7256358fd8aac88befba018
메리츠금융지주,2012,20120629000621,사업보고서 (2012.03),20120629,설립첫해(지정),이길승,상무보,미등기임원,상근,준법감시인,·서울대 사법학·서울대 사법학 석사·제42회 사법시험 합격·제32기 사법연수원 수료·한국투자증권㈜ 컴플라이언스부 부장·IBK투자증권㈜ 준법감시인 이사,1969.09,,성명 | 출생년월 | 직위 | 등기임원여부 | 상근여부 | 담당업무 | 주요경력 | 소유주식수·보통주 | 소유주식수·우선주 | 재직기간 | 임기만료일,이길승 | 1969.09 | 상무보 | 미등기임원 | 상근 | 준법감시인 | ·서울대 사법학·서울대 사법학 석사·제42회 사법시험 합격·제32기 사법연수원 수료·한국투자증권㈜ 컴플라이언스부 부장·IBK투자증권㈜ 준법감시인 이사 | - | - | 2012.06.01~현재 | 2014.05.31,2026-09-22T11:40:35+09:00,000,raw/document/20120629000621.zip,526e1f01b788da010179a4a904f1c0a2e622653ef7256358fd8aac88befba018
농협금융지주,2012,20130329002244,사업보고서 (2012.12),20130329,설립첫해(최소연도),신동규,회장,등기임원,상근,경영총괄(CEO),전)재정경제부 기획관리실장/국제금융국장전)한국수출입은행 은행장전)전국은행연합회 회장현)NH농협금융지주 대표이사 회장,1951.10.,,성명 | 출생년월 | 직위 | 등기임원여부 | 상근여부 | 담당업무 | 주요경력 | 소유주식수·보통주 | 소유주식수·우선주 | 재직기간 | 임기만료일,신동규 | 1951.10. | 회장 | 등기임원 | 상근 | 경영총괄(CEO) | 전)재정경제부 기획관리실장/국제금융국장전)한국수출입은행 은행장전)전국은행연합회 회장현)NH농협금융지주 대표이사 회장 | - | - | 2012.06.20. ~ 현재 | 2014.06.19.,2026-09-22T11:43:25+09:00,000,raw/document/20130329002244.zip,54ca584a404958b9e52fb9a2f1b82d24bc6a04c8d9858acdfddb4aa287c9db22
농협금융지주,2012,20130329002244,사업보고서 (2012.12),20130329,설립첫해(최소연도),김영기,비상무이사,등기임원,비상근,경영전반,전)농협중앙회 이사현)동대전농협 조합장,1941.08.,,성명 | 출생년월 | 직위 | 등기임원여부 | 상근여부 | 담당업무 | 주요경력 | 소유주식수·보통주 | 소유주식수·우선주 | 재직기간 | 임기만료일,김영기 | 1941.08. | 비상무이사 | 등기임원 | 비상근 | 경영전반 | 전)농협중앙회 이사현)동대전농협 조합장 | - | - | 2012.03.02. ~ 현재 | 2014.03.01.,2026-09-22T11:43:25+09:00,000,raw/document/20130329002244.zip,54ca584a404958b9e52fb9a2f1b82d24bc6a04c8d9858acdfddb4aa287c9db22
농협금융지주,2012,20130329002244,사업보고서 (2012.12),20130329,설립첫해(최소연도),박재근,비상무이사,등기임원,비상근,경영전반,전)농민신문사대표이사 전)농협중앙회 상무 전)농협중앙회 경기지역본부장,1949.01.,,성명 | 출생년월 | 직위 | 등기임원여부 | 상근여부 | 담당업무 | 주요경력 | 소유주식수·보통주 | 소유주식수·우선주 | 재직기간 | 임기만료일,박재근 | 1949.01. | 비상무이사 | 등기임원 | 비상근 | 경영전반 | 전)농민신문사대표이사 전)농협중앙회 상무 전)농협중앙회 경기지역본부장 | - | - | 2012.03.02. ~ 현재 | 2014.03.01.,2026-09-22T11:43:25+09:00,000,raw/document/20130329002244.zip,54ca584a404958b9e52fb9a2f1b82d24bc6a04c8d9858acdfddb4aa287c9db22
농협금융지주,2012,20130329002244,사업보고서 (2012.12),20130329,설립첫해(최소연도),박용석,사외이사,등기임원,비상근,경영전반,전)법무연수원 원장전)대검찰청 차장 검사현)법무법인 광장 대표변호사,1955.02.,,성명 | 출생년월 | 직위 | 등기임원여부 | 상근여부 | 담당업무 | 주요경력 | 소유주식수·보통주 | 소유주식수·우선주 | 재직기간 | 임기만료일,박용석 | 1955.02. | 사외이사 | 등기임원 | 비상근 | 경영전반 | 전)법무연수원 원장전)대검찰청 차장 검사현)법무법인 광장 대표변호사 | - | - | 2012.03.02. ~ 현재 | 2014.03.01.,2026-09-22T11:43:25+09:00,000,raw/document/20130329002244.zip,54ca584a404958b9e52fb9a2f1b82d24bc6a04c8d9858acdfddb4aa287c9db22
농협금융지주,2012,20130329002244,사업보고서 (2012.12),20130329,설립첫해(최소연도),배국환,사외이사,등기임원,비상근,경영전반,위스콘신대학교 대학원 공공정책학전)감사원 감사위원현)한국금융연구원 초빙연구위원,1956.10.,,성명 | 출생년월 | 직위 | 등기임원여부 | 상근여부 | 담당업무 | 주요경력 | 소유주식수·보통주 | 소유주식수·우선주 | 재직기간 | 임기만료일,배국환 | 1956.10. | 사외이사 | 등기임원 | 비상근 | 경영전반 | 위스콘신대학교 대학원 공공정책학전)감사원 감사위원현)한국금융연구원 초빙연구위원 | - | - | 2012.08.01. ~ 현재 | 2014.07.31.,2026-09-22T11:43:25+09:00,000,raw/document/20130329002244.zip,54ca584a404958b9e52fb9a2f1b82d24bc6a04c8d9858acdfddb4aa287c9db22
농협금융지주,2012,20130329002244,사업보고서 (2012.12),20130329,설립첫해(최소연도),홍기택,사외이사,등기임원,비상근,경영전반,전)삼성카드주식회사 사외이사 전)대통령직속 규제개혁위원회 위원 현)중앙대학교 경제학부 교수,1952.09.,,성명 | 출생년월 | 직위 | 등기임원여부 | 상근여부 | 담당업무 | 주요경력 | 소유주식수·보통주 | 소유주식수·우선주 | 재직기간 | 임기만료일,홍기택 | 1952.09. | 사외이사 | 등기임원 | 비상근 | 경영전반 | 전)삼성카드주식회사 사외이사 전)대통령직속 규제개혁위원회 위원 현)중앙대학교 경제학부 교수 | - | - | 2012.08.01. ~ 현재 | 2014.07.31.,2026-09-22T11:43:25+09:00,000,raw/document/20130329002244.zip,54ca584a404958b9e52fb9a2f1b82d24bc6a04c8d9858acdfddb4aa287c9db22
농협금융지주,2012,20130329002244,사업보고서 (2012.12),20130329,설립첫해(최소연도),허과현,사외이사,등기임원,비상근,경영전반,전)한국투자신탁 상무이사 전)한국경제TV앵커 현)한국금융신문편집국장,1949.01.,,성명 | 출생년월 | 직위 | 등기임원여부 | 상근여부 | 담당업무 | 주요경력 | 소유주식수·보통주 | 소유주식수·우선주 | 재직기간 | 임기만료일,허과현 | 1949.01. | 사외이사 | 등기임원 | 비상근 | 경영전반 | 전)한국투자신탁 상무이사 전)한국경제TV앵커 현)한국금융신문편집국장 | - | - | 2012.03.02. ~ 현재 | 2014.03.01.,2026-09-22T11:43:25+09:00,000,raw/document/20130329002244.zip,54ca584a404958b9e52fb9a2f1b82d24bc6a04c8d9858acdfddb4aa287c9db22
농협금융지주,2012,20130329002244,사업보고서 (2012.12),20130329,설립첫해(최소연도),김주하,상무,부,여,경영기획,금융기획부장,1955.05.,,성명 | 출생년월 | 직위 | 등기임원 여부 | 상근여부 | 담당업무 | 주요경력 | 소유주식수·보통주 | 소유주식수·우선주 | 재직기간 | 임기만료일,김주하 | 1955.05. | 상무 | 부 | 여 | 경영기획 | 금융기획부장 | - | - | 31년9개월 | 2013.12.31.,2026-09-22T11:43:25+09:00,000,raw/document/20130329002244.zip,54ca584a404958b9e52fb9a2f1b82d24bc6a04c8d9858acdfddb4aa287c9db22
농협금융지주,2012,20130329002244,사업보고서 (2012.12),20130329,설립첫해(최소연도),감광녕,상무,부,여,재무관리,서울대지점장,1956.10.,,성명 | 출생년월 | 직위 | 등기임원 여부 | 상근여부 | 담당업무 | 주요경력 | 소유주식수·보통주 | 소유주식수·우선주 | 재직기간 | 임기만료일,감광녕 | 1956.10. | 상무 | 부 | 여 | 재무관리 | 서울대지점장 | - | - | 26년10개월 | 2012.12.31.,2026-09-22T11:43:25+09:00,000,raw/document/20130329002244.zip,54ca584a404958b9e52fb9a2f1b82d24bc6a04c8d9858acdfddb4aa287c9db22
농협금융지주,2012,20130329002244,사업보고서 (2012.12),20130329,설립첫해(최소연도),김홍무,상무,부,여,리스크관리,리스크관리부장,1956.03.,,성명 | 출생년월 | 직위 | 등기임원 여부 | 상근여부 | 담당업무 | 주요경력 | 소유주식수·보통주 | 소유주식수·우선주 | 재직기간 | 임기만료일,김홍무 | 1956.03. | 상무 | 부 | 여 | 리스크관리 | 리스크관리부장 | - | - | 28년10개월 | 2013.12.31.,2026-09-22T11:43:25+09:00,000,raw/document/20130329002244.zip,54ca584a404958b9e52fb9a2f1b82d24bc6a04c8d9858acdfddb4aa287c9db22
농협금융지주,2012,20130329002244,사업보고서 (2012.12),20130329,설립첫해(최소연도),김사학,준법감시인,부,여,준법감시,비서실장,1955.02.,,성명 | 출생년월 | 직위 | 등기임원 여부 | 상근여부 | 담당업무 | 주요경력 | 소유주식수·보통주 | 소유주식수·우선주 | 재직기간 | 임기만료일,김사학 | 1955.02. | 준법감시인 | 부 | 여 | 준법감시 | 비서실장 | - | - | 38년1개월 | 2012.12.31.,2026-09-22T11:43:25+09:00,000,raw/document/20130329002244.zip,54ca584a404958b9e52fb9a2f1b82d24bc6a04c8d9858acdfddb4aa287c9db22
JB금융지주,2013,20140326000207,사업보고서 (2013.12),20140326,설립첫해(최소연도),김 한,회장,등기임원,상근,업무전반,- 서울대학교 기계공학과 졸업 - 미국예일대학교 경영대학원 경영학석사- 1995 유클릭 대표이사 - 2004 메리츠증권 대표이사 부회장,1954년 02월,남,성명 | 성별 | 출생년월 | 직위 | 등기임원여부 | 상근여부 | 담당업무 | 주요경력 | 소유주식수·보통주 | 소유주식수·종류주 | 재직기간 | 임기만료일,"김 한 | 남 | 1954년 02월 | 회장 | 등기임원 | 상근 | 업무전반 | - 서울대학교 기계공학과 졸업 - 미국예일대학교 경영대학원 경영학석사- 1995 유클릭 대표이사 - 2004 메리츠증권 대표이사 부회장 | 40,800 | - | 신임(2013.07.01) | 2016년 03월 31일",2026-09-22T11:43:43+09:00,000,raw/document/20140326000207.zip,783dcb7d1ae63972048e761e70964362c1c6ac7fce30c537cc6f2b9237ae227f
JB금융지주,2013,20140326000207,사업보고서 (2013.12),20140326,설립첫해(최소연도),김두경,사외이사,등기임원,비상근,리스크관리위원회위원장이사회운영위원회,- 서울대학교 응용수학과 졸업- Johns Hopkins Univ. 대학원 졸업 (경제학 석사)- 2007 전국은행연합회 상무이사(前) - 2010 금융연수원 전문자문교수(前)- 2012 SK하이닉스(주) 사외이사(現),1949년 10월,남,성명 | 성별 | 출생년월 | 직위 | 등기임원여부 | 상근여부 | 담당업무 | 주요경력 | 소유주식수·보통주 | 소유주식수·종류주 | 재직기간 | 임기만료일,"김두경 | 남 | 1949년 10월 | 사외이사 | 등기임원 | 비상근 | 리스크관리위원회위원장이사회운영위원회 | - 서울대학교 응용수학과 졸업- Johns Hopkins Univ. 대학원 졸업 (경제학 석사)- 2007 전국은행연합회 상무이사(前) - 2010 금융연수원 전문자문교수(前)- 2012 SK하이닉스(주) 사외이사(現) | 8,345 | - | 신임(2013.07.01)중임(2014.03.20) | 2015년 03월 31일",2026-09-22T11:43:43+09:00,000,raw/document/20140326000207.zip,783dcb7d1ae63972048e761e70964362c1c6ac7fce30c537cc6f2b9237ae227f
JB금융지주,2013,20140326000207,사업보고서 (2013.12),20140326,설립첫해(최소연도),최준근,사외이사,등기임원,비상근,감사위원회위원장이사회운영위원회,- 부산대학교 전기공학과 졸업- 2009 한국HP 대표이사 사장(前),1953년 02월,남,성명 | 성별 | 출생년월 | 직위 | 등기임원여부 | 상근여부 | 담당업무 | 주요경력 | 소유주식수·보통주 | 소유주식수·종류주 | 재직기간 | 임기만료일,"최준근 | 남 | 1953년 02월 | 사외이사 | 등기임원 | 비상근 | 감사위원회위원장이사회운영위원회 | - 부산대학교 전기공학과 졸업- 2009 한국HP 대표이사 사장(前) | 4,590 | - | 신임(2013.07.01)중임(2014.03.20) | 2015년 03월 31일",2026-09-22T11:43:43+09:00,000,raw/document/20140326000207.zip,783dcb7d1ae63972048e761e70964362c1c6ac7fce30c537cc6f2b9237ae227f
JB금융지주,2013,20140326000207,사업보고서 (2013.12),20140326,설립첫해(최소연도),이종화,사외이사,등기임원,비상근,경영발전보상위원회리스크관리위원회,- Utah State Univ. 경영학과 졸업- 1986 아시아개발은행 선임 투자담당관(前)- 2009 한국외환연구원 부원장(現),1953년 06월,남,성명 | 성별 | 출생년월 | 직위 | 등기임원여부 | 상근여부 | 담당업무 | 주요경력 | 소유주식수·보통주 | 소유주식수·종류주 | 재직기간 | 임기만료일,이종화 | 남 | 1953년 06월 | 사외이사 | 등기임원 | 비상근 | 경영발전보상위원회리스크관리위원회 | - Utah State Univ. 경영학과 졸업- 1986 아시아개발은행 선임 투자담당관(前)- 2009 한국외환연구원 부원장(現) | 670 | - | 신임(2013.07.01) | 2015년 03월 31일,2026-09-22T11:43:43+09:00,000,raw/document/20140326000207.zip,783dcb7d1ae63972048e761e70964362c1c6ac7fce30c537cc6f2b9237ae227f
JB금융지주,2013,20140326000207,사업보고서 (2013.12),20140326,설립첫해(최소연도),강효석,사외이사,등기임원,비상근,경영발전보상위원회감사위원회,- 서울대학교 심리학과 졸업- 미국 오하이오주립대학교 경영대학원 재무학과(경영학박사)- 1985 한국외국어대학교 경영학부 교수(現),1954년 01월,남,성명 | 성별 | 출생년월 | 직위 | 등기임원여부 | 상근여부 | 담당업무 | 주요경력 | 소유주식수·보통주 | 소유주식수·종류주 | 재직기간 | 임기만료일,강효석 | 남 | 1954년 01월 | 사외이사 | 등기임원 | 비상근 | 경영발전보상위원회감사위원회 | - 서울대학교 심리학과 졸업- 미국 오하이오주립대학교 경영대학원 재무학과(경영학박사)- 1985 한국외국어대학교 경영학부 교수(現) | 340 | - | 신임(2013.07.01) | 2015년 03월 31일,2026-09-22T11:43:43+09:00,000,raw/document/20140326000207.zip,783dcb7d1ae63972048e761e70964362c1c6ac7fce30c537cc6f2b9237ae227f
JB금융지주,2013,20140326000207,사업보고서 (2013.12),20140326,설립첫해(최소연도),정창모,사외이사,등기임원,비상근,경영발전보상위원회감사위원회,- 서울대학교 경영학과 졸업- 2009 삼덕회계법인 공인회계사(現),1962년 07월,남,성명 | 성별 | 출생년월 | 직위 | 등기임원여부 | 상근여부 | 담당업무 | 주요경력 | 소유주식수·보통주 | 소유주식수·종류주 | 재직기간 | 임기만료일,"정창모 | 남 | 1962년 07월 | 사외이사 | 등기임원 | 비상근 | 경영발전보상위원회감사위원회 | - 서울대학교 경영학과 졸업- 2009 삼덕회계법인 공인회계사(現) | 10,949 | - | 신임(2014.03.20) | 2015년 03월 31일",2026-09-22T11:43:43+09:00,000,raw/document/20140326000207.zip,783dcb7d1ae63972048e761e70964362c1c6ac7fce30c537cc6f2b9237ae227f
JB금융지주,2013,20140326000207,사업보고서 (2013.12),20140326,설립첫해(최소연도),이용신,사외이사,등기임원,비상근,리스크관리위원회,- 연세대학교 경제학과 졸업- 2007 한국은행 외화자금국장(前)- 2009 한국투자공사 준법감시인 겸 리스크관리본부장(前),1952년 11월,남,성명 | 성별 | 출생년월 | 직위 | 등기임원여부 | 상근여부 | 담당업무 | 주요경력 | 소유주식수·보통주 | 소유주식수·종류주 | 재직기간 | 임기만료일,이용신 | 남 | 1952년 11월 | 사외이사 | 등기임원 | 비상근 | 리스크관리위원회 | - 연세대학교 경제학과 졸업- 2007 한국은행 외화자금국장(前)- 2009 한국투자공사 준법감시인 겸 리스크관리본부장(前) | - | - | 신임(2014.03.20) | 2016년 03월 31일,2026-09-22T11:43:43+09:00,000,raw/document/20140326000207.zip,783dcb7d1ae63972048e761e70964362c1c6ac7fce30c537cc6f2b9237ae227f
JB금융지주,2013,20140326000207,사업보고서 (2013.12),20140326,설립첫해(최소연도),윤재엽,비상임이사,등기임원,비상근,경영발전보상위원회위원장이사회운영위원회,- 경희대학교 경제학과 졸업- 연세대학교 경영대학원 졸업(석사)- 2011 삼양홀딩스 부사장(現),1954년 08월,남,성명 | 성별 | 출생년월 | 직위 | 등기임원여부 | 상근여부 | 담당업무 | 주요경력 | 소유주식수·보통주 | 소유주식수·종류주 | 재직기간 | 임기만료일,윤재엽 | 남 | 1954년 08월 | 비상임이사 | 등기임원 | 비상근 | 경영발전보상위원회위원장이사회운영위원회 | - 경희대학교 경제학과 졸업- 연세대학교 경영대학원 졸업(석사)- 2011 삼양홀딩스 부사장(現) | 670 | - | 신임(2013.07.01) | 2015년 03월 31일,2026-09-22T11:43:43+09:00,000,raw/document/20140326000207.zip,783dcb7d1ae63972048e761e70964362c1c6ac7fce30c537cc6f2b9237ae227f
JB금융지주,2013,20140326000207,사업보고서 (2013.12),20140326,설립첫해(최소연도),임용택,비상임이사,등기임원,비상근,-,- 성균관대학교 영문학과 졸업- 2011 JB우리캐피탈 사장(現),1952년 03월,남,성명 | 성별 | 출생년월 | 직위 | 등기임원여부 | 상근여부 | 담당업무 | 주요경력 | 소유주식수·보통주 | 소유주식수·종류주 | 재직기간 | 임기만료일,"임용택 | 남 | 1952년 03월 | 비상임이사 | 등기임원 | 비상근 | - | - 성균관대학교 영문학과 졸업- 2011 JB우리캐피탈 사장(現) | 5,207 | - | 신임(2013.07.01)중임(2014.03.20) | 2015년 03월 31일",2026-09-22T11:43:43+09:00,000,raw/document/20140326000207.zip,783dcb7d1ae63972048e761e70964362c1c6ac7fce30c537cc6f2b9237ae227f
JB금융지주,2013,20140326000207,사업보고서 (2013.12),20140326,설립첫해(최소연도),신창무,전무,미등기임원,상근,경영지원본부,- 서강대학교 정치외교학과 졸업- 2011 (주)페가수스프라이빗에퀴티 대표이사(前)- 2013 JB우리캐피탈 R&C 금융부문 상무(前)- 2014 JB우리캐피탈 기타비상무이사(現),1959년 04월,남,성명 | 성별 | 출생년월 | 직위 | 등기임원여부 | 상근여부 | 담당업무 | 주요경력 | 소유주식수·보통주 | 소유주식수·종류주 | 재직기간 | 임기만료일,신창무 | 남 | 1959년 04월 | 전무 | 미등기임원 | 상근 | 경영지원본부 | - 서강대학교 정치외교학과 졸업- 2011 (주)페가수스프라이빗에퀴티 대표이사(前)- 2013 JB우리캐피탈 R&C 금융부문 상무(前)- 2014 JB우리캐피탈 기타비상무이사(現) | - | - | 신임(2014.01.01) | 2015년 12월 31일,2026-09-22T11:43:43+09:00,000,raw/document/20140326000207.zip,783dcb7d1ae63972048e761e70964362c1c6ac7fce30c537cc6f2b9237ae227f
JB금융지주,2013,20140326000207,사업보고서 (2013.12),20140326,설립첫해(최소연도),김종복,상무,미등기임원,상근,리스크관리본부,- 원광대학교 국사교육학과 졸업- 2008 전북은행 인사지원부장- 2011 전북은행 영업부장- 2013 전북은행 본부장(現),1960년 07월,남,성명 | 성별 | 출생년월 | 직위 | 등기임원여부 | 상근여부 | 담당업무 | 주요경력 | 소유주식수·보통주 | 소유주식수·종류주 | 재직기간 | 임기만료일,"김종복 | 남 | 1960년 07월 | 상무 | 미등기임원 | 상근 | 리스크관리본부 | - 원광대학교 국사교육학과 졸업- 2008 전북은행 인사지원부장- 2011 전북은행 영업부장- 2013 전북은행 본부장(現) | 7,450 | - | 신임(2014.01.01) | 2014년 12월 31일",2026-09-22T11:43:43+09:00,000,raw/document/20140326000207.zip,783dcb7d1ae63972048e761e70964362c1c6ac7fce30c537cc6f2b9237ae227f
JB금융지주,2013,20140326000207,사업보고서 (2013.12),20140326,설립첫해(최소연도),송정식,사외이사,등기임원,비상근,감사위원회 위원장이사회운영위원회,- 고려대학교 통계학과 졸업- 2009 KTB투자증권 자문위원(前)- 2010 전진중공업 상근감사(前),1951년 08월,남,성 명 | 성별 | 출생년월 | 직위 | 등기임원여부 | 상근여부 | 담당업무 | 주요 경력 | 소유주식수·보통주 | 소유주식수·종류주 | 재직기간 | 비고,"송정식 | 남 | 1951년 08월 | 사외이사 | 등기임원 | 비상근 | 감사위원회 위원장이사회운영위원회 | - 고려대학교 통계학과 졸업- 2009 KTB투자증권 자문위원(前)- 2010 전진중공업 상근감사(前) | 10,949 | - | 신임(2013.07.01)퇴임(2014.03.20) | 임기만료",2026-09-22T11:43:43+09:00,000,raw/document/20140326000207.zip,783dcb7d1ae63972048e761e70964362c1c6ac7fce30c537cc6f2b9237ae227f
JB금융지주,2013,20140326000207,사업보고서 (2013.12),20140326,설립첫해(최소연도),,,,,,,,,성 명 | 성별 | 출생년월 | 직위 | 등기임원여부 | 상근여부 | 담당업무 | 주요 경력 | 소유주식수·보통주 | 소유주식수·종류주 | 재직기간 | 비고,"강대윤 | 남 | 1961년 05월 | 상무 | 미등기임원 | 상근 | 경영지원본부 | - 서울대학교 경영학과 졸업- 2008 KTIC글로벌투자자문 증권담당상무(前)- 2013 JB우리캐피탈 기타비상무이사(前)- 2010 전북은행 본부장(現) | 15,279 | - | 신임(2013.07.25)퇴임(2013.12.31)",2026-09-22T11:43:43+09:00,000,raw/document/20140326000207.zip,783dcb7d1ae63972048e761e70964362c1c6ac7fce30c537cc6f2b9237ae227f
JB금융지주,2013,20140326000207,사업보고서 (2013.12),20140326,설립첫해(최소연도),,,,,,,,,성 명 | 성별 | 출생년월 | 직위 | 등기임원여부 | 상근여부 | 담당업무 | 주요 경력 | 소유주식수·보통주 | 소유주식수·종류주 | 재직기간 | 비고,"김종만 | 남 | 1957년 02월 | 상무 | 미등기임원 | 상근 | 리스크관리본부 | - 전북대학교 수학과 졸업- 전북대학교 경영학박사- 2006 전북은행 총무팀장- 2009 전북은행 안행교지점장- 2011 전북은행 본부장(前) | 5,730 | - | 신임(2013.07.25)퇴임(2013.12.31)",2026-09-22T11:43:43+09:00,000,raw/document/20140326000207.zip,783dcb7d1ae63972048e761e70964362c1c6ac7fce30c537cc6f2b9237ae227f
우리금융지주,2019,20200330004490,사업보고서 (2019.12),20200330,설립첫해(지정),손태승주1),회장,등기임원,상근,총괄,(학력) '78. 전주고 '83. 성균관대 법학과 '86. 서울대 법학대학원 석사 '00. 헬싱키경제경영대학원 석사 (약력) '14. 우리은행 자금시장사업단 상무 '14. 우리은행 글로벌사업본부 부행장 '15. 우리은행 글로벌그룹장 兼 글로벌사업본부 부행장 '17. 우리은행 글로벌부문장 兼 글로벌그룹 부행장 '17. 우리은행 은행장 現) 우리금융그룹 회장 兼 우리은행 은행장,1959.05,남,성명 | 성별 | 출생년월 | 직위 | 등기임원여부 | 상근여부 | 담당업무 | 주요경력 | 소유주식수·의결권있는 주식 | 소유주식수·의결권없는 주식 | 최대주주와의관계 | 재직기간 | 임기만료일,"손태승주1) | 남 | 1959.05 | 회장 | 등기임원 | 상근 | 총괄 | (학력) '78. 전주고 '83. 성균관대 법학과 '86. 서울대 법학대학원 석사 '00. 헬싱키경제경영대학원 석사 (약력) '14. 우리은행 자금시장사업단 상무 '14. 우리은행 글로벌사업본부 부행장 '15. 우리은행 글로벌그룹장 兼 글로벌사업본부 부행장 '17. 우리은행 글로벌부문장 兼 글로벌그룹 부행장 '17. 우리은행 은행장 現) 우리금융그룹 회장 兼 우리은행 은행장 | 50,296 | - | - | 2019.01.11 ~ 현재 | -",2026-09-16T11:04:51+09:00,000,raw/document/20200330004490.zip,10fb2f3cff15eba2d5974129ca2bdbcb0bf3bb0fe8a7755d920b8f4f75d319ca
우리금융지주,2019,20200330004490,사업보고서 (2019.12),20200330,설립첫해(지정),노성태주2),사외이사,등기임원,비상근,사외이사 (이사회의장),(학력) '69. 서울대 경제학과 '83. 하버드대 대학원 경제학 석사 '84. 하버드대 대학원 경제학 박사 (약력) '05. 한국경제연구원 원장 '07. 한화생명 경제연구원장 現) 삼성꿈장학재단 이사장,1946.09,남,성명 | 성별 | 출생년월 | 직위 | 등기임원여부 | 상근여부 | 담당업무 | 주요경력 | 소유주식수·의결권있는 주식 | 소유주식수·의결권없는 주식 | 최대주주와의관계 | 재직기간 | 임기만료일,"노성태주2) | 남 | 1946.09 | 사외이사 | 등기임원 | 비상근 | 사외이사 (이사회의장) | (학력) '69. 서울대 경제학과 '83. 하버드대 대학원 경제학 석사 '84. 하버드대 대학원 경제학 박사 (약력) '05. 한국경제연구원 원장 '07. 한화생명 경제연구원장 現) 삼성꿈장학재단 이사장 | 5,000 | - | - | 2019.01.11 ~ 현재 | -",2026-09-16T11:04:51+09:00,000,raw/document/20200330004490.zip,10fb2f3cff15eba2d5974129ca2bdbcb0bf3bb0fe8a7755d920b8f4f75d319ca
우리금융지주,2019,20200330004490,사업보고서 (2019.12),20200330,설립첫해(지정),박상용주2),사외이사,등기임원,비상근,사외이사,(학력) '73. 연세대 경영학과 '82. 뉴욕대 대학원 경영학 석사 '84. 뉴욕대 대학원 경영학 박사 (약력) '09. 연세대 경영대학장 兼 경영전문대학원장 '13. 공적자금관리위원회 민간위원장 現) 연세대 경영대학 명예교수,1951.02,남,성명 | 성별 | 출생년월 | 직위 | 등기임원여부 | 상근여부 | 담당업무 | 주요경력 | 소유주식수·의결권있는 주식 | 소유주식수·의결권없는 주식 | 최대주주와의관계 | 재직기간 | 임기만료일,"박상용주2) | 남 | 1951.02 | 사외이사 | 등기임원 | 비상근 | 사외이사 | (학력) '73. 연세대 경영학과 '82. 뉴욕대 대학원 경영학 석사 '84. 뉴욕대 대학원 경영학 박사 (약력) '09. 연세대 경영대학장 兼 경영전문대학원장 '13. 공적자금관리위원회 민간위원장 現) 연세대 경영대학 명예교수 | 1,000 | - | - | 2019.01.11 ~ 현재 | -",2026-09-16T11:04:51+09:00,000,raw/document/20200330004490.zip,10fb2f3cff15eba2d5974129ca2bdbcb0bf3bb0fe8a7755d920b8f4f75d319ca
우리금융지주,2019,20200330004490,사업보고서 (2019.12),20200330,설립첫해(지정),정찬형주2),사외이사,등기임원,비상근,사외이사,(학력) '81. 고려대 경영학과 '84. 고려대 경영대학원 재무론 석사 (약력) '07. 한국투자신탁운용 대표이사 '15. 포스코기술투자 사장,1956.02,남,성명 | 성별 | 출생년월 | 직위 | 등기임원여부 | 상근여부 | 담당업무 | 주요경력 | 소유주식수·의결권있는 주식 | 소유주식수·의결권없는 주식 | 최대주주와의관계 | 재직기간 | 임기만료일,"정찬형주2) | 남 | 1956.02 | 사외이사 | 등기임원 | 비상근 | 사외이사 | (학력) '81. 고려대 경영학과 '84. 고려대 경영대학원 재무론 석사 (약력) '07. 한국투자신탁운용 대표이사 '15. 포스코기술투자 사장 | 10,532 | - | - | 2019.01.11 ~ 현재 | -",2026-09-16T11:04:51+09:00,000,raw/document/20200330004490.zip,10fb2f3cff15eba2d5974129ca2bdbcb0bf3bb0fe8a7755d920b8f4f75d319ca
우리금융지주,2019,20200330004490,사업보고서 (2019.12),20200330,설립첫해(지정),전지평주2),사외이사,등기임원,비상근,사외이사,(학력) '88. 산서재경대 경제정부관리학과 '05. 홍콩대학 IMBA 석사 '05. 서남재경대학 MBA 석사 (약력) '04. 공상은행 쓰촨성 분행부행장 '08. 공상은행 중동유한회사/런던유한회사 이사 兼 총경리 現) 북경 FUPU DAOHE 투자관리유한회사 부총경리,1966.02,남,성명 | 성별 | 출생년월 | 직위 | 등기임원여부 | 상근여부 | 담당업무 | 주요경력 | 소유주식수·의결권있는 주식 | 소유주식수·의결권없는 주식 | 최대주주와의관계 | 재직기간 | 임기만료일,전지평주2) | 남 | 1966.02 | 사외이사 | 등기임원 | 비상근 | 사외이사 | (학력) '88. 산서재경대 경제정부관리학과 '05. 홍콩대학 IMBA 석사 '05. 서남재경대학 MBA 석사 (약력) '04. 공상은행 쓰촨성 분행부행장 '08. 공상은행 중동유한회사/런던유한회사 이사 兼 총경리 現) 북경 FUPU DAOHE 투자관리유한회사 부총경리 | - | - | - | 2019.01.11 ~ 현재 | -,2026-09-16T11:04:51+09:00,000,raw/document/20200330004490.zip,10fb2f3cff15eba2d5974129ca2bdbcb0bf3bb0fe8a7755d920b8f4f75d319ca
우리금융지주,2019,20200330004490,사업보고서 (2019.12),20200330,설립첫해(지정),장동우주2),사외이사,등기임원,비상근,사외이사,(학력) '91. 한양대 법학과 (약력) '98. IMM 투자자문 대표 파트너 現) IMM 인베스트먼트 대표,1967.01,남,성명 | 성별 | 출생년월 | 직위 | 등기임원여부 | 상근여부 | 담당업무 | 주요경력 | 소유주식수·의결권있는 주식 | 소유주식수·의결권없는 주식 | 최대주주와의관계 | 재직기간 | 임기만료일,장동우주2) | 남 | 1967.01 | 사외이사 | 등기임원 | 비상근 | 사외이사 | (학력) '91. 한양대 법학과 (약력) '98. IMM 투자자문 대표 파트너 現) IMM 인베스트먼트 대표 | - | - | - | 2019.01.11 ~ 현재 | -,2026-09-16T11:04:51+09:00,000,raw/document/20200330004490.zip,10fb2f3cff15eba2d5974129ca2bdbcb0bf3bb0fe8a7755d920b8f4f75d319ca
우리금융지주,2019,20200330004490,사업보고서 (2019.12),20200330,설립첫해(지정),배창식주1),비상임이사,등기임원,비상근,비상임이사,(학력) '88. 한국외국어대 무역학과 (약력) '14. 예금보험공사 청산회수2부장 '17. 예금보험공사 인재개발실장 現) 예금보험공사 인사지원부 부장책임역,1963.12,남,성명 | 성별 | 출생년월 | 직위 | 등기임원여부 | 상근여부 | 담당업무 | 주요경력 | 소유주식수·의결권있는 주식 | 소유주식수·의결권없는 주식 | 최대주주와의관계 | 재직기간 | 임기만료일,배창식주1) | 남 | 1963.12 | 비상임이사 | 등기임원 | 비상근 | 비상임이사 | (학력) '88. 한국외국어대 무역학과 (약력) '14. 예금보험공사 청산회수2부장 '17. 예금보험공사 인재개발실장 現) 예금보험공사 인사지원부 부장책임역 | - | - | 직원 | 2019.01.11 ~ 현재 | -,2026-09-16T11:04:51+09:00,000,raw/document/20200330004490.zip,10fb2f3cff15eba2d5974129ca2bdbcb0bf3bb0fe8a7755d920b8f4f75d319ca
우리금융지주,2019,20200330004490,사업보고서 (2019.12),20200330,설립첫해(지정),최동수,부사장,미등기임원,상근,"경영지원총괄(고객정보관리인,신용정보관리/보호인)",(학력) '81. 광주대동고 '85. 중앙대 경제학과 '07. 고려대 경영대학원 경영학 석사 (약력) '15. 우리은행 중앙기업영업본부장 '16. 우리은행 금융소비자보호센터장 '17. 우리은행 본점영업부 영업본부장 '17. 우리은행 미래전략단 상무 '19. 兼)우리금융연구소 비상근감사 '19. 兼)우리펀드서비스 기타비상무이사 '19. 兼)우리신용정보 비상근감사,1962.09,남,성명 | 성별 | 출생년월 | 직위 | 등기임원여부 | 상근여부 | 담당업무 | 주요경력 | 소유주식수·의결권있는 주식 | 소유주식수·의결권없는 주식 | 최대주주와의관계 | 재직기간 | 임기만료일,"최동수 | 남 | 1962.09 | 부사장 | 미등기임원 | 상근 | 경영지원총괄(고객정보관리인,신용정보관리/보호인) | (학력) '81. 광주대동고 '85. 중앙대 경제학과 '07. 고려대 경영대학원 경영학 석사 (약력) '15. 우리은행 중앙기업영업본부장 '16. 우리은행 금융소비자보호센터장 '17. 우리은행 본점영업부 영업본부장 '17. 우리은행 미래전략단 상무 '19. 兼)우리금융연구소 비상근감사 '19. 兼)우리펀드서비스 기타비상무이사 '19. 兼)우리신용정보 비상근감사 | 15,738 | - | - | 2019.01.11 ~ 현재 | 2020.02.29",2026-09-16T11:04:51+09:00,000,raw/document/20200330004490.zip,10fb2f3cff15eba2d5974129ca2bdbcb0bf3bb0fe8a7755d920b8f4f75d319ca
우리금융지주,2019,20200330004490,사업보고서 (2019.12),20200330,설립첫해(지정),박경훈,부사장,미등기임원,상근,"경영기획총괄 兼 WM총괄(내부회계관리자,공시책임자,전략기획·재무관리주요업무집행책임자)",(학력) '81. 동대부고 '86. 서울대 국제경제학과 (약력) '15. 우리은행 전략기획부 부장대우 '15. 우리은행 경영기획단 영업본부장대우 '17. 우리은행 본점1기업영업본부장 '17. 우리은행 글로벌그룹 상무 '19. 兼)우리금융연구소 기타비상무이사 '19. 兼)우리카드 기타비상무이사 '19. 兼)우리자산신탁 기타비상무이사,1962.12,남,성명 | 성별 | 출생년월 | 직위 | 등기임원여부 | 상근여부 | 담당업무 | 주요경력 | 소유주식수·의결권있는 주식 | 소유주식수·의결권없는 주식 | 최대주주와의관계 | 재직기간 | 임기만료일,"박경훈 | 남 | 1962.12 | 부사장 | 미등기임원 | 상근 | 경영기획총괄 兼 WM총괄(내부회계관리자,공시책임자,전략기획·재무관리주요업무집행책임자) | (학력) '81. 동대부고 '86. 서울대 국제경제학과 (약력) '15. 우리은행 전략기획부 부장대우 '15. 우리은행 경영기획단 영업본부장대우 '17. 우리은행 본점1기업영업본부장 '17. 우리은행 글로벌그룹 상무 '19. 兼)우리금융연구소 기타비상무이사 '19. 兼)우리카드 기타비상무이사 '19. 兼)우리자산신탁 기타비상무이사 | 16,000 | - | - | 2019.01.11 ~ 현재 | 2020.02.29",2026-09-16T11:04:51+09:00,000,raw/document/20200330004490.zip,10fb2f3cff15eba2d5974129ca2bdbcb0bf3bb0fe8a7755d920b8f4f75d319ca
우리금융지주,2019,20200330004490,사업보고서 (2019.12),20200330,설립첫해(지정),정종숙,전무,미등기임원,상근,WM업무담당,(학력) '81. 충주여상 '12. 방송통신대 경영학과 '15. 연세대행정대학원 행정학과 석사 (약력) '15. 우리은행 종로영업본부 본부장 '16. 우리은행 강남2영업본부 본부장 '17. 우리은행 WM그룹 상무 '18. 우리은행 WM그룹 집행부행장보 '19. 兼)우리은행 집행부행장보,1962.11,여,성명 | 성별 | 출생년월 | 직위 | 등기임원여부 | 상근여부 | 담당업무 | 주요경력 | 소유주식수·의결권있는 주식 | 소유주식수·의결권없는 주식 | 최대주주와의관계 | 재직기간 | 임기만료일,"정종숙 | 여 | 1962.11 | 전무 | 미등기임원 | 상근 | WM업무담당 | (학력) '81. 충주여상 '12. 방송통신대 경영학과 '15. 연세대행정대학원 행정학과 석사 (약력) '15. 우리은행 종로영업본부 본부장 '16. 우리은행 강남2영업본부 본부장 '17. 우리은행 WM그룹 상무 '18. 우리은행 WM그룹 집행부행장보 '19. 兼)우리은행 집행부행장보 | 5,005 | - | - | 2019.07.01 ~ 현재 | 2020.02.29",2026-09-16T11:04:51+09:00,000,raw/document/20200330004490.zip,10fb2f3cff15eba2d5974129ca2bdbcb0bf3bb0fe8a7755d920b8f4f75d319ca
우리금융지주,2019,20200330004490,사업보고서 (2019.12),20200330,설립첫해(지정),노진호,전무,미등기임원,상근,"ICT 기획단(최고정보책임자,개인정보보호책임자,정보보호최고책임자)",(학력) '82. 서라벌고 '86. 고려대 경영학과 '97. 영국 랭커스터대학원 경영과학 석사 (약력) '06. LG CNS 상무 '13. 우리에프아이에스 전무 '18. 한글과컴퓨터 대표이사 '19. 兼)우리FIS 기타비상무이사,1964.02,남,성명 | 성별 | 출생년월 | 직위 | 등기임원여부 | 상근여부 | 담당업무 | 주요경력 | 소유주식수·의결권있는 주식 | 소유주식수·의결권없는 주식 | 최대주주와의관계 | 재직기간 | 임기만료일,"노진호 | 남 | 1964.02 | 전무 | 미등기임원 | 상근 | ICT 기획단(최고정보책임자,개인정보보호책임자,정보보호최고책임자) | (학력) '82. 서라벌고 '86. 고려대 경영학과 '97. 영국 랭커스터대학원 경영과학 석사 (약력) '06. LG CNS 상무 '13. 우리에프아이에스 전무 '18. 한글과컴퓨터 대표이사 '19. 兼)우리FIS 기타비상무이사 | 3,000 | - | - | 2019.02.28 ~ 현재 | 2020.02.29",2026-09-16T11:04:51+09:00,000,raw/document/20200330004490.zip,10fb2f3cff15eba2d5974129ca2bdbcb0bf3bb0fe8a7755d920b8f4f75d319ca
우리금융지주,2019,20200330004490,사업보고서 (2019.12),20200330,설립첫해(지정),서영호,상무,미등기임원,상근,글로벌총괄,(학력) '80. 마산고 '88. 단국대학교 경제학과 (약력) '15. 우리은행 자금부 부장 '15. 우리은행 자금부 본부장 '17. 우리은행 경기중부영업본부 본부장 '18. 우리은행 글로벌그룹 상무 '19. 兼)우리은행 상무,1961.05,남,성명 | 성별 | 출생년월 | 직위 | 등기임원여부 | 상근여부 | 담당업무 | 주요경력 | 소유주식수·의결권있는 주식 | 소유주식수·의결권없는 주식 | 최대주주와의관계 | 재직기간 | 임기만료일,서영호 | 남 | 1961.05 | 상무 | 미등기임원 | 상근 | 글로벌총괄 | (학력) '80. 마산고 '88. 단국대학교 경제학과 (약력) '15. 우리은행 자금부 부장 '15. 우리은행 자금부 본부장 '17. 우리은행 경기중부영업본부 본부장 '18. 우리은행 글로벌그룹 상무 '19. 兼)우리은행 상무 | - | - | - | 2019.07.01 ~ 현재 | 2020.02.29,2026-09-16T11:04:51+09:00,000,raw/document/20200330004490.zip,10fb2f3cff15eba2d5974129ca2bdbcb0bf3bb0fe8a7755d920b8f4f75d319ca
우리금융지주,2019,20200330004490,사업보고서 (2019.12),20200330,설립첫해(지정),김정록,상무,미등기임원,상근,CIB총괄,(학력) '81. 서울북공고 '86. 성균관대학교 행정학과 (약력) '13. 우리은행 선릉금융센터 센터장 '16. 우리은행 종로영업본부 본부장 '17. 우리은행 송파영업본부 본부장 '18. 우리은행 IB그룹 상무 '19. 兼)우리은행상무 '19. 兼)우리종합금융 부사장,1962.10,남,성명 | 성별 | 출생년월 | 직위 | 등기임원여부 | 상근여부 | 담당업무 | 주요경력 | 소유주식수·의결권있는 주식 | 소유주식수·의결권없는 주식 | 최대주주와의관계 | 재직기간 | 임기만료일,김정록 | 남 | 1962.10 | 상무 | 미등기임원 | 상근 | CIB총괄 | (학력) '81. 서울북공고 '86. 성균관대학교 행정학과 (약력) '13. 우리은행 선릉금융센터 센터장 '16. 우리은행 종로영업본부 본부장 '17. 우리은행 송파영업본부 본부장 '18. 우리은행 IB그룹 상무 '19. 兼)우리은행상무 '19. 兼)우리종합금융 부사장 | - | - | - | 2019.07.01 ~ 현재 | 2020.02.29,2026-09-16T11:04:51+09:00,000,raw/document/20200330004490.zip,10fb2f3cff15eba2d5974129ca2bdbcb0bf3bb0fe8a7755d920b8f4f75d319ca
우리금융지주,2019,20200330004490,사업보고서 (2019.12),20200330,설립첫해(지정),황원철,상무,미등기임원,상근,디지털총괄,(학력) '87. 보성고 '91. 한양대학교 수학과 '95. 한양대대학원 수학과 석사 (약력) '18. 우리은행 디지털금융그룹 본부장 '18. 우리은행 디지털금융그룹 상무 '19. 兼)우리은행 상무 '19. 兼)우리카드 전무,1968.06,남,성명 | 성별 | 출생년월 | 직위 | 등기임원여부 | 상근여부 | 담당업무 | 주요경력 | 소유주식수·의결권있는 주식 | 소유주식수·의결권없는 주식 | 최대주주와의관계 | 재직기간 | 임기만료일,황원철 | 남 | 1968.06 | 상무 | 미등기임원 | 상근 | 디지털총괄 | (학력) '87. 보성고 '91. 한양대학교 수학과 '95. 한양대대학원 수학과 석사 (약력) '18. 우리은행 디지털금융그룹 본부장 '18. 우리은행 디지털금융그룹 상무 '19. 兼)우리은행 상무 '19. 兼)우리카드 전무 | - | - | - | 2019.07.01 ~ 현재 | 2020.02.29,2026-09-16T11:04:51+09:00,000,raw/document/20200330004490.zip,10fb2f3cff15eba2d5974129ca2bdbcb0bf3bb0fe8a7755d920b8f4f75d319ca
우리금융지주,2019,20200330004490,사업보고서 (2019.12),20200330,설립첫해(지정),황규목,상무,미등기임원,상근,준법감시인,(학력) '81. 수원수성고등학교 '86. 인하대학교 행정학과 '09. 연세대 행정대학원 행정학 석사 (약력) '09. 우리은행 논현동지점장 '11. 중국우리은행 경영지원본부장 '15. 우리은행 종로기업영업본부장 '17. 우리은행 본점1기업영업본부장,1963.02,남,성명 | 성별 | 출생년월 | 직위 | 등기임원여부 | 상근여부 | 담당업무 | 주요경력 | 소유주식수·의결권있는 주식 | 소유주식수·의결권없는 주식 | 최대주주와의관계 | 재직기간 | 임기만료일,"황규목 | 남 | 1963.02 | 상무 | 미등기임원 | 상근 | 준법감시인 | (학력) '81. 수원수성고등학교 '86. 인하대학교 행정학과 '09. 연세대 행정대학원 행정학 석사 (약력) '09. 우리은행 논현동지점장 '11. 중국우리은행 경영지원본부장 '15. 우리은행 종로기업영업본부장 '17. 우리은행 본점1기업영업본부장 | 13,239 | - | - | 2019.01.11 ~ 현재 | 2021.01.10",2026-09-16T11:04:51+09:00,000,raw/document/20200330004490.zip,10fb2f3cff15eba2d5974129ca2bdbcb0bf3bb0fe8a7755d920b8f4f75d319ca
우리금융지주,2019,20200330004490,사업보고서 (2019.12),20200330,설립첫해(지정),이석태,상무,미등기임원,상근,전략기획단 (전략기획주요업무 집행책임자),(학력) '83. 순천고등학교 '91. 중앙대학교 경영학과 (약력) '12. 우리은행 압구정로데오지점장 '15. 우리은행 전략기획부장 '16. 우리은행 경영기획단 영업본부장대우 '17. 우리은행 미래전략부장(본부장) '19. 兼)우리자산운용 기타비상무이사,1964.07,남,성명 | 성별 | 출생년월 | 직위 | 등기임원여부 | 상근여부 | 담당업무 | 주요경력 | 소유주식수·의결권있는 주식 | 소유주식수·의결권없는 주식 | 최대주주와의관계 | 재직기간 | 임기만료일,"이석태 | 남 | 1964.07 | 상무 | 미등기임원 | 상근 | 전략기획단 (전략기획주요업무 집행책임자) | (학력) '83. 순천고등학교 '91. 중앙대학교 경영학과 (약력) '12. 우리은행 압구정로데오지점장 '15. 우리은행 전략기획부장 '16. 우리은행 경영기획단 영업본부장대우 '17. 우리은행 미래전략부장(본부장) '19. 兼)우리자산운용 기타비상무이사 | 14,857 | - | - | 2019.01.11 ~ 현재 | 2020.02.29",2026-09-16T11:04:51+09:00,000,raw/document/20200330004490.zip,10fb2f3cff15eba2d5974129ca2bdbcb0bf3bb0fe8a7755d920b8f4f75d319ca
우리금융지주,2019,20200330004490,사업보고서 (2019.12),20200330,설립첫해(지정),정석영,상무,미등기임원,상근,"리스크관리총괄 (리스크관리책임자, 리스크관리주요업무 집행책임자)",(학력) '83. 부산상업고등학교 '90. 연세대학교 경영학과 '16. 연세대 경제대학원 석사 (약력) '11. 우리은행 러시아법인장 '13. 우리은행 연세금융센터장 '16. 우리은행 서대문영업본부장,1964.12,남,성명 | 성별 | 출생년월 | 직위 | 등기임원여부 | 상근여부 | 담당업무 | 주요경력 | 소유주식수·의결권있는 주식 | 소유주식수·의결권없는 주식 | 최대주주와의관계 | 재직기간 | 임기만료일,"정석영 | 남 | 1964.12 | 상무 | 미등기임원 | 상근 | 리스크관리총괄 (리스크관리책임자, 리스크관리주요업무 집행책임자) | (학력) '83. 부산상업고등학교 '90. 연세대학교 경영학과 '16. 연세대 경제대학원 석사 (약력) '11. 우리은행 러시아법인장 '13. 우리은행 연세금융센터장 '16. 우리은행 서대문영업본부장 | 18,951 | - | - | 2019.01.11 ~ 현재 | 2021.01.10",2026-09-16T11:04:51+09:00,000,raw/document/20200330004490.zip,10fb2f3cff15eba2d5974129ca2bdbcb0bf3bb0fe8a7755d920b8f4f75d319ca
우리금융지주,2019,20200330004490,사업보고서 (2019.12),20200330,설립첫해(지정),첨문악,사외이사,등기임원,비상근,사외이사,(학력) '85. 국립 타이페이대 경영학과 '91. 조지타운대 대학원 경영학 석사 (약력) '11. 중국 푸본은행 CEO '18. 중국 푸본은행 부회장,1962.11,남,성명 | 성별 | 출생년월 | 직위 | 등기임원여부 | 상근여부 | 담당업무 | 주요경력 | 소유주식수·의결권있는 주식 | 소유주식수·의결권없는 주식 | 최대주주와의관계 | 재직기간 | 임기만료일,첨문악 | 남 | 1962.11 | 사외이사 | 등기임원 | 비상근 | 사외이사 | (학력) '85. 국립 타이페이대 경영학과 '91. 조지타운대 대학원 경영학 석사 (약력) '11. 중국 푸본은행 CEO '18. 중국 푸본은행 부회장 | - | - | - | 2020.03.25 ~ 현재 | 주1),2026-09-16T11:04:51+09:00,000,raw/document/20200330004490.zip,10fb2f3cff15eba2d5974129ca2bdbcb0bf3bb0fe8a7755d920b8f4f75d319ca
우리금융지주,2019,20200330004490,사업보고서 (2019.12),20200330,설립첫해(지정),,,,,,,,,성명 | 성별 | 출생년월 | 직위 | 등기임원여부 | 상근여부 | 담당업무 | 주요경력 | 소유주식수·의결권있는 주식 | 소유주식수·의결권없는 주식 | 최대주주와의관계 | 재직기간 | 임기만료일,김홍태 | 남 | 1966.02 | 비상임이사 | 등기임원 | 비상근 | 비상임이사 | (학력) '93. 서울대 국제경제학과 (약력) '15. 예금보험공사 업무역량강화 TF 부부장 책임역 '17. 예금보험공사 인사지원부 부부장 책임역 現) 예금보험공사 혁신경영실 실장 | - | - | 직원 | 2020.03.25 ~ 현재,2026-09-16T11:04:51+09:00,000,raw/document/20200330004490.zip,10fb2f3cff15eba2d5974129ca2bdbcb0bf3bb0fe8a7755d920b8f4f75d319ca
우리금융지주,2019,20200330004490,사업보고서 (2019.12),20200330,설립첫해(지정),이원덕,부사장,등기임원,상근,전략부문,(학력) '80. 공주사대부고 '84. 서울대학교 농업경제학과 '86. 서울대대학원 경제학 석사 (약력) '14. 우리은행 전략사업부 영업본부장대우 '16. 우리은행 미래전략부 영업본부장대우 '17. 우리은행 미래전략단 상무 '17. 우리은행 경영기획그룹 상무 '18. 우리은행 경영기획그룹 부행장 '20. 전 략부문 부사장,1962.01,남,성명 | 성별 | 출생년월 | 직위 | 등기임원여부 | 상근여부 | 담당업무 | 주요경력 | 소유주식수·의결권있는 주식 | 소유주식수·의결권없는 주식 | 최대주주와의관계 | 재직기간 | 임기만료일,"이원덕 | 남 | 1962.01 | 부사장 | 등기임원 | 상근 | 전략부문 | (학력) '80. 공주사대부고 '84. 서울대학교 농업경제학과 '86. 서울대대학원 경제학 석사 (약력) '14. 우리은행 전략사업부 영업본부장대우 '16. 우리은행 미래전략부 영업본부장대우 '17. 우리은행 미래전략단 상무 '17. 우리은행 경영기획그룹 상무 '18. 우리은행 경영기획그룹 부행장 '20. 전 략부문 부사장 | 18,500 | - | - | 2020.03.25 ~ 현재 | 주2)",2026-09-16T11:04:51+09:00,000,raw/document/20200330004490.zip,10fb2f3cff15eba2d5974129ca2bdbcb0bf3bb0fe8a7755d920b8f4f75d319ca
우리금융지주,2019,20200330004490,사업보고서 (2019.12),20200330,설립첫해(지정),김정기,부사장,미등기임원,상근,사업관리부문,(학력) '80. 운호고 '88. 충북대학교 농업경제학과 (약력) '15. 우리은행 개인고객본부 영업본부장대우 '17. 우리은행 대외협력단 상무 '17. 우리은행 업무지원그룹 상무 '17. 우리은행 기업그룹 부행장 '18. 우리은행 영업지원부문장 兼 HR그룹 부행장 '20. 兼)우리카드 기타비상무이사,1962.05,남,성명 | 성별 | 출생년월 | 직위 | 등기임원여부 | 상근여부 | 담당업무 | 주요경력 | 소유주식수·의결권있는 주식 | 소유주식수·의결권없는 주식 | 최대주주와의관계 | 재직기간 | 임기만료일,"김정기 | 남 | 1962.05 | 부사장 | 미등기임원 | 상근 | 사업관리부문 | (학력) '80. 운호고 '88. 충북대학교 농업경제학과 (약력) '15. 우리은행 개인고객본부 영업본부장대우 '17. 우리은행 대외협력단 상무 '17. 우리은행 업무지원그룹 상무 '17. 우리은행 기업그룹 부행장 '18. 우리은행 영업지원부문장 兼 HR그룹 부행장 '20. 兼)우리카드 기타비상무이사 | 2,000 | - | - | 2020.02.11 ~ 현재 | 2020.12.31",2026-09-16T11:04:51+09:00,000,raw/document/20200330004490.zip,10fb2f3cff15eba2d5974129ca2bdbcb0bf3bb0fe8a7755d920b8f4f75d319ca
우리금융지주,2019,20200330004490,사업보고서 (2019.12),20200330,설립첫해(지정),신명혁,부사장,미등기임원,상근,자산관리총괄,(학력) '80. 대일고 '85. 한국외국어대학교 중국어과 (약력) '15. 우리은행 부산서부영업본부장 '16. 우리은행 강동강원영업본부장 '17. 우리은행 신탁연금그룹 상무 '18. 우리은행 중소기업그룹 부행장보 '19. 우리은행 WM그룹 부행장보 '20. 兼)우리은행 집행부행장,1961.11,남,성명 | 성별 | 출생년월 | 직위 | 등기임원여부 | 상근여부 | 담당업무 | 주요경력 | 소유주식수·의결권있는 주식 | 소유주식수·의결권없는 주식 | 최대주주와의관계 | 재직기간 | 임기만료일,"신명혁 | 남 | 1961.11 | 부사장 | 미등기임원 | 상근 | 자산관리총괄 | (학력) '80. 대일고 '85. 한국외국어대학교 중국어과 (약력) '15. 우리은행 부산서부영업본부장 '16. 우리은행 강동강원영업본부장 '17. 우리은행 신탁연금그룹 상무 '18. 우리은행 중소기업그룹 부행장보 '19. 우리은행 WM그룹 부행장보 '20. 兼)우리은행 집행부행장 | 3,000 | - | - | 2020.02.11 ~ 현재 | 2020.12.31",2026-09-16T11:04:51+09:00,000,raw/document/20200330004490.zip,10fb2f3cff15eba2d5974129ca2bdbcb0bf3bb0fe8a7755d920b8f4f75d319ca
우리금융지주,2019,20200330004490,사업보고서 (2019.12),20200330,설립첫해(지정),강신국,상무,미등기임원,상근,CIB 총괄,(학력) '81. 동래고 '86. 고려대학교 경영학과 '92. 고려대대학원 국제경영학 석사 (약력) '14. 우리은행 여의도중앙금융센터장 '17. 우리은행 자금부 본부장 '18. 우리은행 종로기업영업본부장 '20. 兼)우리은행 상무 '20. 兼)우리종합금융 부사장,1964.05,남,성명 | 성별 | 출생년월 | 직위 | 등기임원여부 | 상근여부 | 담당업무 | 주요경력 | 소유주식수·의결권있는 주식 | 소유주식수·의결권없는 주식 | 최대주주와의관계 | 재직기간 | 임기만료일,"강신국 | 남 | 1964.05 | 상무 | 미등기임원 | 상근 | CIB 총괄 | (학력) '81. 동래고 '86. 고려대학교 경영학과 '92. 고려대대학원 국제경영학 석사 (약력) '14. 우리은행 여의도중앙금융센터장 '17. 우리은행 자금부 본부장 '18. 우리은행 종로기업영업본부장 '20. 兼)우리은행 상무 '20. 兼)우리종합금융 부사장 | 2,000 | - | - | 2020.02.11 ~ 현재 | 2021.12.31",2026-09-16T11:04:51+09:00,000,raw/document/20200330004490.zip,10fb2f3cff15eba2d5974129ca2bdbcb0bf3bb0fe8a7755d920b8f4f75d319ca
우리금융지주,2019,20200330004490,사업보고서 (2019.12),20200330,설립첫해(지정),황규순,상무,미등기임원,상근,글로벌총괄,(학력) '83. 호남고 '91. 홍익대학교 영어영문학과 (약력) '17. 우리은행 경기서부영업본부장 '18. 우리은행 관악동작영업본부장 '19. 우리은행 강남2영업본부장 '20. 兼)우리은행 상무,1964.09,남,성명 | 성별 | 출생년월 | 직위 | 등기임원여부 | 상근여부 | 담당업무 | 주요경력 | 소유주식수·의결권있는 주식 | 소유주식수·의결권없는 주식 | 최대주주와의관계 | 재직기간 | 임기만료일,"황규순 | 남 | 1964.09 | 상무 | 미등기임원 | 상근 | 글로벌총괄 | (학력) '83. 호남고 '91. 홍익대학교 영어영문학과 (약력) '17. 우리은행 경기서부영업본부장 '18. 우리은행 관악동작영업본부장 '19. 우리은행 강남2영업본부장 '20. 兼)우리은행 상무 | 2,000 | - | - | 2020.02.11 ~ 현재 | 2021.12.31",2026-09-16T11:04:51+09:00,000,raw/document/20200330004490.zip,10fb2f3cff15eba2d5974129ca2bdbcb0bf3bb0fe8a7755d920b8f4f75d319ca
우리금융지주,2019,20200330004490,사업보고서 (2019.12),20200330,설립첫해(지정),박종일,상무,미등기임원,상근,전략기획단 (전략기획 주요업무 집행책임자),(학력) '83. 광주대동고 '88. 한국외국어대학교 법학과 (약력) '15. 우리은행 도산대로금융센터장 '17. 우리은행 개인영업전략부 본부장 '18. 우리은행 전략기획부 본부장 '20. 兼)우리금융경영연구소 기타비상무이사,1964.09,남,성명 | 성별 | 출생년월 | 직위 | 등기임원여부 | 상근여부 | 담당업무 | 주요경력 | 소유주식수·의결권있는 주식 | 소유주식수·의결권없는 주식 | 최대주주와의관계 | 재직기간 | 임기만료일,"박종일 | 남 | 1964.09 | 상무 | 미등기임원 | 상근 | 전략기획단 (전략기획 주요업무 집행책임자) | (학력) '83. 광주대동고 '88. 한국외국어대학교 법학과 (약력) '15. 우리은행 도산대로금융센터장 '17. 우리은행 개인영업전략부 본부장 '18. 우리은행 전략기획부 본부장 '20. 兼)우리금융경영연구소 기타비상무이사 | 2,000 | - | - | 2020.02.11 ~ 현재 | 2021.12.31",2026-09-16T11:04:51+09:00,000,raw/document/20200330004490.zip,10fb2f3cff15eba2d5974129ca2bdbcb0bf3bb0fe8a7755d920b8f4f75d319ca
우리금융지주,2019,20200330004490,사업보고서 (2019.12),20200330,설립첫해(지정),우병권,상무,미등기임원,상근,준법감시인,(학력) '82. 성동공고 '92. 성균관대학교 영어영문학과 (약력) '14. 중국우리은행 경영지원본부장 '17. 중국우리은행 영업추진본부장 '19. 우리금융지주 경영지원부 본부장,1964.11,남,성명 | 성별 | 출생년월 | 직위 | 등기임원여부 | 상근여부 | 담당업무 | 주요경력 | 소유주식수·의결권있는 주식 | 소유주식수·의결권없는 주식 | 최대주주와의관계 | 재직기간 | 임기만료일,"우병권 | 남 | 1964.11 | 상무 | 미등기임원 | 상근 | 준법감시인 | (학력) '82. 성동공고 '92. 성균관대학교 영어영문학과 (약력) '14. 중국우리은행 경영지원본부장 '17. 중국우리은행 영업추진본부장 '19. 우리금융지주 경영지원부 본부장 | 2,500 | - | - | 2020.02.11 ~ 현재 | 2022.02.10",2026-09-16T11:04:51+09:00,000,raw/document/20200330004490.zip,10fb2f3cff15eba2d5974129ca2bdbcb0bf3bb0fe8a7755d920b8f4f75d319ca
우리금융지주,2019,20200330004490,사업보고서 (2019.12),20200330,설립첫해(지정),이성욱,상무,미등기임원,상근,재무기획단 (재무관리 주요업무 집행책임자),(학력) '84. 대구고 '91. 연세대학교 경영학과 (약력) '11. 우리은행 재무기획부장 '17. 우리은행 재무기획부 본부장 '19. 우리금융지주 재무관리부 본부장 '19. 兼)우리PE 기타비상무이사,1965.11,남,성명 | 성별 | 출생년월 | 직위 | 등기임원여부 | 상근여부 | 담당업무 | 주요경력 | 소유주식수·의결권있는 주식 | 소유주식수·의결권없는 주식 | 최대주주와의관계 | 재직기간 | 임기만료일,"이성욱 | 남 | 1965.11 | 상무 | 미등기임원 | 상근 | 재무기획단 (재무관리 주요업무 집행책임자) | (학력) '84. 대구고 '91. 연세대학교 경영학과 (약력) '11. 우리은행 재무기획부장 '17. 우리은행 재무기획부 본부장 '19. 우리금융지주 재무관리부 본부장 '19. 兼)우리PE 기타비상무이사 | 5,000 | - | - | 2020.02.11 ~ 현재 | 2021.12.31",2026-09-16T11:04:51+09:00,000,raw/document/20200330004490.zip,10fb2f3cff15eba2d5974129ca2bdbcb0bf3bb0fe8a7755d920b8f4f75d319ca
