지주명,공시연도,공시유형,구분,제목,파일명,방식,다운로드성공,실패사유,목록크기,실제크기,크기차이,페이지수,텍스트추출,텍스트글자수,스캔본추정,목차항목수,본문발견섹션수,섹션출처,목차없음,표수,표셀수,쪽당표셀,표추출신뢰도,sha256,url,fetched_at
BNK금융지주,2025,본공시,보수체계,[BNK금융지주] 2024년도 보수체계 연차보고서 수정 공시,BNK금융지주_보수체계연차보고서_2025_수정공시.pdf,GET,Y,,359132,359132,,6,Y,10920,N,0,2,본문표제,N,47,880,146.7,보통,7f3cbe232a9c63a6dcc76e1f07cdf5696a95bf1c33b9ae5f1a575806160402d8,https://www.bnkfg.com/download?seq=5980,2026-09-22T02:44:33+0000
BNK금융지주,,조직도,조직도,조직도 이미지,BNK금융지주_조직도_20250717.jpg,GET,Y,,,122246,,,-,,,,,,N,,,,,e727c52f8d4eafc211c9dd1a00b70abe4b4fb39a8e3a208fdf6fca15be65847a,https://www.bnkfg.com/images/contents/con1_6_20250717.jpg,2026-09-22T02:44:26+0000
BNK금융지주,2025,본공시,지배구조·보수체계 통합,[BNK금융지주] 2024년 지배구조 및 보수체계 연차보고서 공시,BNK금융지주_지배구조연차보고서_2025.pdf,GET,Y,,3769953,3769953,,381,Y,523246,N,17,16,목차,N,1157,69354,182.0,보통,8ce2becf482235b325a6e4cbc925d812a905eda83b2badcaac7b8eca90ceb5c2,https://www.bnkfg.com/download?seq=5976,2026-09-22T02:44:29+0000
BNK금융지주,2026,본공시,지배구조·보수체계 통합,[BNK금융지주] 2025년 지배구조 및 보수체계 연차보고서 공시,BNK금융지주_지배구조연차보고서_2026.pdf,GET,Y,,4004362,4004362,,419,Y,599357,N,17,16,목차,N,1289,76193,181.8,보통,b24014b2103b59a5746036c20c9269298cb42040e1f5687251a6a931dcf910b3,https://www.bnkfg.com/download?seq=6532,2026-09-22T02:44:36+0000
JB금융지주,,조직도,조직도,조직도 이미지,JB금융지주_조직도.svg,GET,Y,,,209579,,,-,,,,,,N,,,,,d5555293d57387b6184e8736fff24a2f7f43cda681b3f99f479c616200b16899,https://www.jbfg.com/assets/img/governance/img-organization.svg,2026-09-22T02:44:40+0000
JB금융지주,2025,본공시,지배구조·보수체계 통합,(JB금융지주) 2024년 지배구조 및 보수체계 연차보고서,JB금융지주_지배구조연차보고서_2025.pdf,GET,Y,,7640035,7640035,,343,Y,546702,N,53,822,본문표제,N,969,90426,263.6,보통,bbb79167f6b0f31cc1cfad9be9ad869fe305d4024e6f51fd9c7091be7d3ecc0f,https://www.jbfg.com/ko/file/download.do?id=31614734-513c-466b-e064-548028409014,2026-09-22T02:44:44+0000
JB금융지주,2026,본공시,지배구조·보수체계 통합,(JB금융지주) 2025년 지배구조 및 보수체계 연차보고서,JB금융지주_지배구조연차보고서_2026.pdf,GET,Y,,2995848,2995848,,301,Y,507681,N,42,471,본문표제,N,786,83240,276.5,보통,b130c5f736861b872d664679ae2c02bf6833d83c13a9e5de97f8cd78fbfa6720,https://www.jbfg.com/ko/file/download.do?id=766572e4-6f3c-4fe4-9769-40c667b3772e,2026-09-22T02:44:59+0000
JB금융지주,2026,정정공시,지배구조·보수체계 통합,(JB금융지주) 2025년 지배구조 및 보수체계 연차보고서(정정),JB금융지주_지배구조연차보고서_2026_정정공시.pdf,GET,Y,,4368482,4368482,,304,Y,488087,N,57,612,본문표제,N,799,83806,275.7,보통,559ad115acec0977f0c2ec9c1322b186d82acd85408c926a981fba564547ed84,https://www.jbfg.com/ko/file/download.do?id=af3022ef-4e61-4e5f-9cb8-aabf7c8730ce,2026-09-22T02:45:07+0000
KB금융지주,,조직도,조직도,조직도 이미지,KB금융지주_조직도_260101.png,GET,Y,,,33959,,,-,,,,,,N,,,,,e6829e1d76d668f8053a82adb55b2cd9b24cb806400de00269f9408088a8e178,https://www.kbfg.com/data/images/about/group/KBFG_Organization_kor_260101.png,2026-09-22T02:37:11+0000
KB금융지주,2025,본공시,지배구조·보수체계 통합,KB금융지주 「2024년 지배구조 및 보수체계 연차보고서」 공시,KB금융지주_지배구조연차보고서_2025.pdf,GET,Y,,5227868,5227868,,298,Y,511366,N,104,89,목차,N,851,60696,203.7,보통,3cf69bf55807083801fee2f0c965bc02bcb15a321a2e6f14b736c6f22a435ed9,https://www.kbfg.com/api/download/board/13249,2026-09-22T02:37:14+0000
KB금융지주,2025,추가공시,지배구조·보수체계 통합,KB금융지주 「2024년 지배구조 및 보수체계 연차보고서」 (추가공시),KB금융지주_지배구조연차보고서_2025_추가공시.pdf,GET,Y,,5233092,5233092,,298,Y,511487,N,104,89,목차,N,851,60697,203.7,보통,5cb664723628e415c9dbe3fca70ba67f7673c37b69665a0cf18652ae16e6d624,https://www.kbfg.com/api/download/board/13406,2026-09-22T02:37:19+0000
KB금융지주,2026,본공시,지배구조·보수체계 통합,KB금융지주 「2025년 지배구조 및 보수체계 연차보고서」 공시,KB금융지주_지배구조연차보고서_2026.pdf,GET,Y,,5669325,5669325,,328,Y,562646,N,106,91,목차,N,908,67431,205.6,보통,21449e031dcc707be9dad2b4a13c72a9e2a9c90371de0fd8ab926d32e95061d9,https://www.kbfg.com/api/download/board/14406,2026-09-22T02:37:23+0000
KB금융지주,2026,추가공시,지배구조·보수체계 통합,KB금융지주 「2025년 지배구조 및 보수체계 연차보고서」 추가 공시,KB금융지주_지배구조연차보고서_2026_추가공시.pdf,GET,Y,,5578553,5578553,,328,Y,3568491,N,71,61,목차,N,986,62831,191.6,보통,2dc9fddfcae9727b2779f8869d7a9103b22fc8433a5fd7032c11efa762f09481,https://www.kbfg.com/api/download/board/14548,2026-09-22T02:37:27+0000
NH농협금융지주,,조직도,조직도,조직도 이미지,NH농협금융지주_조직도_202601.jpg,GET,Y,,,256175,,,-,,,,,,N,,,,,34a59da58e723651945fce7b838581684d4fae4703cc4cf9ab085460149a8020,https://www.nhfngroup.com/attach/nhghome/nhfngroup/k2board/editerUpload/20251231142607581_AF0T6H5Z.jpg,2026-09-22T02:45:16+0000
NH농협금융지주,2025,본공시,지배구조·보수체계 통합,(공시) 2024년 농협금융지주 지배구조 및 보수체계 연차보고서,NH농협금융지주_지배구조연차보고서_2025.pdf,GET,Y,,4165045,4165045,,360,Y,435952,N,23,720,본문표제,N,997,75215,208.9,보통,b8b9b02b93a7d8c7c5ebbd8dcd436a1f9a3387fb055faea66f38c0f948e68b83,https://www.nhfngroup.com/common/downLoad.do?siteId=nhfngroup&fileSeq=5680657&flag=A&albumType=1,2026-09-22T02:45:21+0000
NH농협금융지주,2025,추가공시,지배구조·보수체계 통합,(공시) NH농협금융지주 2024년 지배구조 및 보수체계 연차보고서 추가공시,NH농협금융지주_지배구조연차보고서_2025_추가공시.pdf,GET,Y,,5022346,5022346,,360,Y,436008,N,23,720,본문표제,N,997,75201,208.9,보통,7ca25d34f255f2ef4cbd0ed4a1ed6fa15b96562a0fe69f8790ea6010ee7015dc,https://www.nhfngroup.com/common/downLoad.do?siteId=nhfngroup&fileSeq=5702985&flag=A&albumType=1,2026-09-22T02:45:41+0000
NH농협금융지주,2026,본공시,지배구조·보수체계 통합,(공시) NH농협금융지주 2025년 지배구조 및 보수체계 연차보고서,NH농협금융지주_지배구조연차보고서_2026.pdf,GET,Y,,5337462,5337462,,334,Y,429647,N,0,683,본문표제,N,867,67252,201.4,보통,bc1463afbba6446cf087fcb7f714ff64fbda86033adc4b7167ae3a199cac68bb,https://www.nhfngroup.com/common/downLoad.do?siteId=nhfngroup&fileSeq=5831803&flag=A&albumType=1,2026-09-22T02:45:52+0000
NH농협금융지주,2026,추가공시,지배구조·보수체계 통합,(공시) NH농협금융지주 2025년도 지배구조 및 보수체계 연차보고서 추가공시,NH농협금융지주_지배구조연차보고서_2026_추가공시.pdf,GET,Y,,5620463,5620463,,344,Y,381107,N,0,682,본문표제,N,892,67451,196.1,보통,e934924a8b150f47a812076c3f8f17a17c10a3384de09f110b0d8af4f9dc7d31,https://www.nhfngroup.com/common/downLoad.do?siteId=nhfngroup&fileSeq=5850960&flag=A&albumType=1,2026-09-22T02:46:03+0000
iM금융지주,,조직도,조직도,조직도 이미지,iM금융지주_조직도.jpg,GET,Y,,,293630,,,-,,,,,,N,,,,,a9d55a498c8b8921d20d3d2b74dde9d8b774f07d2b5b92cfce24c3628067bb33,https://www.imfngroup.com/pc/img/ko/img_ad04_1.jpg,2026-09-22T02:41:14+0000
iM금융지주,2025,본공시,지배구조·보수체계 통합,2024년도 DGB금융지주 지배구조 및 보수체계 연차보고서,iM금융지주_지배구조연차보고서_2025.pdf,GET,Y,,8129531,8129531,,330,Y,415567,N,18,18,목차,N,868,60156,182.3,보통,a285a56b060f2d7f2393a26ab1ff60da58cad20e9b4bf74856ee46204d224b2b,https://www.imfngroup.com/nbbsR3.fg?putup_writ_seq=3945&file_seq=1,2026-09-22T02:41:42+0000
iM금융지주,2025,추가공시,지배구조·보수체계 통합,2024년도 지배구조 및 보수체계 연차보고서 추가 공시,iM금융지주_지배구조연차보고서_2025_추가공시.pdf,GET,Y,,16323635,16323635,,330,Y,416140,N,18,18,목차,N,868,60143,182.3,보통,0af440122435920d2ea2d140e2b5579d95b1babf67ec3fd5dc4a382d9da17eff,https://www.imfngroup.com/nbbsR3.fg?putup_writ_seq=3989&file_seq=1,2026-09-22T02:41:58+0000
iM금융지주,2026,본공시,지배구조·보수체계 통합,2025년도 iM금융지주 지배구조 및 보수체계 연차보고서,iM금융지주_지배구조연차보고서_2026.pdf,GET,Y,,12989181,12989181,,294,Y,516051,N,32,19,목차,N,919,64586,219.7,보통,1b008a7d6a2952cfb20abc8aef7f3f2288a7b4478f3e9c7bf81500fc55c79bdf,https://www.imfngroup.com/nbbsR3.fg?putup_writ_seq=4271&file_seq=1,2026-09-22T02:42:34+0000
iM금융지주,2026,추가공시,지배구조·보수체계 통합,2025년도 지배구조 및 보수체계 연차보고서 추가 공시,iM금융지주_지배구조연차보고서_2026_추가공시.pdf,GET,Y,,8968972,8968972,,294,Y,513786,N,32,19,목차,N,918,64394,219.0,보통,b444b0310c4c8cc3098f4480765349bfaccd1b01d10a06647dec2f517cc65ad3,https://www.imfngroup.com/nbbsR3.fg?putup_writ_seq=4317&file_seq=1,2026-09-22T02:42:57+0000
메리츠금융지주,2025,본공시,지배구조·보수체계 통합,2024년 지배구조 및 보수체계 연차보고서,메리츠금융지주_지배구조연차보고서_2025.pdf,GET,Y,,2675337,2675337,,231,Y,288708,N,160,153,목차,N,493,50152,217.1,보통,dd01e81ece51eb27af932e560548e07d25aca753539a59617b7d2060370a006a,https://www.meritzgroup.com/commfiles/hld/attach/2025/20250328/202503281555190730003U.pdf,2026-09-22T02:36:47+0000
메리츠금융지주,2026,본공시,지배구조·보수체계 통합,2025년 지배구조 및 보수체계 연차보고서,메리츠금융지주_지배구조연차보고서_2026.pdf,GET,Y,,2445049,2445049,,220,Y,293540,N,172,161,목차,N,496,50474,229.4,보통,83bb54ffc25e1187018532d53940495fd39b9df6e4119eb6c31faae5ef631540,https://www.meritzgroup.com/commfiles/hld/attach/2026/20260311/202603111712088150009U.pdf,2026-09-22T02:36:57+0000
신한금융지주,,조직도,조직도,조직도 이미지,신한금융지주_조직도.png,GET,Y,,,100662,,,-,,,,,,N,,,,,a463e512a7a5128fadbcbe4ee0a54a659bcbb8d884a369943c8756795183f1ce,https://www.shinhangroup.com/resources/publish/kr/images/about/pc_og_chart.png,2026-09-22T02:36:26+0000
신한금융지주,2025,본공시,지배구조·보수체계 통합,신한금융지주회사 2024 지배구조 및 보수체계 연차보고서 공시,신한금융지주_지배구조연차보고서_2025.pdf,GET,Y,,5347257,5347257,,296,Y,969719,N,86,84,목차,N,193,3260,11.0,낮음(PDF가 문단 단위로 텍스트를 내놓아 칸이 갈리지 않음),3072f042f9a99d1fd3b9eae591b6dbbb6aadc43a7d22755a8b61b075eab70b97,https://www.shinhangroup.com/main/downloadAttach?attachNo=89c02dba8a00489786c9fbb6c301a0ee&seq=1,2026-09-22T02:36:29+0000
신한금융지주,2025,추가공시,지배구조·보수체계 통합,신한금융지주 2024 지배구조 및 보수체계 연차보고서 추가공시,신한금융지주_지배구조연차보고서_2025_추가공시.pdf,GET,Y,,5340770,5340770,,296,Y,969724,N,86,84,목차,N,193,3260,11.0,낮음(PDF가 문단 단위로 텍스트를 내놓아 칸이 갈리지 않음),a9c82492a1296742ff9f03eb7c8b34f2e0c5f99725078f9cad8ed0e988f76505,https://www.shinhangroup.com/main/downloadAttach?attachNo=7729d787f8314307b4af6eb88e3db129&seq=1,2026-09-22T02:36:33+0000
신한금융지주,2026,본공시,지배구조·보수체계 통합,신한금융지주회사 2025 지배구조 및 보수체계 연차보고서 공시,신한금융지주_지배구조연차보고서_2026.pdf,GET,Y,,5381005,5381005,,316,Y,1038608,N,90,88,목차,N,220,3662,11.6,낮음(PDF가 문단 단위로 텍스트를 내놓아 칸이 갈리지 않음),239f924252b0b185613c424cca9a5689e0850dc32498bdbb36c46e8e99891564,https://www.shinhangroup.com/main/downloadAttach?attachNo=55653e68caad4dffa2f2e55c8401e6cb&seq=1,2026-09-22T02:36:38+0000
신한금융지주,2026,추가공시,지배구조·보수체계 통합,신한금융지주 2025 지배구조 및 보수체계 연차보고서 추가공시,신한금융지주_지배구조연차보고서_2026_추가공시.pdf,GET,Y,,4857121,4857121,,316,Y,1860905,N,90,88,목차,N,26,815,2.6,낮음(PDF가 문단 단위로 텍스트를 내놓아 칸이 갈리지 않음),5a76634c35c4b927c9d9caa3acb04f73583c41ae7af54eede4e816fa8f995afa,https://www.shinhangroup.com/main/downloadAttach?attachNo=a59412ed0c2e4098be5da990f99f3a51&seq=1,2026-09-22T02:36:43+0000
우리금융지주,,조직도,조직도,조직도 이미지,우리금융지주_조직도_202602.png,GET,Y,,,60362,,,-,,,,,,N,,,,,41ad3264f5b1da85de5fa54cf13d3c4a74d28a7806557b899919ba9bc612be05,https://www.woorifg.com/common/images/organization_img_new.png,2026-09-22T02:47:43+0000
우리금융지주,2025,본공시,지배구조·보수체계 통합,2024 년도 지배구조 및 보상체계 연차보고서 공시,우리금융지주_지배구조연차보고서_2025.pdf,GET,Y,,3832437,3832437,,289,Y,453914,N,72,72,목차,N,942,72429,250.6,보통,e4cc9a46d82993fd56734a1cb576aeb97eb47d01e926b9366dcd7bbff26cf92d,https://www.woorifg.com/cmm/fms/FileDown.do?fileId=FILE_000000000003279&saveFileNm=202504160441575230.pdf&fileSeq=0,2026-09-22T02:47:47+0000
우리금융지주,2025,정정공시,지배구조·보수체계 통합,2024년도 지배구조 및 보상체계 연차보고서 정정 공시,우리금융지주_지배구조연차보고서_2025_정정공시.pdf,GET,Y,,3832655,3832655,,289,Y,453926,N,72,72,목차,N,941,72468,250.8,보통,d370788b167fb1fd2b1a9cc51eb7f6bf63b2d134dcaaf7dfb41eb363c0c5effd,https://www.woorifg.com/cmm/fms/FileDown.do?fileId=FILE_000000000003345&saveFileNm=202505270525057650.pdf&fileSeq=0,2026-09-22T02:48:25+0000
우리금융지주,2025,추가공시,지배구조·보수체계 통합,2024 년도 지배구조 및 보상체계 연차보고서 추가 공시,우리금융지주_지배구조연차보고서_2025_추가공시.pdf,GET,Y,,3831643,3831643,,289,Y,453561,N,72,72,목차,N,940,72440,250.7,보통,48634906b3e214ae5b8a02063090a773e55a0bc148befb861712d1d8a9ce74f5,https://www.woorifg.com/cmm/fms/FileDown.do?fileId=FILE_000000000003346&saveFileNm=202505270525389570.pdf&fileSeq=0,2026-09-22T02:48:06+0000
우리금융지주,2026,본공시,지배구조·보수체계 통합,2025 년도 지배구조 및 보상체계 연차보고서 공시,우리금융지주_지배구조연차보고서_2026.pdf,GET,Y,,2801763,2801763,,301,Y,477092,N,75,75,목차,N,978,77181,256.4,보통,3d52e76ec7f6ac400fa3122779576e26dc066b63a3271004e35cb3ceb9f9e6ca,https://www.woorifg.com/cmm/fms/FileDown.do?fileId=FILE_000000000003960&saveFileNm=202602270537409700.pdf&fileSeq=0,2026-09-22T02:48:44+0000
우리금융지주,2026,추가공시,지배구조·보수체계 통합,2025 년도 지배구조 및 보상체계 연차보고서 추가 공시,우리금융지주_지배구조연차보고서_2026_추가공시.pdf,GET,Y,,2545791,2545791,,302,Y,477248,N,75,75,목차,N,983,77153,255.5,보통,8f3faf133b7e2f92ab9fb9a23f0fae97980c81faa65bd17067f832d640fd0ab5,https://www.woorifg.com/cmm/fms/FileDown.do?fileId=FILE_000000000003989&saveFileNm=202603130500029830.pdf&fileSeq=0,2026-09-22T02:48:58+0000
하나금융지주,,조직도,조직도,조직도 이미지,하나금융지주_조직도_20260805.png,GET:8002,Y,,,232283,,,-,,,,,,N,,,,,949643a3fae6851747351896bbf8cdce2c89c31ad3687bcd4d5e65537230a1db,https://www.hanafn.com:8002/upload/common/upeditor/10000024/20260810//20260810055004497.png,2026-09-22T02:50:18+0000
하나금융지주,2025,본공시,지배구조·보수체계 통합,2024 하나금융지주 지배구조 및 보수체계 연차보고서,하나금융지주_지배구조연차보고서_2025.pdf,GET:8002,Y,,12600429,12600429,,457,Y,748843,N,136,1119,본문표제,N,1472,82085,179.6,보통,2b86e639806f63b2b0b5aad6a406d3dc3d2b3092e1e89b4f0db434261b60d97f,https://www.hanafn.com:8002/download/10062414/crossDownload.do,2026-09-22T02:50:29+0000
하나금융지주,2025,추가공시,지배구조·보수체계 통합,2024 하나금융지주 지배구조 및 보수체계 연차보고서(추가공시),하나금융지주_지배구조연차보고서_2025_추가공시.pdf,GET:8002,Y,,12608353,12608353,,457,Y,749256,N,136,1119,본문표제,N,1476,82143,179.7,보통,94e68f640db33cb902c3ec3f30073e80b4a78d32b48a8a07f7be9e77fba2750c,https://www.hanafn.com:8002/download/10063128/crossDownload.do,2026-09-22T02:51:05+0000
하나금융지주,2026,본공시,지배구조·보수체계 통합,2025 하나금융지주 지배구조 및 보수체계 연차보고서,하나금융지주_지배구조연차보고서_2026.pdf,GET:8002,Y,,12500523,12500523,,456,Y,751683,N,137,1119,본문표제,N,1439,82591,181.1,보통,e0f7dfd42aee1e195ce4c42c4a7124f065a66d725ec5d9b6f9bdcb1aa3a6696e,https://www.hanafn.com:8002/download/10072114/crossDownload.do,2026-09-22T02:51:42+0000
하나금융지주,2026,추가공시,지배구조·보수체계 통합,2025 하나금융지주 지배구조 및 보수체계 연차보고서(추가공시),하나금융지주_지배구조연차보고서_2026_추가공시.pdf,GET:8002,Y,,12509331,12509331,,457,Y,752623,N,137,1118,본문표제,N,1437,82541,180.6,보통,60fedcc5036fe71640a4c43ae2c8ca32af23ed6057edbd97a3d077b563f39444,https://www.hanafn.com:8002/download/10072555/crossDownload.do,2026-09-22T02:52:19+0000
한국투자금융지주,,조직도,조직도,조직도 이미지,한국투자금융지주_조직도.png,GET,Y,,,102229,,,-,,,,,,N,,,,,0667b5cfb02f242a8f523fe627dd9e6b4932bfef18716c58226449bf13fe5d84,https://www.koreaholdings.com/images/exctv03.png,2026-09-22T02:43:15+0000
한국투자금융지주,2025,본공시,지배구조·보수체계 통합,2024년 지배구조 및 보수체계 연차보고서 공시,한국투자금융지주_지배구조연차보고서_2025.pdf,POST,Y,,5477520,5477520,,205,Y,337690,N,76,76,목차,N,685,42030,205.0,보통,f96aedfecd4c8d2172c01c790ba259d9f4a641bb028565bd6594a046cce7d5d6,https://www.koreaholdings.com/common/fildDownload,2026-09-22T02:43:18+0000
한국투자금융지주,2025,재공시,지배구조·보수체계 통합,2024년 지배구조 및 보수체계 연차보고서 재공시,한국투자금융지주_지배구조연차보고서_2025_재공시.pdf,POST,Y,,5462203,5462203,,204,Y,337408,N,76,76,목차,N,680,42135,206.5,보통,978c749e8ffa0f77d0e508fde0649b87b19a37584c6e3e0424b618d6656a79f6,https://www.koreaholdings.com/common/fildDownload,2026-09-22T02:43:37+0000
한국투자금융지주,2026,본공시,지배구조·보수체계 통합,2025년 지배구조 및 보수체계 연차보고서 공시,한국투자금융지주_지배구조연차보고서_2026.pdf,POST,Y,,4071634,4071634,,207,Y,341717,N,79,79,목차,N,685,42204,203.9,보통,2a2eb84be49a66a9b0c30358d3d9f4ea7c824665932462689d14aac696124680,https://www.koreaholdings.com/common/fildDownload,2026-09-22T02:43:55+0000
한국투자금융지주,2026,재공시,지배구조·보수체계 통합,2025년 지배구조 및 보수체계 연차보고서 재공시,한국투자금융지주_지배구조연차보고서_2026_재공시.pdf,POST,Y,,4079711,4079711,,208,Y,342955,N,79,79,목차,N,690,42579,204.7,보통,fbc1804936f5e6ff514ad3a94536bba6a89f40f7ddcec2d46cadb03c4ff6228c,https://www.koreaholdings.com/common/fildDownload,2026-09-22T02:44:11+0000
