corp_label,fy,listed,icfr_scope,opinion_type,opinion,first_consolidated_fy,source_text,rcept_no,doc_name,page,collected_at,note,원문_md
KB금융지주,2025,,문서에 없음,문서에 없음,문서에 없음,"FY2023 (관찰: 20240314001585 「제16기 (당기)」 에 연결 의견, 직전 FY2022 행 20260324000822 「제15기(전전기)」 에는 없음)",문서에 없음,20260619000667,[기재정정]사업보고서 (2025.12),,원문XML 2026-09-30T17:12:48+09:00 · 뷰어PDF 2026-09-30T17:40:26+09:00,본문 XML 없음(첨부정정 등),
KB금융지주,2025,,별도,감사,적정의견,"FY2023 (관찰: 20240314001585 「제16기 (당기)」 에 연결 의견, 직전 FY2022 행 20260324000822 「제15기(전전기)」 에는 없음)",[머리] 사업연도 | 구분 | 감사인 | 유형(감사/검토) | 감사의견 또는검토결론 | 지적사항 | 회사의대응조치 ‖ [행] 제18기(당기) | 내부회계관리제도 | 삼일회계법인 | 감사 | 적정의견 | 해당사항 없음,20260324000835,[기재정정]사업보고서 (2025.12),816,원문XML 2026-09-30T17:14:33+09:00 · 뷰어PDF 2026-09-30T17:41:40+09:00,서식 A · 유형 근거: 표 「유형」 열,handoff/원문텍스트_9차/지주내부회계/20260324000835.md
KB금융지주,2025,,연결,감사,적정의견,"FY2023 (관찰: 20240314001585 「제16기 (당기)」 에 연결 의견, 직전 FY2022 행 20260324000822 「제15기(전전기)」 에는 없음)",[머리] 사업연도 | 구분 | 감사인 | 유형(감사/검토) | 감사의견 또는검토결론 | 지적사항 | 회사의대응조치 ‖ [행] 제18기(당기) | 연결내부회계관리제도 | 삼일회계법인 | 감사 | 적정의견 | 해당사항 없음,20260324000835,[기재정정]사업보고서 (2025.12),816,원문XML 2026-09-30T17:14:33+09:00 · 뷰어PDF 2026-09-30T17:41:40+09:00,서식 A · 유형 근거: 표 「유형」 열,handoff/원문텍스트_9차/지주내부회계/20260324000835.md
KB금융지주,2024,,별도,감사,적정의견,"FY2023 (관찰: 20240314001585 「제16기 (당기)」 에 연결 의견, 직전 FY2022 행 20260324000822 「제15기(전전기)」 에는 없음)",[머리] 사업연도 | 구분 | 감사인 | 유형(감사/검토) | 감사의견 또는검토결론 | 지적사항 | 회사의대응조치 ‖ [행] 제17기(당기) | 내부회계관리제도 | 삼일회계법인 | 감사 | 적정의견 | -,20260324000822,[기재정정]사업보고서 (2024.12),699,원문XML 2026-10-01T09:19:46+09:00 · 뷰어PDF 2026-10-01T09:19:13+09:00,서식 A · 유형 근거: 표 「유형」 열,handoff/원문텍스트_9차/지주내부회계/20260324000822.md
KB금융지주,2024,,연결,감사,적정의견,"FY2023 (관찰: 20240314001585 「제16기 (당기)」 에 연결 의견, 직전 FY2022 행 20260324000822 「제15기(전전기)」 에는 없음)",[머리] 사업연도 | 구분 | 감사인 | 유형(감사/검토) | 감사의견 또는검토결론 | 지적사항 | 회사의대응조치 ‖ [행] 제17기(당기) | 연결내부회계관리제도 | 삼일회계법인 | 감사 | 적정의견 | -,20260324000822,[기재정정]사업보고서 (2024.12),699,원문XML 2026-10-01T09:19:46+09:00 · 뷰어PDF 2026-10-01T09:19:13+09:00,서식 A · 유형 근거: 표 「유형」 열,handoff/원문텍스트_9차/지주내부회계/20260324000822.md
KB금융지주,2025,,별도,감사,적정의견,"FY2023 (관찰: 20240314001585 「제16기 (당기)」 에 연결 의견, 직전 FY2022 행 20260324000822 「제15기(전전기)」 에는 없음)",[머리] 사업연도 | 구분 | 감사인 | 유형(감사/검토) | 감사의견 또는검토결론 | 지적사항 | 회사의대응조치 ‖ [행] 제18기(당기) | 내부회계관리제도 | 삼일회계법인 | 감사 | 적정의견 | 해당사항 없음,20260313001191,사업보고서 (2025.12),801,원문XML 2026-09-30T17:16:42+09:00 · 뷰어PDF 2026-09-30T17:42:42+09:00,서식 A · 유형 근거: 표 「유형」 열,handoff/원문텍스트_9차/지주내부회계/20260313001191.md
KB금융지주,2025,,연결,감사,적정의견,"FY2023 (관찰: 20240314001585 「제16기 (당기)」 에 연결 의견, 직전 FY2022 행 20260324000822 「제15기(전전기)」 에는 없음)",[머리] 사업연도 | 구분 | 감사인 | 유형(감사/검토) | 감사의견 또는검토결론 | 지적사항 | 회사의대응조치 ‖ [행] 제18기(당기) | 연결내부회계관리제도 | 삼일회계법인 | 감사 | 적정의견 | 해당사항 없음,20260313001191,사업보고서 (2025.12),801,원문XML 2026-09-30T17:16:42+09:00 · 뷰어PDF 2026-09-30T17:42:42+09:00,서식 A · 유형 근거: 표 「유형」 열,handoff/원문텍스트_9차/지주내부회계/20260313001191.md
KB금융지주,2024,,별도,감사,적정의견,"FY2023 (관찰: 20240314001585 「제16기 (당기)」 에 연결 의견, 직전 FY2022 행 20260324000822 「제15기(전전기)」 에는 없음)",[머리] 사업연도 | 구분 | 감사인 | 유형(감사/검토) | 감사의견 또는검토결론 | 지적사항 | 회사의대응조치 ‖ [행] 제17기(당기) | 내부회계관리제도 | 삼일회계법인 | 감사 | 적정의견 | -,20250526000370,[기재정정]사업보고서 (2024.12),697,원문XML 2026-10-01T09:20:56+09:00 · 뷰어PDF 2026-10-01T09:19:46+09:00,서식 A · 유형 근거: 표 「유형」 열,handoff/원문텍스트_9차/지주내부회계/20250526000370.md
KB금융지주,2024,,연결,감사,적정의견,"FY2023 (관찰: 20240314001585 「제16기 (당기)」 에 연결 의견, 직전 FY2022 행 20260324000822 「제15기(전전기)」 에는 없음)",[머리] 사업연도 | 구분 | 감사인 | 유형(감사/검토) | 감사의견 또는검토결론 | 지적사항 | 회사의대응조치 ‖ [행] 제17기(당기) | 연결내부회계관리제도 | 삼일회계법인 | 감사 | 적정의견 | -,20250526000370,[기재정정]사업보고서 (2024.12),697,원문XML 2026-10-01T09:20:56+09:00 · 뷰어PDF 2026-10-01T09:19:46+09:00,서식 A · 유형 근거: 표 「유형」 열,handoff/원문텍스트_9차/지주내부회계/20250526000370.md
KB금융지주,2024,,별도,감사,적정의견,"FY2023 (관찰: 20240314001585 「제16기 (당기)」 에 연결 의견, 직전 FY2022 행 20260324000822 「제15기(전전기)」 에는 없음)",[머리] 사업연도 | 구분 | 감사인 | 유형(감사/검토) | 감사의견 또는검토결론 | 지적사항 | 회사의대응조치 ‖ [행] 제17기(당기) | 내부회계관리제도 | 삼일회계법인 | 감사 | 적정의견 | -,20250314001704,사업보고서 (2024.12),694,원문XML 2026-10-01T09:22:30+09:00 · 뷰어PDF 2026-10-01T09:20:14+09:00,서식 A · 유형 근거: 표 「유형」 열,handoff/원문텍스트_9차/지주내부회계/20250314001704.md
KB금융지주,2024,,연결,감사,적정의견,"FY2023 (관찰: 20240314001585 「제16기 (당기)」 에 연결 의견, 직전 FY2022 행 20260324000822 「제15기(전전기)」 에는 없음)",[머리] 사업연도 | 구분 | 감사인 | 유형(감사/검토) | 감사의견 또는검토결론 | 지적사항 | 회사의대응조치 ‖ [행] 제17기(당기) | 연결내부회계관리제도 | 삼일회계법인 | 감사 | 적정의견 | -,20250314001704,사업보고서 (2024.12),694,원문XML 2026-10-01T09:22:30+09:00 · 뷰어PDF 2026-10-01T09:20:14+09:00,서식 A · 유형 근거: 표 「유형」 열,handoff/원문텍스트_9차/지주내부회계/20250314001704.md
KB금융지주,2023,,별도,감사,[감사의견] 회사의 내부회계관리제도 및 연결 내부회계관리제도는 2023년 12월 31일 현재 '내부회계관리제도 설계 및 운영 개념체계'에 따라 중요성의 관점에서 효과적으로 설계 및 운영되고 있습니다.,"FY2023 (관찰: 20240314001585 「제16기 (당기)」 에 연결 의견, 직전 FY2022 행 20260324000822 「제15기(전전기)」 에는 없음)",[머리] 사업연도 | 감사인 | 감사의견 | 중대한 취약점 및 개선대책 ‖ [행] 제16기 (당기) | 삼일회계법인 | [감사의견] 회사의 내부회계관리제도 및 연결 내부회계관리제도는 2023년 12월 31일 현재 '내부회계관리제도 설계 및 운영 개념체계'에 따라 중요성의 관점에서 효과적으로 설계 및 운영되고 있습니다. | 해당사항 없음,20240326000894,[기재정정]사업보고서 (2023.12),700,원문XML 2026-10-01T09:23:34+09:00 · 뷰어PDF 2026-10-01T09:21:40+09:00,서식 B · 유형 근거: 의견 문구(「회사의 내부회계관리제도」) · 의견 칸 하나가 별도·연결을 함께 적음(같은 원문을 두 행에),handoff/원문텍스트_9차/지주내부회계/20240326000894.md
KB금융지주,2023,,연결,감사,[감사의견] 회사의 내부회계관리제도 및 연결 내부회계관리제도는 2023년 12월 31일 현재 '내부회계관리제도 설계 및 운영 개념체계'에 따라 중요성의 관점에서 효과적으로 설계 및 운영되고 있습니다.,"FY2023 (관찰: 20240314001585 「제16기 (당기)」 에 연결 의견, 직전 FY2022 행 20260324000822 「제15기(전전기)」 에는 없음)",[머리] 사업연도 | 감사인 | 감사의견 | 중대한 취약점 및 개선대책 ‖ [행] 제16기 (당기) | 삼일회계법인 | [감사의견] 회사의 내부회계관리제도 및 연결 내부회계관리제도는 2023년 12월 31일 현재 '내부회계관리제도 설계 및 운영 개념체계'에 따라 중요성의 관점에서 효과적으로 설계 및 운영되고 있습니다. | 해당사항 없음,20240326000894,[기재정정]사업보고서 (2023.12),700,원문XML 2026-10-01T09:23:34+09:00 · 뷰어PDF 2026-10-01T09:21:40+09:00,서식 B · 유형 근거: 의견 문구(「연결…내부회계관리제도」) · 의견 칸 하나가 별도·연결을 함께 적음(같은 원문을 두 행에),handoff/원문텍스트_9차/지주내부회계/20240326000894.md
KB금융지주,2023,,별도,감사,[감사의견] 회사의 내부회계관리제도 및 연결 내부회계관리제도는 2023년 12월 31일 현재 '내부회계관리제도 설계 및 운영 개념체계'에 따라 중요성의 관점에서 효과적으로 설계 및 운영되고 있습니다.,"FY2023 (관찰: 20240314001585 「제16기 (당기)」 에 연결 의견, 직전 FY2022 행 20260324000822 「제15기(전전기)」 에는 없음)",[머리] 사업연도 | 감사인 | 감사의견 | 중대한 취약점 및 개선대책 ‖ [행] 제16기 (당기) | 삼일회계법인 | [감사의견] 회사의 내부회계관리제도 및 연결 내부회계관리제도는 2023년 12월 31일 현재 '내부회계관리제도 설계 및 운영 개념체계'에 따라 중요성의 관점에서 효과적으로 설계 및 운영되고 있습니다. | 해당사항 없음,20240314001585,사업보고서 (2023.12),696,원문XML 2026-10-01T09:24:59+09:00 · 뷰어PDF 2026-10-01T09:22:09+09:00,서식 B · 유형 근거: 의견 문구(「회사의 내부회계관리제도」) · 의견 칸 하나가 별도·연결을 함께 적음(같은 원문을 두 행에),handoff/원문텍스트_9차/지주내부회계/20240314001585.md
KB금융지주,2023,,연결,감사,[감사의견] 회사의 내부회계관리제도 및 연결 내부회계관리제도는 2023년 12월 31일 현재 '내부회계관리제도 설계 및 운영 개념체계'에 따라 중요성의 관점에서 효과적으로 설계 및 운영되고 있습니다.,"FY2023 (관찰: 20240314001585 「제16기 (당기)」 에 연결 의견, 직전 FY2022 행 20260324000822 「제15기(전전기)」 에는 없음)",[머리] 사업연도 | 감사인 | 감사의견 | 중대한 취약점 및 개선대책 ‖ [행] 제16기 (당기) | 삼일회계법인 | [감사의견] 회사의 내부회계관리제도 및 연결 내부회계관리제도는 2023년 12월 31일 현재 '내부회계관리제도 설계 및 운영 개념체계'에 따라 중요성의 관점에서 효과적으로 설계 및 운영되고 있습니다. | 해당사항 없음,20240314001585,사업보고서 (2023.12),696,원문XML 2026-10-01T09:24:59+09:00 · 뷰어PDF 2026-10-01T09:22:09+09:00,서식 B · 유형 근거: 의견 문구(「연결…내부회계관리제도」) · 의견 칸 하나가 별도·연결을 함께 적음(같은 원문을 두 행에),handoff/원문텍스트_9차/지주내부회계/20240314001585.md
신한금융지주,2025,,별도,감사,적정의견,"FY2023 (관찰: 20240318000635 「제23기(당기)」 에 연결 의견, 직전 FY2022 행 20250318000993 「제22기(전전기)」 에는 없음)",[머리] 사업연도 | 구분 | 감사인 | 유형(감사/검토) | 감사의견 또는검토결론 | 지적사항 | 회사의대응조치 ‖ [행] 제25기(당기) | 내부회계관리제도 | 삼정회계법인 | 감사 | 적정의견 | 해당사항 없음,20260318000826,사업보고서 (2025.12),805,원문XML 2026-09-30T17:18:31+09:00 · 뷰어PDF 2026-09-30T17:45:28+09:00,서식 A · 유형 근거: 표 「유형」 열,handoff/원문텍스트_9차/지주내부회계/20260318000826.md
신한금융지주,2025,,연결,감사,적정의견,"FY2023 (관찰: 20240318000635 「제23기(당기)」 에 연결 의견, 직전 FY2022 행 20250318000993 「제22기(전전기)」 에는 없음)",[머리] 사업연도 | 구분 | 감사인 | 유형(감사/검토) | 감사의견 또는검토결론 | 지적사항 | 회사의대응조치 ‖ [행] 제25기(당기) | 연결내부회계관리제도 | 삼정회계법인 | 감사 | 적정의견 | 해당사항 없음,20260318000826,사업보고서 (2025.12),805,원문XML 2026-09-30T17:18:31+09:00 · 뷰어PDF 2026-09-30T17:45:28+09:00,서식 A · 유형 근거: 표 「유형」 열,handoff/원문텍스트_9차/지주내부회계/20260318000826.md
신한금융지주,2024,,별도,감사,적정의견,"FY2023 (관찰: 20240318000635 「제23기(당기)」 에 연결 의견, 직전 FY2022 행 20250318000993 「제22기(전전기)」 에는 없음)",[머리] 사업연도 | 구분 | 감사인 | 유형(감사/검토) | 감사의견 또는검토결론 | 지적사항 | 회사의대응조치 ‖ [행] 제24기(당기) | 내부회계관리제도 | 삼정회계법인 | 감사 | 적정의견 | 해당사항 없음,20250318000993,사업보고서 (2024.12),665,원문XML 2026-10-01T09:26:18+09:00 · 뷰어PDF 2026-10-01T09:23:48+09:00,서식 A · 유형 근거: 표 「유형」 열,handoff/원문텍스트_9차/지주내부회계/20250318000993.md
신한금융지주,2024,,연결,감사,적정의견,"FY2023 (관찰: 20240318000635 「제23기(당기)」 에 연결 의견, 직전 FY2022 행 20250318000993 「제22기(전전기)」 에는 없음)",[머리] 사업연도 | 구분 | 감사인 | 유형(감사/검토) | 감사의견 또는검토결론 | 지적사항 | 회사의대응조치 ‖ [행] 제24기(당기) | 연결내부회계관리제도 | 삼정회계법인 | 감사 | 적정의견 | 해당사항 없음,20250318000993,사업보고서 (2024.12),665,원문XML 2026-10-01T09:26:18+09:00 · 뷰어PDF 2026-10-01T09:23:48+09:00,서식 A · 유형 근거: 표 「유형」 열,handoff/원문텍스트_9차/지주내부회계/20250318000993.md
신한금융지주,2023,,별도,감사,"[감사의견]회사의 내부회계관리제도 및 연결내부회계관리제도는 2023년 12월 31일 현재, '내부회계관리제도 설계 및 운영 개념체계'에 따라 중요성의 관점에서 효과적으로 설계 및 운영 되고 있습니다.","FY2023 (관찰: 20240318000635 「제23기(당기)」 에 연결 의견, 직전 FY2022 행 20250318000993 「제22기(전전기)」 에는 없음)","[머리] 사업연도 | 감사인 | 감사의견 및 검토의견 | 지적사항 ‖ [행] 제23기(당기) | 삼정회계법인 | [감사의견]회사의 내부회계관리제도 및 연결내부회계관리제도는 2023년 12월 31일 현재, '내부회계관리제도 설계 및 운영 개념체계'에 따라 중요성의 관점에서 효과적으로 설계 및 운영 되고 있습니다. | 해당사항 없음",20240502000081,[기재정정]사업보고서 (2023.12),683,원문XML 2026-10-01T09:27:11+09:00 · 뷰어PDF 2026-10-01T09:25:03+09:00,서식 B · 유형 근거: 의견 문구(「회사의 내부회계관리제도」) · 의견 칸 하나가 별도·연결을 함께 적음(같은 원문을 두 행에),handoff/원문텍스트_9차/지주내부회계/20240502000081.md
신한금융지주,2023,,연결,감사,"[감사의견]회사의 내부회계관리제도 및 연결내부회계관리제도는 2023년 12월 31일 현재, '내부회계관리제도 설계 및 운영 개념체계'에 따라 중요성의 관점에서 효과적으로 설계 및 운영 되고 있습니다.","FY2023 (관찰: 20240318000635 「제23기(당기)」 에 연결 의견, 직전 FY2022 행 20250318000993 「제22기(전전기)」 에는 없음)","[머리] 사업연도 | 감사인 | 감사의견 및 검토의견 | 지적사항 ‖ [행] 제23기(당기) | 삼정회계법인 | [감사의견]회사의 내부회계관리제도 및 연결내부회계관리제도는 2023년 12월 31일 현재, '내부회계관리제도 설계 및 운영 개념체계'에 따라 중요성의 관점에서 효과적으로 설계 및 운영 되고 있습니다. | 해당사항 없음",20240502000081,[기재정정]사업보고서 (2023.12),683,원문XML 2026-10-01T09:27:11+09:00 · 뷰어PDF 2026-10-01T09:25:03+09:00,서식 B · 유형 근거: 의견 문구(「연결…내부회계관리제도」) · 의견 칸 하나가 별도·연결을 함께 적음(같은 원문을 두 행에),handoff/원문텍스트_9차/지주내부회계/20240502000081.md
신한금융지주,2023,,별도,감사,"[감사의견]회사의 내부회계관리제도 및 연결내부회계관리제도는 2023년 12월 31일 현재, '내부회계관리제도 설계 및 운영 개념체계'에 따라 중요성의 관점에서 효과적으로 설계 및 운영 되고 있습니다.","FY2023 (관찰: 20240318000635 「제23기(당기)」 에 연결 의견, 직전 FY2022 행 20250318000993 「제22기(전전기)」 에는 없음)","[머리] 사업연도 | 감사인 | 감사의견 및 검토의견 | 지적사항 ‖ [행] 제23기(당기) | 삼정회계법인 | [감사의견]회사의 내부회계관리제도 및 연결내부회계관리제도는 2023년 12월 31일 현재, '내부회계관리제도 설계 및 운영 개념체계'에 따라 중요성의 관점에서 효과적으로 설계 및 운영 되고 있습니다. | 해당사항 없음",20240318000635,사업보고서 (2023.12),679,원문XML 2026-10-01T09:28:25+09:00 · 뷰어PDF 2026-10-01T09:25:37+09:00,서식 B · 유형 근거: 의견 문구(「회사의 내부회계관리제도」) · 의견 칸 하나가 별도·연결을 함께 적음(같은 원문을 두 행에),handoff/원문텍스트_9차/지주내부회계/20240318000635.md
신한금융지주,2023,,연결,감사,"[감사의견]회사의 내부회계관리제도 및 연결내부회계관리제도는 2023년 12월 31일 현재, '내부회계관리제도 설계 및 운영 개념체계'에 따라 중요성의 관점에서 효과적으로 설계 및 운영 되고 있습니다.","FY2023 (관찰: 20240318000635 「제23기(당기)」 에 연결 의견, 직전 FY2022 행 20250318000993 「제22기(전전기)」 에는 없음)","[머리] 사업연도 | 감사인 | 감사의견 및 검토의견 | 지적사항 ‖ [행] 제23기(당기) | 삼정회계법인 | [감사의견]회사의 내부회계관리제도 및 연결내부회계관리제도는 2023년 12월 31일 현재, '내부회계관리제도 설계 및 운영 개념체계'에 따라 중요성의 관점에서 효과적으로 설계 및 운영 되고 있습니다. | 해당사항 없음",20240318000635,사업보고서 (2023.12),679,원문XML 2026-10-01T09:28:25+09:00 · 뷰어PDF 2026-10-01T09:25:37+09:00,서식 B · 유형 근거: 의견 문구(「연결…내부회계관리제도」) · 의견 칸 하나가 별도·연결을 함께 적음(같은 원문을 두 행에),handoff/원문텍스트_9차/지주내부회계/20240318000635.md
하나금융지주,2025,,별도,감사,적정의견,"FY2023 (관찰: 20240314001628 「제19기(당기)」 에 연결 의견, 직전 FY2022 행 20250317000894 「제18기(전전기) (주1)」 에는 없음)",[머리] 사업연도 | 구분 | 감사인 | 유형(감사/검토) | 감사의견 또는검토결론 | 지적사항 | 회사의대응조치 ‖ [행] 제21기(당기) | 내부회계관리제도 | 한영회계법인 | 감사 | 적정의견 | 해당사항 없음,20260814004019,[기재정정]사업보고서 (2025.12),765,원문XML 2026-09-30T17:20:01+09:00 · 뷰어PDF 2026-09-30T17:48:01+09:00,서식 A · 유형 근거: 표 「유형」 열,handoff/원문텍스트_9차/지주내부회계/20260814004019.md
하나금융지주,2025,,연결,감사,적정의견,"FY2023 (관찰: 20240314001628 「제19기(당기)」 에 연결 의견, 직전 FY2022 행 20250317000894 「제18기(전전기) (주1)」 에는 없음)",[머리] 사업연도 | 구분 | 감사인 | 유형(감사/검토) | 감사의견 또는검토결론 | 지적사항 | 회사의대응조치 ‖ [행] 제21기(당기) | 연결내부회계관리제도 | 한영회계법인 | 감사 | 적정의견 | 해당사항 없음,20260814004019,[기재정정]사업보고서 (2025.12),765,원문XML 2026-09-30T17:20:01+09:00 · 뷰어PDF 2026-09-30T17:48:01+09:00,서식 A · 유형 근거: 표 「유형」 열,handoff/원문텍스트_9차/지주내부회계/20260814004019.md
하나금융지주,2025,,별도,감사,적정의견,"FY2023 (관찰: 20240314001628 「제19기(당기)」 에 연결 의견, 직전 FY2022 행 20250317000894 「제18기(전전기) (주1)」 에는 없음)",[머리] 사업연도 | 구분 | 감사인 | 유형(감사/검토) | 감사의견 또는검토결론 | 지적사항 | 회사의대응조치 ‖ [행] 제21기(당기) | 내부회계관리제도 | 한영회계법인 | 감사 | 적정의견 | 해당사항 없음,20260316001292,사업보고서 (2025.12),760,원문XML 2026-09-30T17:21:54+09:00 · 뷰어PDF 2026-09-30T17:49:01+09:00,서식 A · 유형 근거: 표 「유형」 열,handoff/원문텍스트_9차/지주내부회계/20260316001292.md
하나금융지주,2025,,연결,감사,적정의견,"FY2023 (관찰: 20240314001628 「제19기(당기)」 에 연결 의견, 직전 FY2022 행 20250317000894 「제18기(전전기) (주1)」 에는 없음)",[머리] 사업연도 | 구분 | 감사인 | 유형(감사/검토) | 감사의견 또는검토결론 | 지적사항 | 회사의대응조치 ‖ [행] 제21기(당기) | 연결내부회계관리제도 | 한영회계법인 | 감사 | 적정의견 | 해당사항 없음,20260316001292,사업보고서 (2025.12),760,원문XML 2026-09-30T17:21:54+09:00 · 뷰어PDF 2026-09-30T17:49:01+09:00,서식 A · 유형 근거: 표 「유형」 열,handoff/원문텍스트_9차/지주내부회계/20260316001292.md
하나금융지주,2024,,별도,감사,적정의견,"FY2023 (관찰: 20240314001628 「제19기(당기)」 에 연결 의견, 직전 FY2022 행 20250317000894 「제18기(전전기) (주1)」 에는 없음)",[머리] 사업연도 | 구분 | 감사인 | 유형(감사/검토) | 감사의견 또는검토결론 | 지적사항 | 회사의대응조치 ‖ [행] 제20기(당기) | 내부회계관리제도 | 안진회계법인 | 감사 | 적정의견 | 해당사항 없음,20250317000894,사업보고서 (2024.12),519,원문XML 2026-10-01T09:29:42+09:00 · 뷰어PDF 2026-10-01T09:27:17+09:00,서식 A · 유형 근거: 표 「유형」 열,handoff/원문텍스트_9차/지주내부회계/20250317000894.md
하나금융지주,2024,,연결,감사,적정의견,"FY2023 (관찰: 20240314001628 「제19기(당기)」 에 연결 의견, 직전 FY2022 행 20250317000894 「제18기(전전기) (주1)」 에는 없음)",[머리] 사업연도 | 구분 | 감사인 | 유형(감사/검토) | 감사의견 또는검토결론 | 지적사항 | 회사의대응조치 ‖ [행] 제20기(당기) | 연결내부회계관리제도 | 안진회계법인 | 감사 | 적정의견 | 해당사항 없음,20250317000894,사업보고서 (2024.12),519,원문XML 2026-10-01T09:29:42+09:00 · 뷰어PDF 2026-10-01T09:27:17+09:00,서식 A · 유형 근거: 표 「유형」 열,handoff/원문텍스트_9차/지주내부회계/20250317000894.md
하나금융지주,2023,,별도,감사,[내부회계관리제도에 대한 감사의견] 회사의 내부회계관리제도는 2023년 12월 31일 현재 「내부회계관리제도 설계 및 운영 개념체계」에 따라 중요성의 관점에서 효과적으로 설계 및 운영되고 있습니다. [연결내부회계관리제도에 대한 감사의견] 연결기업의 연결내부회계관리제도는 2023년 12월 31일 현재 「내부회계관리제도 설계 및 운영 개념체계」에 따라 중요성의 관점에서 효과적으로 설계 및 운영되고 있습니다.,"FY2023 (관찰: 20240314001628 「제19기(당기)」 에 연결 의견, 직전 FY2022 행 20250317000894 「제18기(전전기) (주1)」 에는 없음)",[머리] 사업연도 | 감사인 | 감사 또는 검토의견 | 지적사항 ‖ [행] 제19기(당기) | 안진회계법인 | [내부회계관리제도에 대한 감사의견] 회사의 내부회계관리제도는 2023년 12월 31일 현재 「내부회계관리제도 설계 및 운영 개념체계」에 따라 중요성의 관점에서 효과적으로 설계 및 운영되고 있습니다. [연결내부회계관리제도에 대한 감사의견] 연결기업의 연결내부회계관리제도는 2023년 12월 31일 현재 「내부회계관리제도 설계 및 운영 개념체계」에 따라 중요성의 관점에서 효과적으로 설계 및 운영되고 있습니다. | 해당사항 없음,20240516001695,[기재정정]사업보고서 (2023.12),634,원문XML 2026-10-01T09:30:34+09:00 · 뷰어PDF 2026-10-01T09:28:44+09:00,서식 B · 유형 근거: 의견 문구(「회사의 내부회계관리제도」) · 의견 칸 하나가 별도·연결을 함께 적음(같은 원문을 두 행에),handoff/원문텍스트_9차/지주내부회계/20240516001695.md
하나금융지주,2023,,연결,감사,[내부회계관리제도에 대한 감사의견] 회사의 내부회계관리제도는 2023년 12월 31일 현재 「내부회계관리제도 설계 및 운영 개념체계」에 따라 중요성의 관점에서 효과적으로 설계 및 운영되고 있습니다. [연결내부회계관리제도에 대한 감사의견] 연결기업의 연결내부회계관리제도는 2023년 12월 31일 현재 「내부회계관리제도 설계 및 운영 개념체계」에 따라 중요성의 관점에서 효과적으로 설계 및 운영되고 있습니다.,"FY2023 (관찰: 20240314001628 「제19기(당기)」 에 연결 의견, 직전 FY2022 행 20250317000894 「제18기(전전기) (주1)」 에는 없음)",[머리] 사업연도 | 감사인 | 감사 또는 검토의견 | 지적사항 ‖ [행] 제19기(당기) | 안진회계법인 | [내부회계관리제도에 대한 감사의견] 회사의 내부회계관리제도는 2023년 12월 31일 현재 「내부회계관리제도 설계 및 운영 개념체계」에 따라 중요성의 관점에서 효과적으로 설계 및 운영되고 있습니다. [연결내부회계관리제도에 대한 감사의견] 연결기업의 연결내부회계관리제도는 2023년 12월 31일 현재 「내부회계관리제도 설계 및 운영 개념체계」에 따라 중요성의 관점에서 효과적으로 설계 및 운영되고 있습니다. | 해당사항 없음,20240516001695,[기재정정]사업보고서 (2023.12),634,원문XML 2026-10-01T09:30:34+09:00 · 뷰어PDF 2026-10-01T09:28:44+09:00,서식 B · 유형 근거: 의견 문구(「연결…내부회계관리제도」) · 의견 칸 하나가 별도·연결을 함께 적음(같은 원문을 두 행에),handoff/원문텍스트_9차/지주내부회계/20240516001695.md
하나금융지주,2023,,별도,감사,[내부회계관리제도에 대한 감사의견] 회사의 내부회계관리제도는 2023년 12월 31일 현재 「내부회계관리제도 설계 및 운영 개념체계」에 따라 중요성의 관점에서 효과적으로 설계 및 운영되고 있습니다. [연결내부회계관리제도에 대한 감사의견] 연결기업의 연결내부회계관리제도는 2023년 12월 31일 현재 「내부회계관리제도 설계 및 운영 개념체계」에 따라 중요성의 관점에서 효과적으로 설계 및 운영되고 있습니다.,"FY2023 (관찰: 20240314001628 「제19기(당기)」 에 연결 의견, 직전 FY2022 행 20250317000894 「제18기(전전기) (주1)」 에는 없음)",[머리] 사업연도 | 감사인 | 감사 또는 검토의견 | 지적사항 ‖ [행] 제19기(당기) | 안진회계법인 | [내부회계관리제도에 대한 감사의견] 회사의 내부회계관리제도는 2023년 12월 31일 현재 「내부회계관리제도 설계 및 운영 개념체계」에 따라 중요성의 관점에서 효과적으로 설계 및 운영되고 있습니다. [연결내부회계관리제도에 대한 감사의견] 연결기업의 연결내부회계관리제도는 2023년 12월 31일 현재 「내부회계관리제도 설계 및 운영 개념체계」에 따라 중요성의 관점에서 효과적으로 설계 및 운영되고 있습니다. | 해당사항 없음,20240314001628,사업보고서 (2023.12),631,원문XML 2026-10-01T09:31:46+09:00 · 뷰어PDF 2026-10-01T09:29:17+09:00,서식 B · 유형 근거: 의견 문구(「회사의 내부회계관리제도」) · 의견 칸 하나가 별도·연결을 함께 적음(같은 원문을 두 행에),handoff/원문텍스트_9차/지주내부회계/20240314001628.md
하나금융지주,2023,,연결,감사,[내부회계관리제도에 대한 감사의견] 회사의 내부회계관리제도는 2023년 12월 31일 현재 「내부회계관리제도 설계 및 운영 개념체계」에 따라 중요성의 관점에서 효과적으로 설계 및 운영되고 있습니다. [연결내부회계관리제도에 대한 감사의견] 연결기업의 연결내부회계관리제도는 2023년 12월 31일 현재 「내부회계관리제도 설계 및 운영 개념체계」에 따라 중요성의 관점에서 효과적으로 설계 및 운영되고 있습니다.,"FY2023 (관찰: 20240314001628 「제19기(당기)」 에 연결 의견, 직전 FY2022 행 20250317000894 「제18기(전전기) (주1)」 에는 없음)",[머리] 사업연도 | 감사인 | 감사 또는 검토의견 | 지적사항 ‖ [행] 제19기(당기) | 안진회계법인 | [내부회계관리제도에 대한 감사의견] 회사의 내부회계관리제도는 2023년 12월 31일 현재 「내부회계관리제도 설계 및 운영 개념체계」에 따라 중요성의 관점에서 효과적으로 설계 및 운영되고 있습니다. [연결내부회계관리제도에 대한 감사의견] 연결기업의 연결내부회계관리제도는 2023년 12월 31일 현재 「내부회계관리제도 설계 및 운영 개념체계」에 따라 중요성의 관점에서 효과적으로 설계 및 운영되고 있습니다. | 해당사항 없음,20240314001628,사업보고서 (2023.12),631,원문XML 2026-10-01T09:31:46+09:00 · 뷰어PDF 2026-10-01T09:29:17+09:00,서식 B · 유형 근거: 의견 문구(「연결…내부회계관리제도」) · 의견 칸 하나가 별도·연결을 함께 적음(같은 원문을 두 행에),handoff/원문텍스트_9차/지주내부회계/20240314001628.md
우리금융지주,2025,,별도,감사,적정의견,"FY2023 (관찰: 20240314001383 「제5(당)기」 에 연결 의견, 직전 FY2022 행 20250318001196 「제4기(전전기)」 에는 없음)",[머리] 사업연도 | 구분 | 감사인 | 유형(감사/검토) | 감사의견 또는검토결론 | 지적사항 | 회사의대응조치 ‖ [행] 제7기(당기) | 내부회계관리제도 | 삼정회계법인 | 감사 | 적정의견 | 해당사항 없음,20260313001235,사업보고서 (2025.12),674,원문XML 2026-09-30T17:23:30+09:00 · 뷰어PDF 2026-09-30T17:52:03+09:00,서식 A · 유형 근거: 표 「유형」 열,handoff/원문텍스트_9차/지주내부회계/20260313001235.md
우리금융지주,2025,,연결,감사,적정의견,"FY2023 (관찰: 20240314001383 「제5(당)기」 에 연결 의견, 직전 FY2022 행 20250318001196 「제4기(전전기)」 에는 없음)",[머리] 사업연도 | 구분 | 감사인 | 유형(감사/검토) | 감사의견 또는검토결론 | 지적사항 | 회사의대응조치 ‖ [행] 제7기(당기) | 연결내부회계관리제도 | 삼정회계법인 | 감사 | 적정의견 | 해당사항 없음,20260313001235,사업보고서 (2025.12),674,원문XML 2026-09-30T17:23:30+09:00 · 뷰어PDF 2026-09-30T17:52:03+09:00,서식 A · 유형 근거: 표 「유형」 열,handoff/원문텍스트_9차/지주내부회계/20260313001235.md
우리금융지주,2024,,문서에 없음,문서에 없음,문서에 없음,"FY2023 (관찰: 20240314001383 「제5(당)기」 에 연결 의견, 직전 FY2022 행 20250318001196 「제4기(전전기)」 에는 없음)",문서에 없음,20250318001303,[첨부정정]사업보고서 (2024.12),,원문XML 2026-10-01T09:31:47+09:00 · 뷰어PDF 2026-10-01T09:30:57+09:00,본문 XML 없음(첨부정정 등),
우리금융지주,2024,,별도,감사,적정의견,"FY2023 (관찰: 20240314001383 「제5(당)기」 에 연결 의견, 직전 FY2022 행 20250318001196 「제4기(전전기)」 에는 없음)",[머리] 사업연도 | 구분 | 감사인 | 유형(감사/검토) | 감사의견 또는검토결론 | 지적사항 | 회사의대응조치 ‖ [행] 제6기(당기) | 내부회계관리제도 | 삼정회계법인 | 감사 | 적정의견 | 해당사항 없음,20250318001196,사업보고서 (2024.12),602,원문XML 2026-10-01T09:32:53+09:00 · 뷰어PDF 2026-10-01T09:31:32+09:00,서식 A · 유형 근거: 표 「유형」 열,handoff/원문텍스트_9차/지주내부회계/20250318001196.md
우리금융지주,2024,,연결,감사,적정의견,"FY2023 (관찰: 20240314001383 「제5(당)기」 에 연결 의견, 직전 FY2022 행 20250318001196 「제4기(전전기)」 에는 없음)",[머리] 사업연도 | 구분 | 감사인 | 유형(감사/검토) | 감사의견 또는검토결론 | 지적사항 | 회사의대응조치 ‖ [행] 제6기(당기) | 연결내부회계관리제도 | 삼정회계법인 | 감사 | 적정의견 | 해당사항 없음,20250318001196,사업보고서 (2024.12),602,원문XML 2026-10-01T09:32:53+09:00 · 뷰어PDF 2026-10-01T09:31:32+09:00,서식 A · 유형 근거: 표 「유형」 열,handoff/원문텍스트_9차/지주내부회계/20250318001196.md
우리금융지주,2023,,별도,문서에 없음,회사의 내부회계관리제도는 2023년 12월 31일 현재「내부회계관리제도 설계 및 운영 개념체계」에따라 중요성의 관점에서 효과적으로 설계 및 운영되고 있습니다.,"FY2023 (관찰: 20240314001383 「제5(당)기」 에 연결 의견, 직전 FY2022 행 20250318001196 「제4기(전전기)」 에는 없음)",[머리] 사업연도 | 회계감사인 | 회계감사인 의견 ‖ [행] 제5(당)기 | 삼정회계법인 | 회사의 내부회계관리제도는 2023년 12월 31일 현재「내부회계관리제도 설계 및 운영 개념체계」에따라 중요성의 관점에서 효과적으로 설계 및 운영되고 있습니다.,20240516001472,[기재정정]사업보고서 (2023.12),630,원문XML 2026-10-01T09:33:38+09:00 · 뷰어PDF 2026-10-01T09:32:43+09:00,서식 B · 유형 근거: 의견 문구(「회사의 내부회계관리제도」) · 의견 표·문구에 감사/검토 표기 없음 — 참고: Ⅴ-1 감사용역 표 「별도/연결내부회계관리제도감사」,handoff/원문텍스트_9차/지주내부회계/20240516001472.md
우리금융지주,2023,,연결,문서에 없음,연결회사의 연결내부회계관리제도는 2023년 12월 31일 현재「내부회계관리제도 설계 및 운영 개념체계」에 따라 중요성의 관점에서 효과적으로 설계 및 운영되고 있습니다.,"FY2023 (관찰: 20240314001383 「제5(당)기」 에 연결 의견, 직전 FY2022 행 20250318001196 「제4기(전전기)」 에는 없음)",[머리] 사업연도 | 회계감사인 | 회계감사인 의견 ‖ [행] 제5(당)기 | 삼정회계법인 | 연결회사의 연결내부회계관리제도는 2023년 12월 31일 현재「내부회계관리제도 설계 및 운영 개념체계」에 따라 중요성의 관점에서 효과적으로 설계 및 운영되고 있습니다.,20240516001472,[기재정정]사업보고서 (2023.12),630,원문XML 2026-10-01T09:33:38+09:00 · 뷰어PDF 2026-10-01T09:32:43+09:00,서식 B · 유형 근거: 의견 문구(「연결…내부회계관리제도」) · 의견 표·문구에 감사/검토 표기 없음 — 참고: Ⅴ-1 감사용역 표 「별도/연결내부회계관리제도감사」,handoff/원문텍스트_9차/지주내부회계/20240516001472.md
우리금융지주,2023,,별도,문서에 없음,회사의 내부회계관리제도는 2023년 12월 31일 현재「내부회계관리제도 설계 및 운영 개념체계」에따라 중요성의 관점에서 효과적으로 설계 및 운영되고 있습니다.,"FY2023 (관찰: 20240314001383 「제5(당)기」 에 연결 의견, 직전 FY2022 행 20250318001196 「제4기(전전기)」 에는 없음)",[머리] 사업연도 | 회계감사인 | 회계감사인 의견 ‖ [행] 제5(당)기 | 삼정회계법인 | 회사의 내부회계관리제도는 2023년 12월 31일 현재「내부회계관리제도 설계 및 운영 개념체계」에따라 중요성의 관점에서 효과적으로 설계 및 운영되고 있습니다.,20240314001383,사업보고서 (2023.12),627,원문XML 2026-10-01T09:34:39+09:00 · 뷰어PDF 2026-10-01T09:33:11+09:00,서식 B · 유형 근거: 의견 문구(「회사의 내부회계관리제도」) · 의견 표·문구에 감사/검토 표기 없음 — 참고: Ⅴ-1 감사용역 표 「별도/연결내부회계관리제도감사」,handoff/원문텍스트_9차/지주내부회계/20240314001383.md
우리금융지주,2023,,연결,문서에 없음,연결회사의 연결내부회계관리제도는 2023년 12월 31일 현재「내부회계관리제도 설계 및 운영 개념체계」에 따라 중요성의 관점에서 효과적으로 설계 및 운영되고 있습니다.,"FY2023 (관찰: 20240314001383 「제5(당)기」 에 연결 의견, 직전 FY2022 행 20250318001196 「제4기(전전기)」 에는 없음)",[머리] 사업연도 | 회계감사인 | 회계감사인 의견 ‖ [행] 제5(당)기 | 삼정회계법인 | 연결회사의 연결내부회계관리제도는 2023년 12월 31일 현재「내부회계관리제도 설계 및 운영 개념체계」에 따라 중요성의 관점에서 효과적으로 설계 및 운영되고 있습니다.,20240314001383,사업보고서 (2023.12),627,원문XML 2026-10-01T09:34:39+09:00 · 뷰어PDF 2026-10-01T09:33:11+09:00,서식 B · 유형 근거: 의견 문구(「연결…내부회계관리제도」) · 의견 표·문구에 감사/검토 표기 없음 — 참고: Ⅴ-1 감사용역 표 「별도/연결내부회계관리제도감사」,handoff/원문텍스트_9차/지주내부회계/20240314001383.md
메리츠금융지주,2025,,문서에 없음,문서에 없음,문서에 없음,"FY2023 (관찰: 20250319001090 「제14 기 (전기)」 에 연결 의견, 직전 FY2022 행 20250328001697 「제13 기 (전전기)」 에는 없음)",문서에 없음,20260406004144,[첨부정정]사업보고서 (2025.12),,원문XML 2026-09-30T17:23:46+09:00 · 뷰어PDF 2026-09-30T17:55:01+09:00,본문 XML 없음(첨부정정 등),
메리츠금융지주,2025,,별도,감사,적정의견,"FY2023 (관찰: 20250319001090 「제14 기 (전기)」 에 연결 의견, 직전 FY2022 행 20250328001697 「제13 기 (전전기)」 에는 없음)",[머리] 사업연도 | 구분 | 감사인 | 유형(감사/검토) | 감사의견 또는검토결론 | 지적사항 | 회사의대응조치 ‖ [행] 제16 기 (당기) | 내부회계관리제도 | 한영회계법인 | 감사 | 적정의견 | 해당사항 없음,20260331004202,[기재정정]사업보고서 (2025.12),430,원문XML 2026-09-30T17:24:22+09:00 · 뷰어PDF 2026-09-30T17:56:23+09:00,서식 A · 유형 근거: 표 「유형」 열,handoff/원문텍스트_9차/지주내부회계/20260331004202.md
메리츠금융지주,2025,,연결,감사,적정의견,"FY2023 (관찰: 20250319001090 「제14 기 (전기)」 에 연결 의견, 직전 FY2022 행 20250328001697 「제13 기 (전전기)」 에는 없음)",[머리] 사업연도 | 구분 | 감사인 | 유형(감사/검토) | 감사의견 또는검토결론 | 지적사항 | 회사의대응조치 ‖ [행] 제16 기 (당기) | 연결내부회계관리제도 | 한영회계법인 | 감사 | 적정의견 | 해당사항 없음,20260331004202,[기재정정]사업보고서 (2025.12),430,원문XML 2026-09-30T17:24:22+09:00 · 뷰어PDF 2026-09-30T17:56:23+09:00,서식 A · 유형 근거: 표 「유형」 열,handoff/원문텍스트_9차/지주내부회계/20260331004202.md
메리츠금융지주,2025,,별도,감사,적정의견,"FY2023 (관찰: 20250319001090 「제14 기 (전기)」 에 연결 의견, 직전 FY2022 행 20250328001697 「제13 기 (전전기)」 에는 없음)",[머리] 사업연도 | 구분 | 감사인 | 유형(감사/검토) | 감사의견 또는검토결론 | 지적사항 | 회사의대응조치 ‖ [행] 제16 기 (당기) | 내부회계관리제도 | 한영회계법인 | 감사 | 적정의견 | 해당사항 없음,20260331004089,[기재정정]사업보고서 (2025.12),430,원문XML 2026-09-30T17:24:57+09:00 · 뷰어PDF 2026-09-30T17:57:19+09:00,서식 A · 유형 근거: 표 「유형」 열,handoff/원문텍스트_9차/지주내부회계/20260331004089.md
메리츠금융지주,2025,,연결,감사,적정의견,"FY2023 (관찰: 20250319001090 「제14 기 (전기)」 에 연결 의견, 직전 FY2022 행 20250328001697 「제13 기 (전전기)」 에는 없음)",[머리] 사업연도 | 구분 | 감사인 | 유형(감사/검토) | 감사의견 또는검토결론 | 지적사항 | 회사의대응조치 ‖ [행] 제16 기 (당기) | 연결내부회계관리제도 | 한영회계법인 | 감사 | 적정의견 | 해당사항 없음,20260331004089,[기재정정]사업보고서 (2025.12),430,원문XML 2026-09-30T17:24:57+09:00 · 뷰어PDF 2026-09-30T17:57:19+09:00,서식 A · 유형 근거: 표 「유형」 열,handoff/원문텍스트_9차/지주내부회계/20260331004089.md
메리츠금융지주,2025,,문서에 없음,문서에 없음,문서에 없음,"FY2023 (관찰: 20250319001090 「제14 기 (전기)」 에 연결 의견, 직전 FY2022 행 20250328001697 「제13 기 (전전기)」 에는 없음)",문서에 없음,20260318001549,[첨부정정]사업보고서 (2025.12),,원문XML 2026-09-30T17:24:58+09:00 · 뷰어PDF 2026-09-30T17:57:24+09:00,본문 XML 없음(첨부정정 등),
메리츠금융지주,2025,,별도,감사,적정의견,"FY2023 (관찰: 20250319001090 「제14 기 (전기)」 에 연결 의견, 직전 FY2022 행 20250328001697 「제13 기 (전전기)」 에는 없음)",[머리] 사업연도 | 구분 | 감사인 | 유형(감사/검토) | 감사의견 또는검토결론 | 지적사항 | 회사의대응조치 ‖ [행] 제16 기 (당기) | 내부회계관리제도 | 한영회계법인 | 감사 | 적정의견 | 해당사항 없음,20260318001419,사업보고서 (2025.12),426,원문XML 2026-09-30T17:25:48+09:00 · 뷰어PDF 2026-09-30T17:58:22+09:00,서식 A · 유형 근거: 표 「유형」 열,handoff/원문텍스트_9차/지주내부회계/20260318001419.md
메리츠금융지주,2025,,연결,감사,적정의견,"FY2023 (관찰: 20250319001090 「제14 기 (전기)」 에 연결 의견, 직전 FY2022 행 20250328001697 「제13 기 (전전기)」 에는 없음)",[머리] 사업연도 | 구분 | 감사인 | 유형(감사/검토) | 감사의견 또는검토결론 | 지적사항 | 회사의대응조치 ‖ [행] 제16 기 (당기) | 연결내부회계관리제도 | 한영회계법인 | 감사 | 적정의견 | 해당사항 없음,20260318001419,사업보고서 (2025.12),426,원문XML 2026-09-30T17:25:48+09:00 · 뷰어PDF 2026-09-30T17:58:22+09:00,서식 A · 유형 근거: 표 「유형」 열,handoff/원문텍스트_9차/지주내부회계/20260318001419.md
메리츠금융지주,2024,,별도,감사,적정의견,"FY2023 (관찰: 20250319001090 「제14 기 (전기)」 에 연결 의견, 직전 FY2022 행 20250328001697 「제13 기 (전전기)」 에는 없음)",[머리] 사업연도 | 구분 | 감사인 | 유형(감사/검토) | 감사의견 또는검토결론 | 지적사항 | 회사의대응조치 ‖ [행] 제15 기 (당기) | 내부회계관리제도 | 한영회계법인 | 감사 | 적정의견 | 해당사항 없음,20250328001697,[기재정정]사업보고서 (2024.12),372,원문XML 2026-10-01T09:35:13+09:00 · 뷰어PDF 2026-10-01T09:34:45+09:00,서식 A · 유형 근거: 표 「유형」 열,handoff/원문텍스트_9차/지주내부회계/20250328001697.md
메리츠금융지주,2024,,연결,감사,적정의견,"FY2023 (관찰: 20250319001090 「제14 기 (전기)」 에 연결 의견, 직전 FY2022 행 20250328001697 「제13 기 (전전기)」 에는 없음)",[머리] 사업연도 | 구분 | 감사인 | 유형(감사/검토) | 감사의견 또는검토결론 | 지적사항 | 회사의대응조치 ‖ [행] 제15 기 (당기) | 연결내부회계관리제도 | 한영회계법인 | 감사 | 적정의견 | 해당사항 없음,20250328001697,[기재정정]사업보고서 (2024.12),372,원문XML 2026-10-01T09:35:13+09:00 · 뷰어PDF 2026-10-01T09:34:45+09:00,서식 A · 유형 근거: 표 「유형」 열,handoff/원문텍스트_9차/지주내부회계/20250328001697.md
메리츠금융지주,2024,,별도,감사,적정의견,"FY2023 (관찰: 20250319001090 「제14 기 (전기)」 에 연결 의견, 직전 FY2022 행 20250328001697 「제13 기 (전전기)」 에는 없음)",[머리] 사업연도 | 구분 | 감사인 | 유형(감사/검토) | 감사의견 또는검토결론 | 지적사항 | 회사의대응조치 ‖ [행] 제15 기 (당기) | 내부회계관리제도 | 한영회계법인 | 감사 | 적정의견 | 해당사항 없음,20250319001090,사업보고서 (2024.12),368,원문XML 2026-10-01T09:36:01+09:00 · 뷰어PDF 2026-10-01T09:35:14+09:00,서식 A · 유형 근거: 표 「유형」 열,handoff/원문텍스트_9차/지주내부회계/20250319001090.md
메리츠금융지주,2024,,연결,감사,적정의견,"FY2023 (관찰: 20250319001090 「제14 기 (전기)」 에 연결 의견, 직전 FY2022 행 20250328001697 「제13 기 (전전기)」 에는 없음)",[머리] 사업연도 | 구분 | 감사인 | 유형(감사/검토) | 감사의견 또는검토결론 | 지적사항 | 회사의대응조치 ‖ [행] 제15 기 (당기) | 연결내부회계관리제도 | 한영회계법인 | 감사 | 적정의견 | 해당사항 없음,20250319001090,사업보고서 (2024.12),368,원문XML 2026-10-01T09:36:01+09:00 · 뷰어PDF 2026-10-01T09:35:14+09:00,서식 A · 유형 근거: 표 「유형」 열,handoff/원문텍스트_9차/지주내부회계/20250319001090.md
메리츠금융지주,2023,,별도,감사,우리의 의견으로는 회사의 내부회계관리제도는 2023년 12월 31일 현재「내부회계관리제도 설계 및 운영 개념체계」에 따라 중요성의 관점에서 효과적으로 설계 및 운영되고 있습니다.[연결감사의견]우리의 의견으로는 연결회사의 연결내부회계관리제도는 2023년 12월 31일 현재 「내부회계관리제도 설계 및 운영 개념체계」에 따라 중요성의 관점에서 효과적으로 설계 및 운영되고 있습니다.,"FY2023 (관찰: 20250319001090 「제14 기 (전기)」 에 연결 의견, 직전 FY2022 행 20250328001697 「제13 기 (전전기)」 에는 없음)",[머리] 사업연도 | 회계감사인 | 감사의견(검토의견) ‖ [행] 제14기 | 한영회계법인 | 우리의 의견으로는 회사의 내부회계관리제도는 2023년 12월 31일 현재「내부회계관리제도 설계 및 운영 개념체계」에 따라 중요성의 관점에서 효과적으로 설계 및 운영되고 있습니다.[연결감사의견]우리의 의견으로는 연결회사의 연결내부회계관리제도는 2023년 12월 31일 현재 「내부회계관리제도 설계 및 운영 개념체계」에 따라 중요성의 관점에서 효과적으로 설계 및 운영되고 있습니다.,20240430000957,[기재정정]사업보고서 (2023.12),467,원문XML 2026-10-01T09:36:31+09:00 · 뷰어PDF 2026-10-01T09:37:29+09:00,서식 B · 유형 근거: 의견 문구(「회사의 내부회계관리제도」) · 의견 칸 하나가 별도·연결을 함께 적음(같은 원문을 두 행에),handoff/원문텍스트_9차/지주내부회계/20240430000957.md
메리츠금융지주,2023,,연결,감사,우리의 의견으로는 회사의 내부회계관리제도는 2023년 12월 31일 현재「내부회계관리제도 설계 및 운영 개념체계」에 따라 중요성의 관점에서 효과적으로 설계 및 운영되고 있습니다.[연결감사의견]우리의 의견으로는 연결회사의 연결내부회계관리제도는 2023년 12월 31일 현재 「내부회계관리제도 설계 및 운영 개념체계」에 따라 중요성의 관점에서 효과적으로 설계 및 운영되고 있습니다.,"FY2023 (관찰: 20250319001090 「제14 기 (전기)」 에 연결 의견, 직전 FY2022 행 20250328001697 「제13 기 (전전기)」 에는 없음)",[머리] 사업연도 | 회계감사인 | 감사의견(검토의견) ‖ [행] 제14기 | 한영회계법인 | 우리의 의견으로는 회사의 내부회계관리제도는 2023년 12월 31일 현재「내부회계관리제도 설계 및 운영 개념체계」에 따라 중요성의 관점에서 효과적으로 설계 및 운영되고 있습니다.[연결감사의견]우리의 의견으로는 연결회사의 연결내부회계관리제도는 2023년 12월 31일 현재 「내부회계관리제도 설계 및 운영 개념체계」에 따라 중요성의 관점에서 효과적으로 설계 및 운영되고 있습니다.,20240430000957,[기재정정]사업보고서 (2023.12),467,원문XML 2026-10-01T09:36:31+09:00 · 뷰어PDF 2026-10-01T09:37:29+09:00,서식 B · 유형 근거: 의견 문구(「연결…내부회계관리제도」) · 의견 칸 하나가 별도·연결을 함께 적음(같은 원문을 두 행에),handoff/원문텍스트_9차/지주내부회계/20240430000957.md
메리츠금융지주,2023,,별도,감사,우리의 의견으로는 회사의 내부회계관리제도는 2023년 12월 31일 현재「내부회계관리제도 설계 및 운영 개념체계」에 따라 중요성의 관점에서 효과적으로 설계 및 운영되고 있습니다.[연결감사의견]우리의 의견으로는 연결회사의 연결내부회계관리제도는 2023년 12월 31일 현재 「내부회계관리제도 설계 및 운영 개념체계」에 따라 중요성의 관점에서 효과적으로 설계 및 운영되고 있습니다.,"FY2023 (관찰: 20250319001090 「제14 기 (전기)」 에 연결 의견, 직전 FY2022 행 20250328001697 「제13 기 (전전기)」 에는 없음)",[머리] 사업연도 | 회계감사인 | 감사의견(검토의견) ‖ [행] 제14기 | 한영회계법인 | 우리의 의견으로는 회사의 내부회계관리제도는 2023년 12월 31일 현재「내부회계관리제도 설계 및 운영 개념체계」에 따라 중요성의 관점에서 효과적으로 설계 및 운영되고 있습니다.[연결감사의견]우리의 의견으로는 연결회사의 연결내부회계관리제도는 2023년 12월 31일 현재 「내부회계관리제도 설계 및 운영 개념체계」에 따라 중요성의 관점에서 효과적으로 설계 및 운영되고 있습니다.,20240314001248,[기재정정]사업보고서 (2023.12),464,원문XML 2026-10-01T09:37:02+09:00 · 뷰어PDF 2026-10-01T09:38:03+09:00,서식 B · 유형 근거: 의견 문구(「회사의 내부회계관리제도」) · 의견 칸 하나가 별도·연결을 함께 적음(같은 원문을 두 행에),handoff/원문텍스트_9차/지주내부회계/20240314001248.md
메리츠금융지주,2023,,연결,감사,우리의 의견으로는 회사의 내부회계관리제도는 2023년 12월 31일 현재「내부회계관리제도 설계 및 운영 개념체계」에 따라 중요성의 관점에서 효과적으로 설계 및 운영되고 있습니다.[연결감사의견]우리의 의견으로는 연결회사의 연결내부회계관리제도는 2023년 12월 31일 현재 「내부회계관리제도 설계 및 운영 개념체계」에 따라 중요성의 관점에서 효과적으로 설계 및 운영되고 있습니다.,"FY2023 (관찰: 20250319001090 「제14 기 (전기)」 에 연결 의견, 직전 FY2022 행 20250328001697 「제13 기 (전전기)」 에는 없음)",[머리] 사업연도 | 회계감사인 | 감사의견(검토의견) ‖ [행] 제14기 | 한영회계법인 | 우리의 의견으로는 회사의 내부회계관리제도는 2023년 12월 31일 현재「내부회계관리제도 설계 및 운영 개념체계」에 따라 중요성의 관점에서 효과적으로 설계 및 운영되고 있습니다.[연결감사의견]우리의 의견으로는 연결회사의 연결내부회계관리제도는 2023년 12월 31일 현재 「내부회계관리제도 설계 및 운영 개념체계」에 따라 중요성의 관점에서 효과적으로 설계 및 운영되고 있습니다.,20240314001248,[기재정정]사업보고서 (2023.12),464,원문XML 2026-10-01T09:37:02+09:00 · 뷰어PDF 2026-10-01T09:38:03+09:00,서식 B · 유형 근거: 의견 문구(「연결…내부회계관리제도」) · 의견 칸 하나가 별도·연결을 함께 적음(같은 원문을 두 행에),handoff/원문텍스트_9차/지주내부회계/20240314001248.md
메리츠금융지주,2023,,문서에 없음,문서에 없음,문서에 없음,"FY2023 (관찰: 20250319001090 「제14 기 (전기)」 에 연결 의견, 직전 FY2022 행 20250328001697 「제13 기 (전전기)」 에는 없음)",문서에 없음,20240312001072,[첨부정정]사업보고서 (2023.12),,원문XML 2026-10-01T09:37:03+09:00 · 뷰어PDF 2026-10-01T09:38:12+09:00,본문 XML 없음(첨부정정 등),
메리츠금융지주,2023,,별도,감사,우리의 의견으로는 회사의 내부회계관리제도는 2023년 12월 31일 현재「내부회계관리제도 설계 및 운영 개념체계」에 따라 중요성의 관점에서 효과적으로 설계 및 운영되고 있습니다.[연결감사의견]우리의 의견으로는 연결회사의 연결내부회계관리제도는 2023년 12월 31일 현재 「내부회계관리제도 설계 및 운영 개념체계」에 따라 중요성의 관점에서 효과적으로 설계 및 운영되고 있습니다.,"FY2023 (관찰: 20250319001090 「제14 기 (전기)」 에 연결 의견, 직전 FY2022 행 20250328001697 「제13 기 (전전기)」 에는 없음)",[머리] 사업연도 | 회계감사인 | 감사의견(검토의견) ‖ [행] 제14기 | 한영회계법인 | 우리의 의견으로는 회사의 내부회계관리제도는 2023년 12월 31일 현재「내부회계관리제도 설계 및 운영 개념체계」에 따라 중요성의 관점에서 효과적으로 설계 및 운영되고 있습니다.[연결감사의견]우리의 의견으로는 연결회사의 연결내부회계관리제도는 2023년 12월 31일 현재 「내부회계관리제도 설계 및 운영 개념체계」에 따라 중요성의 관점에서 효과적으로 설계 및 운영되고 있습니다.,20240312001044,사업보고서 (2023.12),468,원문XML 2026-10-01T09:37:48+09:00 · 뷰어PDF 2026-10-01T09:38:50+09:00,서식 B · 유형 근거: 의견 문구(「회사의 내부회계관리제도」) · 의견 칸 하나가 별도·연결을 함께 적음(같은 원문을 두 행에),handoff/원문텍스트_9차/지주내부회계/20240312001044.md
메리츠금융지주,2023,,연결,감사,우리의 의견으로는 회사의 내부회계관리제도는 2023년 12월 31일 현재「내부회계관리제도 설계 및 운영 개념체계」에 따라 중요성의 관점에서 효과적으로 설계 및 운영되고 있습니다.[연결감사의견]우리의 의견으로는 연결회사의 연결내부회계관리제도는 2023년 12월 31일 현재 「내부회계관리제도 설계 및 운영 개념체계」에 따라 중요성의 관점에서 효과적으로 설계 및 운영되고 있습니다.,"FY2023 (관찰: 20250319001090 「제14 기 (전기)」 에 연결 의견, 직전 FY2022 행 20250328001697 「제13 기 (전전기)」 에는 없음)",[머리] 사업연도 | 회계감사인 | 감사의견(검토의견) ‖ [행] 제14기 | 한영회계법인 | 우리의 의견으로는 회사의 내부회계관리제도는 2023년 12월 31일 현재「내부회계관리제도 설계 및 운영 개념체계」에 따라 중요성의 관점에서 효과적으로 설계 및 운영되고 있습니다.[연결감사의견]우리의 의견으로는 연결회사의 연결내부회계관리제도는 2023년 12월 31일 현재 「내부회계관리제도 설계 및 운영 개념체계」에 따라 중요성의 관점에서 효과적으로 설계 및 운영되고 있습니다.,20240312001044,사업보고서 (2023.12),468,원문XML 2026-10-01T09:37:48+09:00 · 뷰어PDF 2026-10-01T09:38:50+09:00,서식 B · 유형 근거: 의견 문구(「연결…내부회계관리제도」) · 의견 칸 하나가 별도·연결을 함께 적음(같은 원문을 두 행에),handoff/원문텍스트_9차/지주내부회계/20240312001044.md
iM금융지주,2025,,별도,감사,적정의견,"FY2023 (관찰: 20240320001342 「제13기(당기)」 에 연결 의견, 직전 FY2022 행 20250318000693 「제12기(전전기)」 에는 없음)",[머리] 사업연도 | 구분 | 감사인 | 유형(감사/검토) | 감사의견 또는검토결론 | 지적사항 | 회사의대응조치 ‖ [행] 제15기(당기) | 내부회계관리제도 | 삼일회계법인 | 감사 | 적정의견 | 해당사항 없음,20260515000720,[기재정정]사업보고서 (2025.12),451,원문XML 2026-09-30T17:26:26+09:00 · 뷰어PDF 2026-09-30T18:00:43+09:00,서식 A · 유형 근거: 표 「유형」 열,handoff/원문텍스트_9차/지주내부회계/20260515000720.md
iM금융지주,2025,,연결,감사,적정의견,"FY2023 (관찰: 20240320001342 「제13기(당기)」 에 연결 의견, 직전 FY2022 행 20250318000693 「제12기(전전기)」 에는 없음)",[머리] 사업연도 | 구분 | 감사인 | 유형(감사/검토) | 감사의견 또는검토결론 | 지적사항 | 회사의대응조치 ‖ [행] 제15기(당기) | 연결내부회계관리제도 | 삼일회계법인 | 감사 | 적정의견 | 해당사항 없음,20260515000720,[기재정정]사업보고서 (2025.12),451,원문XML 2026-09-30T17:26:26+09:00 · 뷰어PDF 2026-09-30T18:00:43+09:00,서식 A · 유형 근거: 표 「유형」 열,handoff/원문텍스트_9차/지주내부회계/20260515000720.md
iM금융지주,2025,,별도,감사,적정의견,"FY2023 (관찰: 20240320001342 「제13기(당기)」 에 연결 의견, 직전 FY2022 행 20250318000693 「제12기(전전기)」 에는 없음)",[머리] 사업연도 | 구분 | 감사인 | 유형(감사/검토) | 감사의견 또는검토결론 | 지적사항 | 회사의대응조치 ‖ [행] 제15기(당기) | 내부회계관리제도 | 삼일회계법인 | 감사 | 적정의견 | 해당사항 없음,20260318000971,사업보고서 (2025.12),445,원문XML 2026-09-30T17:27:16+09:00 · 뷰어PDF 2026-09-30T18:01:31+09:00,서식 A · 유형 근거: 표 「유형」 열,handoff/원문텍스트_9차/지주내부회계/20260318000971.md
iM금융지주,2025,,연결,감사,적정의견,"FY2023 (관찰: 20240320001342 「제13기(당기)」 에 연결 의견, 직전 FY2022 행 20250318000693 「제12기(전전기)」 에는 없음)",[머리] 사업연도 | 구분 | 감사인 | 유형(감사/검토) | 감사의견 또는검토결론 | 지적사항 | 회사의대응조치 ‖ [행] 제15기(당기) | 연결내부회계관리제도 | 삼일회계법인 | 감사 | 적정의견 | 해당사항 없음,20260318000971,사업보고서 (2025.12),445,원문XML 2026-09-30T17:27:16+09:00 · 뷰어PDF 2026-09-30T18:01:31+09:00,서식 A · 유형 근거: 표 「유형」 열,handoff/원문텍스트_9차/지주내부회계/20260318000971.md
iM금융지주,2024,,별도,감사,적정의견,"FY2023 (관찰: 20240320001342 「제13기(당기)」 에 연결 의견, 직전 FY2022 행 20250318000693 「제12기(전전기)」 에는 없음)",[머리] 사업연도 | 구분 | 감사인 | 유형(감사/검토) | 감사의견 또는검토결론 | 지적사항 | 회사의대응조치 ‖ [행] 제14기(당기) | 내부회계관리제도 | 삼일회계법인 | 감사 | 적정의견 | 해당사항 없음,20250318000693,사업보고서 (2024.12),439,원문XML 2026-10-01T09:38:39+09:00 · 뷰어PDF 2026-10-01T09:40:12+09:00,서식 A · 유형 근거: 표 「유형」 열,handoff/원문텍스트_9차/지주내부회계/20250318000693.md
iM금융지주,2024,,연결,감사,적정의견,"FY2023 (관찰: 20240320001342 「제13기(당기)」 에 연결 의견, 직전 FY2022 행 20250318000693 「제12기(전전기)」 에는 없음)",[머리] 사업연도 | 구분 | 감사인 | 유형(감사/검토) | 감사의견 또는검토결론 | 지적사항 | 회사의대응조치 ‖ [행] 제14기(당기) | 연결내부회계관리제도 | 삼일회계법인 | 감사 | 적정의견 | 해당사항 없음,20250318000693,사업보고서 (2024.12),439,원문XML 2026-10-01T09:38:39+09:00 · 뷰어PDF 2026-10-01T09:40:12+09:00,서식 A · 유형 근거: 표 「유형」 열,handoff/원문텍스트_9차/지주내부회계/20250318000693.md
iM금융지주,2023,,별도,문서에 없음,회사의 내부회계관리제도는 2023년 12월 31일 현재 「내부회계관리제도 설계 및 운영 개념체계」에 따라 중요성의 관점에서 효과적으로 설계 및 운영되고 있습니다.,"FY2023 (관찰: 20240320001342 「제13기(당기)」 에 연결 의견, 직전 FY2022 행 20250318000693 「제12기(전전기)」 에는 없음)",[머리] 사업연도 | 감사인 | 감사의견 | 지적사항 ‖ [행] 제13기(당기) | 삼일회계법인 | 회사의 내부회계관리제도는 2023년 12월 31일 현재 「내부회계관리제도 설계 및 운영 개념체계」에 따라 중요성의 관점에서 효과적으로 설계 및 운영되고 있습니다. | 해당사항 없음,20240430000805,[기재정정]사업보고서 (2023.12),475,원문XML 2026-10-01T09:39:12+09:00 · 뷰어PDF 2026-10-01T09:41:24+09:00,서식 B · 유형 근거: 의견 문구(「회사의 내부회계관리제도」) · 의견 표·문구에 감사/검토 표기 없음 — 참고: Ⅴ-1 감사용역 표 「기재 없음」,handoff/원문텍스트_9차/지주내부회계/20240430000805.md
iM금융지주,2023,,연결,문서에 없음,연결실체의 연결내부회계관리제도는 2023년 12월 31일 현재 「내부회계관리제도 설계 및 운영 개념체계」에 따라 중요성의 관점에서 효과적으로 설계 및 운영되고 있습니다.,"FY2023 (관찰: 20240320001342 「제13기(당기)」 에 연결 의견, 직전 FY2022 행 20250318000693 「제12기(전전기)」 에는 없음)",[머리] 사업연도 | 감사인 | 감사의견 | 지적사항 ‖ [행] 제13기(당기) | 삼일회계법인 | 연결실체의 연결내부회계관리제도는 2023년 12월 31일 현재 「내부회계관리제도 설계 및 운영 개념체계」에 따라 중요성의 관점에서 효과적으로 설계 및 운영되고 있습니다. | 해당사항 없음,20240430000805,[기재정정]사업보고서 (2023.12),476,원문XML 2026-10-01T09:39:12+09:00 · 뷰어PDF 2026-10-01T09:41:24+09:00,서식 B · 유형 근거: 의견 문구(「연결…내부회계관리제도」) · 의견 표·문구에 감사/검토 표기 없음 — 참고: Ⅴ-1 감사용역 표 「기재 없음」,handoff/원문텍스트_9차/지주내부회계/20240430000805.md
iM금융지주,2023,,별도,문서에 없음,회사의 내부회계관리제도는 2023년 12월 31일 현재 「내부회계관리제도 설계 및 운영 개념체계」에 따라 중요성의 관점에서 효과적으로 설계 및 운영되고 있습니다.,"FY2023 (관찰: 20240320001342 「제13기(당기)」 에 연결 의견, 직전 FY2022 행 20250318000693 「제12기(전전기)」 에는 없음)",[머리] 사업연도 | 감사인 | 감사의견 | 지적사항 ‖ [행] 제13기(당기) | 삼일회계법인 | 회사의 내부회계관리제도는 2023년 12월 31일 현재 「내부회계관리제도 설계 및 운영 개념체계」에 따라 중요성의 관점에서 효과적으로 설계 및 운영되고 있습니다. | 해당사항 없음,20240320001342,사업보고서 (2023.12),468,원문XML 2026-10-01T09:39:59+09:00 · 뷰어PDF 2026-10-01T09:42:05+09:00,서식 B · 유형 근거: 의견 문구(「회사의 내부회계관리제도」) · 의견 표·문구에 감사/검토 표기 없음 — 참고: Ⅴ-1 감사용역 표 「기재 없음」,handoff/원문텍스트_9차/지주내부회계/20240320001342.md
iM금융지주,2023,,연결,문서에 없음,연결실체의 연결내부회계관리제도는 2023년 12월 31일 현재 「내부회계관리제도 설계 및 운영 개념체계」에 따라 중요성의 관점에서 효과적으로 설계 및 운영되고 있습니다.,"FY2023 (관찰: 20240320001342 「제13기(당기)」 에 연결 의견, 직전 FY2022 행 20250318000693 「제12기(전전기)」 에는 없음)",[머리] 사업연도 | 감사인 | 감사의견 | 지적사항 ‖ [행] 제13기(당기) | 삼일회계법인 | 연결실체의 연결내부회계관리제도는 2023년 12월 31일 현재 「내부회계관리제도 설계 및 운영 개념체계」에 따라 중요성의 관점에서 효과적으로 설계 및 운영되고 있습니다. | 해당사항 없음,20240320001342,사업보고서 (2023.12),469,원문XML 2026-10-01T09:39:59+09:00 · 뷰어PDF 2026-10-01T09:42:05+09:00,서식 B · 유형 근거: 의견 문구(「연결…내부회계관리제도」) · 의견 표·문구에 감사/검토 표기 없음 — 참고: Ⅴ-1 감사용역 표 「기재 없음」,handoff/원문텍스트_9차/지주내부회계/20240320001342.md
NH농협금융지주,2025,,별도,검토,검토의견 미변형(표준보고),문서에 없음 — FY2021~FY2025 행에 연결 내부회계 의견 없음,[머리] 사업연도 | 구분 | 감사인 | 유형(감사/검토) | 감사의견 또는검토결론 | 지적사항 | 회사의대응조치 ‖ [행] 제14기(당기) | 내부회계관리제도 | 안진회계법인 | 검토 | 검토의견 미변형(표준보고) | 해당사항없음,20260331004252,사업보고서 (2025.12),578,원문XML 2026-09-30T17:30:12+09:00 · 뷰어PDF 2026-09-30T18:03:46+09:00,서식 A · 유형 근거: 표 「유형」 열,handoff/원문텍스트_9차/지주내부회계/20260331004252.md
NH농협금융지주,2025,,연결,-,-,문서에 없음 — FY2021~FY2025 행에 연결 내부회계 의견 없음,[머리] 사업연도 | 구분 | 감사인 | 유형(감사/검토) | 감사의견 또는검토결론 | 지적사항 | 회사의대응조치 ‖ [행] 제14기(당기) | 연결내부회계관리제도 | -,20260331004252,사업보고서 (2025.12),574,원문XML 2026-09-30T17:30:12+09:00 · 뷰어PDF 2026-09-30T18:03:46+09:00,서식 A · 유형 근거: 표 「유형」 열,handoff/원문텍스트_9차/지주내부회계/20260331004252.md
NH농협금융지주,2024,,별도,검토,검토의견 미변형(표준보고),문서에 없음 — FY2021~FY2025 행에 연결 내부회계 의견 없음,[머리] 사업연도 | 구분 | 감사인 | 유형(감사/검토) | 감사의견 또는검토결론 | 지적사항 | 회사의대응조치 ‖ [행] 제13기(당기) | 내부회계관리제도 | 안진회계법인 | 검토 | 검토의견 미변형(표준보고) | 해당사항없음,20250331003837,사업보고서 (2024.12),567,원문XML 2026-10-01T09:40:59+09:00 · 뷰어PDF 2026-10-01T09:44:43+09:00,서식 A · 유형 근거: 표 「유형」 열,handoff/원문텍스트_9차/지주내부회계/20250331003837.md
NH농협금융지주,2024,,연결,-,-,문서에 없음 — FY2021~FY2025 행에 연결 내부회계 의견 없음,[머리] 사업연도 | 구분 | 감사인 | 유형(감사/검토) | 감사의견 또는검토결론 | 지적사항 | 회사의대응조치 ‖ [행] 제13기(당기) | 연결내부회계관리제도 | -,20250331003837,사업보고서 (2024.12),563,원문XML 2026-10-01T09:40:59+09:00 · 뷰어PDF 2026-10-01T09:44:43+09:00,서식 A · 유형 근거: 표 「유형」 열,handoff/원문텍스트_9차/지주내부회계/20250331003837.md
NH농협금융지주,2023,,문서에 없음,검토,경영진의 내부회계관리제도 운영실태평가보고서에 대한 회계감사인의 검토결과 경영진의 운영실태보고 내용이 중요성의 관점에서 내부회계관리제도 평가 및 보고 모범규준에 따라 작성되지 않았다고 판단하게 하는 점이 발견되지 아니하였습니다 .,문서에 없음 — FY2021~FY2025 행에 연결 내부회계 의견 없음,[머리] 사업연도 | 회계감사인 | 검토의견 ‖ [행] 제12기(당기) | 안진회계법인 | 경영진의 내부회계관리제도 운영실태평가보고서에 대한 회계감사인의 검토결과 경영진의 운영실태보고 내용이 중요성의 관점에서 내부회계관리제도 평가 및 보고 모범규준에 따라 작성되지 않았다고 판단하게 하는 점이 발견되지 아니하였습니다 .,20240329003569,사업보고서 (2023.12),547,원문XML 2026-10-01T09:41:52+09:00 · 뷰어PDF 2026-10-01T09:46:24+09:00,서식 B · 유형 근거: 의견 문구에 별도·연결 표기 없음,handoff/원문텍스트_9차/지주내부회계/20240329003569.md
한국투자금융지주,2025,,별도,감사,적정의견,FY2022 이전일 수 있음(표에 그 앞 해가 없음 — 관찰: 20250320000910 「제21기(전전기)」),[머리] 사업연도 | 구분 | 감사인 | 유형(감사/검토) | 감사의견 또는검토결론 | 지적사항 | 회사의대응조치 ‖ [행] 제24기(당기) | 내부회계관리제도 | 삼일회계법인 | 감사 | 적정의견 | 해당사항 없음,20260319001006,사업보고서 (2025.12),544,원문XML 2026-09-30T17:31:26+09:00 · 뷰어PDF 2026-09-30T18:06:06+09:00,서식 A · 유형 근거: 표 「유형」 열,handoff/원문텍스트_9차/지주내부회계/20260319001006.md
한국투자금융지주,2025,,연결,감사,적정의견,FY2022 이전일 수 있음(표에 그 앞 해가 없음 — 관찰: 20250320000910 「제21기(전전기)」),[머리] 사업연도 | 구분 | 감사인 | 유형(감사/검토) | 감사의견 또는검토결론 | 지적사항 | 회사의대응조치 ‖ [행] 제24기(당기) | 연결내부회계관리제도 | 삼일회계법인 | 감사 | 적정의견 | 해당사항 없음,20260319001006,사업보고서 (2025.12),544,원문XML 2026-09-30T17:31:26+09:00 · 뷰어PDF 2026-09-30T18:06:06+09:00,서식 A · 유형 근거: 표 「유형」 열,handoff/원문텍스트_9차/지주내부회계/20260319001006.md
한국투자금융지주,2024,,별도,감사,적정의견,FY2022 이전일 수 있음(표에 그 앞 해가 없음 — 관찰: 20250320000910 「제21기(전전기)」),[머리] 사업연도 | 구분 | 감사인 | 유형(감사/검토) | 감사의견 또는검토결론 | 지적사항 | 회사의대응조치 ‖ [행] 제23기(당기) | 내부회계관리제도 | 한영회계법인 | 감사 | 적정의견 | 해당사항 없음,20250320000910,사업보고서 (2024.12),479,원문XML 2026-10-01T09:42:49+09:00 · 뷰어PDF 2026-10-01T09:47:56+09:00,서식 A · 유형 근거: 표 「유형」 열,handoff/원문텍스트_9차/지주내부회계/20250320000910.md
한국투자금융지주,2024,,연결,감사,적정의견,FY2022 이전일 수 있음(표에 그 앞 해가 없음 — 관찰: 20250320000910 「제21기(전전기)」),[머리] 사업연도 | 구분 | 감사인 | 유형(감사/검토) | 감사의견 또는검토결론 | 지적사항 | 회사의대응조치 ‖ [행] 제23기(당기) | 연결내부회계관리제도 | 한영회계법인 | 감사 | 적정의견 | 해당사항 없음,20250320000910,사업보고서 (2024.12),479,원문XML 2026-10-01T09:42:49+09:00 · 뷰어PDF 2026-10-01T09:47:56+09:00,서식 A · 유형 근거: 표 「유형」 열,handoff/원문텍스트_9차/지주내부회계/20250320000910.md
한국투자금융지주,2023,,문서에 없음,문서에 없음,문서에 없음,FY2022 이전일 수 있음(표에 그 앞 해가 없음 — 관찰: 20250320000910 「제21기(전전기)」),문서에 없음,20250320000836,[기재정정]사업보고서 (2023.12),,원문XML 2026-10-01T09:43:26+09:00 · 뷰어PDF 2026-10-01T09:49:34+09:00,"Ⅴ 장에서 감사인의 내부회계 의견 표(당기 행)를 못 찾음 — 찾은 표 0행, 첨부 감사보고서에도 내부회계 의견 문장 없음",
한국투자금융지주,2023,,별도,감사,우리의 의견으로는 회사의 내부회계관리제도는 2023년 12월 31일 현재 「내부회계관리제도 설계 및 운영 개념체계」에 따라 중요성의 관점에서 효과적으로 설계 및 운영되고 있습니다.,FY2022 이전일 수 있음(표에 그 앞 해가 없음 — 관찰: 20250320000910 「제21기(전전기)」),[첨부 02_[한국금융지주]감사보고서(2024.03.21).pdf · 20240321001204_00760.xml] 우리의 의견으로는 회사의 내부회계관리제도는 2023년 12월 31일 현재 「내부회계관리제도 설계 및 운영 개념체계」에 따라 중요성의 관점에서 효과적으로 설계 및 운영되고 있습니다.,20240321001204,사업보고서 (2023.12) 첨부 02_[한국금융지주]감사보고서(2024.03.21).pdf,90,원문XML 2026-10-01T09:44:17+09:00 · 뷰어PDF 2026-10-01T09:50:18+09:00,본문 Ⅴ 장에 감사인 내부회계 의견 표 없음 — 첨부 02_[한국금융지주]감사보고서(2024.03.21).pdf 의 「내부회계관리제도 감사의견 또는 검토의견」 절 문장(쪽은 첨부 PDF 쪽),handoff/원문텍스트_9차/지주내부회계/20240321001204.md
한국투자금융지주,2023,,연결,감사,우리의 의견으로는 연결회사의 연결내부회계관리제도는 2023년 12월 31일 현재 「내부회계관리제도 설계 및 운영 개념체계」에 따라 중요성의 관점에서 효과적으로 설계 및 운영되고 있습니다.,FY2022 이전일 수 있음(표에 그 앞 해가 없음 — 관찰: 20250320000910 「제21기(전전기)」),[첨부 04_[한국금융지주]연결감사보고서(2024.03.21).pdf · 20240321001204_00761.xml] 우리의 의견으로는 연결회사의 연결내부회계관리제도는 2023년 12월 31일 현재 「내부회계관리제도 설계 및 운영 개념체계」에 따라 중요성의 관점에서 효과적으로 설계 및 운영되고 있습니다.,20240321001204,사업보고서 (2023.12) 첨부 04_[한국금융지주]연결감사보고서(2024.03.21).pdf,216,원문XML 2026-10-01T09:44:17+09:00 · 뷰어PDF 2026-10-01T09:50:18+09:00,본문 Ⅴ 장에 감사인 내부회계 의견 표 없음 — 첨부 04_[한국금융지주]연결감사보고서(2024.03.21).pdf 의 「내부회계관리제도 감사의견 또는 검토의견」 절 문장(쪽은 첨부 PDF 쪽),handoff/원문텍스트_9차/지주내부회계/20240321001204.md
