corp_label,parent,fy,topic,source_text,rcept_no_or_url,doc_name,section,page,collected_at,note,원문_md
KB손해보험,KB금융지주,FY2025,other,"④ 위험의 보고(Reporting) : 위험요인에 대한 모니터링 결과와 조치방안을 정기적으로 리스크관리위원회 및 경영진에 보고하고 있으며, 기타 위험관리정책에 관한 자세한 사항은 본 사업보고서의 III. 재무에 관한 사항 -3. 연결재무제표 주석 4. 금융위험관리'을 참고하시기 바랍니다.",20260313001064,사업보고서 (2025.12),IV. 이사의 경영진단 및 분석의견 > 6. 그 밖에 투자의사결정에 필요한 사항 > 라. 위험관리정책에 관한 사항,387,원문XML 2026-10-01T10:10:23+09:00 · 뷰어PDF 2026-10-01T10:25:04+09:00,"범위: IV-6-라 위험관리정책에 관한 사항(p.387) + 이 절이 '자세한 사항'으로 가리킨 III-3 연결재무제표 주석 4(실제 제목 '4. 재무위험관리', p.59~94) + cro 는 VIII 임원 표·겸직 표. 어휘 '지주|그룹|KB금융|계열|모회사|대주주|겸직'으로 찾았으나 policy·limit·reporting·committee(지주 연계) 서술 없음. other: 위험 모니터링 결과를 자체 리스크관리위원회·경영진에 정기 보고 → 자체 위원회 유지. / 다른 본 대조(판정 없음): 20260331003209: 같은 문구 있음",handoff/원문텍스트_9차/보험자회사_지주연계/20260313001064.md
KB손해보험,KB금융지주,FY2025,other,"연결실체의 리스크관리위원회는 위험관리에 대한 주요 의사결정을 수행하며, 사외이사 4인을 포함하여 5인으로 구성되어 있습니다.",20260313001064,사업보고서 (2025.12),III. 재무에 관한 사항 > 3. 연결재무제표 주석 > 4. 재무위험관리 > 4.1. 위험관리개요 > (4) 이사회(리스크관리위원회) 및 위험관리조직의 구조와 기능,60,원문XML 2026-10-01T10:10:23+09:00 · 뷰어PDF 2026-10-01T10:25:04+09:00,other: 자체 리스크관리위원회(사외이사 4인 포함 5인) 유지. 주석은 IV-6-라가 참조하라고 가리킨 곳이라 범위에 넣음(판단). / 다른 본 대조(판정 없음): 20260331003209: 같은 문구 있음,handoff/원문텍스트_9차/보험자회사_지주연계/20260313001064.md
KB손해보험,KB금융지주,FY2025,other,리스크관리위원회가 결정한 리스크관리전략의 실행을 위해 정책의 수립 및 집행기구로서 리스크관리협의회를 설치하여 운영하고 있습니다.,20260313001064,사업보고서 (2025.12),III. 재무에 관한 사항 > 3. 연결재무제표 주석 > 4. 재무위험관리 > 4.1. 위험관리개요 > (4) 이사회(리스크관리위원회) 및 위험관리조직의 구조와 기능,61,원문XML 2026-10-01T10:10:23+09:00 · 뷰어PDF 2026-10-01T10:25:04+09:00,other: 위원회 아래 자체 리스크관리협의회 운영. / 다른 본 대조(판정 없음): 20260331003209: 같은 문구 있음,handoff/원문텍스트_9차/보험자회사_지주연계/20260313001064.md
KB손해보험,KB금융지주,FY2025,cro,김민수 여 1974년 06월 상무 미등기 상근 리스크관리본부장 - 고려대 대학원 통계학 - 당사 보험리스크파트장 - - - 2024.01.01~ 2025.12.31,20260313001064,사업보고서 (2025.12),VIII. 임원 및 직원 등에 관한 사항 > 1. 임원 및 직원 등의 현황 > 가. 임원 현황,418,원문XML 2026-10-01T10:10:23+09:00 · 뷰어PDF 2026-10-01T10:25:04+09:00,"cro: 임원 표(2025.12.31)에 CRO·위험관리책임자 표기 없음 — 리스크관리본부장(김민수 상무) 행을 리스크 담당 임원으로 인용(판단). 담당·경력에 지주 직함 없음. 겸직 표(p.421)의 KB금융지주 겸직자는 나상록(기타비상무이사, 지주 재무기획부 상무) 1명 → CRO 의 지주 겸직 없음. / 다른 본 대조(판정 없음): 20260331003209: 같은 문구 있음",handoff/원문텍스트_9차/보험자회사_지주연계/20260313001064.md
KB라이프생명,KB금융지주,FY2025,limit,"(단, 기타리스크는 KB금융지주에서 각 계열사에 할당한 리스크량을 사용합니다.)",20260313001119,사업보고서 (2025.12),III. 재무에 관한 사항 > 3. 연결재무제표 주석 > 4. 재무위험관리 > (2) 자본적정성 평가 > 2) 자체 위험 및 지급여력 평가체제(ORSA),64,원문XML 2026-10-01T10:11:41+09:00 · 뷰어PDF 2026-10-01T10:27:28+09:00,범위: IV-6-다-(2) 위험관리정책에 관한 사항(p.387)은 'III-3 연결재무제표 주석 [4.재무위험 관리]'를 참고하라는 문장뿐 → 가리킨 주석 4(p.60~98)에서 인용(판단). 어휘 '지주|그룹|KB금융|계열|모회사|대주주'. limit: ORSA 내부 요구자본 측정 때 기타리스크(같은 쪽 앞 문장: 평판·전략·신용편중·유동성)는 KB금융지주가 계열사별로 할당한 리스크량을 씀 = 지주의 리스크량 배분(limit 으로 분류는 판단). policy·reporting·committee 서술 없음. 범위 밖 참고(인용 안 함): VI 리스크관리위원회 활동(p.397)에 '그룹 위기상황선포에 따른 당사 영향 점검'·'그룹 통합위기상황분석 결과' 보고 안건. / 다른 본 대조(판정 없음): 20260331003664: 같은 문구 있음,handoff/원문텍스트_9차/보험자회사_지주연계/20260313001119.md
KB라이프생명,KB금융지주,FY2025,other,"- 리스크관리 위원회 : 리스크관리 위원회는 이사회로부터 위임 받은 권한과 책임으로 관련 법령 내에서 각각의 위험 관련된 원칙과 방침을 집행하고, 주요한 의사 결정을 내리며 시행을 감독하고 있습니다.",20260313001119,사업보고서 (2025.12),III. 재무에 관한 사항 > 3. 연결재무제표 주석 > 4. 재무위험관리 > (1) 리스크관리 체계 > 3) 리스크관리 조직 및 방침,60,원문XML 2026-10-01T10:11:41+09:00 · 뷰어PDF 2026-10-01T10:27:28+09:00,other: 이사회 위임을 받은 자체 리스크관리위원회 유지. / 다른 본 대조(판정 없음): 20260331003664: 같은 문구 있음,handoff/원문텍스트_9차/보험자회사_지주연계/20260313001119.md
KB라이프생명,KB금융지주,FY2025,other,"- 리스크관리협의회 : 리스크관리협의회는 리스크관리위원회로부터 위임받은 사항 등에 대해 심의/의결하고, 전사적인 리스크관리 체계의 효율적 운영, 유지, 개선을 총괄하며 세부 리스크관리 지표의 모니터링을 위한 계획의 수립, 실행 및 평가하는 역할을 수행합니다.",20260313001119,사업보고서 (2025.12),III. 재무에 관한 사항 > 3. 연결재무제표 주석 > 4. 재무위험관리 > (1) 리스크관리 체계 > 3) 리스크관리 조직 및 방침,60,원문XML 2026-10-01T10:11:41+09:00 · 뷰어PDF 2026-10-01T10:27:28+09:00,other: 위원회 아래 자체 리스크관리협의회 운영. / 다른 본 대조(판정 없음): 20260331003664: 같은 문구 있음,handoff/원문텍스트_9차/보험자회사_지주연계/20260313001119.md
KB라이프생명,KB금융지주,FY2025,cro,최진호 남 1974.02 전무 집행임원 상근 계리/리스크관리본부장 - 고려대 통계학 - 푸르덴셜생명 상품본부장 상무 - - 해당없음 2016.10.10~현재 2026.12.31,20260313001119,사업보고서 (2025.12),VIII. 임원 및 직원 등에 관한 사항 > 1. 임원 및 직원 등의 현황 > 가. 임원 현황,413,원문XML 2026-10-01T10:11:41+09:00 · 뷰어PDF 2026-10-01T10:27:28+09:00,"cro: 임원 표(2025.12.31, p.412~413)에 CRO 표기 없음 — '계리/리스크관리본부장'(최진호 전무) 행을 인용(판단; 주석 p.60 은 리스크관리파트를 '최고 리스크 관리자'가 운영한다고만 함). 지주 직함 없음, 최대주주와의 관계 '해당없음'. 겸직 표(p.415)의 KB금융지주 겸직자는 권봉중(기타비상무이사, 지주 전무)뿐 → CRO 의 지주 겸직 없음. / 다른 본 대조(판정 없음): 20260331003664: 같은 문구 있음",handoff/원문텍스트_9차/보험자회사_지주연계/20260313001119.md
신한라이프생명,신한금융지주,FY2025,policy,"그룹 내부 신용위험자본 산출 방법론에 따라 RC(Risk Component)를 투입하여 산출하며, 위험액 산출식은 다음과 같습니다.",20260318001034,사업보고서 (2025.12),III. 재무에 관한 사항 > 3. 연결재무제표 주석 > 5. 금융위험관리 > (2) 신용위험 > 3) 위험관리,95,원문XML 2026-10-01T10:13:14+09:00 · 뷰어PDF 2026-10-01T10:29:43+09:00,범위: IV-6-마 위험관리정책에 관한 사항(p.562)은 'III-3 연결재무제표 주석 - 5. 금융위험관리' 참고 문장뿐 → 주석 5(p.92~115)에서 인용(판단). 어휘 '지주|그룹|신한금융|계열|모회사|대주주'. policy: 신용위험액을 '그룹 내부 신용위험자본 산출 방법론'으로 산출. '그룹'이 신한금융그룹이라고 적혀 있지 않음(이 회사는 사내 조직도 '○○그룹'이라 부름) — 지주 그룹 방법론 적용으로 읽은 것은 판단. limit·reporting·committee 서술 없음. / 다른 본 대조(판정 없음): 20260331004136: 같은 문구 있음,handoff/원문텍스트_9차/보험자회사_지주연계/20260318001034.md
신한라이프생명,신한금융지주,FY2025,other,"위험관리에 대한 기본정책 및 전략은 이사회 내의 위험관리위원회에서 수립됩니다. 위험관리책임자(CRO)는 위험관리위원회를 보좌하고 리스크관리운영위원회, 투자심사위원회 및 위험관리전담조직을 통하여 세부 위험정책 및 전략을 수립하고 시행합니다.",20260318001034,사업보고서 (2025.12),III. 재무에 관한 사항 > 3. 연결재무제표 주석 > 5. 금융위험관리 > (1) 위험관리 목적 및 개요 > 2) 위험관리 조직,93,원문XML 2026-10-01T10:13:14+09:00 · 뷰어PDF 2026-10-01T10:29:43+09:00,"other: 자체 이사회 내 위험관리위원회가 기본정책·전략 수립, CRO 가 보좌하며 리스크관리운영위원회·투자심사위원회 운영(지주 언급 없음). / 다른 본 대조(판정 없음): 20260331004136: 같은 문구 있음",handoff/원문텍스트_9차/보험자회사_지주연계/20260318001034.md
신한라이프생명,신한금융지주,FY2025,other,위험관리위원회는 위험관련 최고 의사결정기구로서 사외이사를 위원장으로 하여 정기적으로 운영되고 있습니다.,20260318001034,사업보고서 (2025.12),III. 재무에 관한 사항 > 3. 연결재무제표 주석 > 5. 금융위험관리 > (1) 위험관리 목적 및 개요 > 2) 위험관리 조직,93,원문XML 2026-10-01T10:13:14+09:00 · 뷰어PDF 2026-10-01T10:29:43+09:00,"other: 자체 위험관리위원회 = 위험 관련 최고 의사결정기구, 사외이사 위원장. / 다른 본 대조(판정 없음): 20260331004136: 같은 문구 있음",handoff/원문텍스트_9차/보험자회사_지주연계/20260318001034.md
신한라이프생명,신한금융지주,FY2025,cro,정지영 남 1975.09 상무 미등기 상근 리스크관리그룹 총괄 ㆍ성균관대 통계학 졸 ㆍ신한생명 재무팀장 ㆍ신한라이프 재무팀장 ㆍ신한라이프 심사지원본부장 ㆍ現 신한라이프 리스크관리그룹장(상무) - - - 2023.01.01 ~ 현재 2025.12.31,20260318001034,사업보고서 (2025.12),VIII. 임원 및 직원 등에 관한 사항 > 1. 임원 및 직원 등의 현황 > 가. 임원 현황,605,원문XML 2026-10-01T10:13:14+09:00 · 뷰어PDF 2026-10-01T10:29:43+09:00,"cro: 임원 표(2025.12.31)에 CRO 표기 없음 — '리스크관리그룹 총괄'(정지영 상무) 행을 인용(판단). 담당·경력에 지주 직함 없음. VIII 에 겸직 표 없음(계열회사간 겸직 표는 IX p.624, 범위 밖). 범위 밖 참고(인용 안 함): 같은 임원 표 p.604 에 신한금융지주 그룹재무부문 부사장 천상영(비상임이사)이 위험관리위원회 위원. / 다른 본 대조(판정 없음): 20260331004136: 같은 문구 있음",handoff/원문텍스트_9차/보험자회사_지주연계/20260318001034.md
하나생명,하나금융지주,FY2025,,문서에 없음,,,,,,"사업보고서 제출 없음 (OpenDART 목록 정기공시 2026-01-01~09-30). DART_목록.csv C_보험자회사 하나생명(00187123) 행 note '목록(정기공시 20260101~20260930)에 해당 보고서 없음', raw/list/00187123_20260101_20260930_p001.json status 013(조회된 데이타가 없습니다).",
메리츠화재,메리츠금융지주,FY2025,other,"또한 보험업 감독규정 제7-8조(파생금융거래에 관한 기록 유지 등)에 의거하여 리스크관리위원회에서 매년 회사의 자산부채관리방침, 위험감내능력 등을 종합적으로 고려하여 파생금융거래전략을 승인하고 있으며, 파생금융거래전략에는 파생금융거래의 목적, 위험의 종류, 위험측정, 관리 방법, 거래한도, 거래 실행부서 및 사후관리부서의 역할과 책임 등을 포함하고 있습니다.",20260331003916,사업보고서 (2025.12),IV. 이사의 경영진단 및 분석의견 > 6. 그 밖에 투자의사결정에 필요한 사항 > 4. 파생상품 및 위험관리정책에 관한 사항,339,원문XML 2026-10-01T10:14:23+09:00 · 뷰어PDF 2026-10-01T10:31:10+09:00,"범위: IV-6-4 파생상품 및 위험관리정책에 관한 사항(p.338~339) — 주석 참조 문장 없음, II 에는 위험관리 절 없음. 어휘 '지주|그룹|메리츠금융|계열|모회사|대주주'로 찾았으나 policy·limit·reporting·committee 서술 없음(참고로 연결 주석 27 재무위험관리 p.151~ 에도 같은 어휘 없음). other: 자체 리스크관리위원회가 매년 파생금융거래전략 승인 → 자체 위원회 유지. / 다른 본 대조(판정 없음): 20260401000273 [첨부정정]사업보고서 (2025.12): 본문 없는 정정(첨부만) — 대조 불가; 20260401000251 [첨부정정]사업보고서 (2025.12): 본문 없는 정정(첨부만) — 대조 불가",handoff/원문텍스트_9차/보험자회사_지주연계/20260331003916.md
메리츠화재,메리츠금융지주,FY2025,cro,오종원 남 1975년 03월 부사장 미등기 상근 위험관리책임자 겸 리스크관리팀장 KAIST 경영공학 석사 메리츠증권 Solution담당 상무보 메리츠화재 위험관리책임자 겸 리스크관리팀장 상무 메리츠화재 위험관리책임자 겸 리스크관리팀장 전무 現 메리츠금융지주 위험관리책임자 겸 CRO 부사장 - - - 2021.01.01~ 2026.12.31,20260331003916,사업보고서 (2025.12),VIII. 임원 및 직원 등에 관한 사항 > 1. 임원 및 직원 등의 현황 > 1.임원 현황,367,원문XML 2026-10-01T10:14:23+09:00 · 뷰어PDF 2026-10-01T10:31:10+09:00,cro: 메리츠화재 위험관리책임자 겸 리스크관리팀장 오종원 부사장이 '現 메리츠금융지주 위험관리책임자 겸 CRO' — 자회사 CRO 가 지주 CRO 를 겸직. 범위 밖 확인(인용 안 함): IX 계열회사 임원 겸직 현황(p.384) '메리츠금융지주 위험관리책임자/CRO 상근(미등기임원)'. / 다른 본 대조(판정 없음): 20260401000273 [첨부정정]사업보고서 (2025.12): 본문 없는 정정(첨부만) — 대조 불가; 20260401000251 [첨부정정]사업보고서 (2025.12): 본문 없는 정정(첨부만) — 대조 불가,handoff/원문텍스트_9차/보험자회사_지주연계/20260331003916.md
동양생명,우리금융지주,FY2025,other,○ 리스크관리전담조직은 위원회에서 정한 정책과 전략에 따라 리스크관리계획을 수립,20260313001227,사업보고서 (2025.12),IV. 이사의 경영진단 및 분석의견 > 6. 그 밖에 투자의사결정에 필요한 사항 > 라. 파생상품 및 위험관리정책에 관한 사항 > (2) 위험관리 정책에 관한 사항 > (나) 리스크관리 체계,494,원문XML 2026-10-01T10:16:57+09:00 · 뷰어PDF 2026-10-01T10:33:02+09:00,범위: IV-6-라-(2) 위험관리 정책에 관한 사항(p.494~495) — 주석 참조 없음. 어휘 '지주|그룹|우리금융|계열|모회사|대주주'로 찾았으나 policy·limit·reporting·committee 서술 없음(2025.7.1 우리금융지주 자회사 편입). other: '위원회'가 정한 정책·전략에 따라 계획 수립 — 위원회 이름은 원문에 없음; VIII 임원 표(p.532~533)에 '위험관리위원회위원장'(최원석 사외이사)이 있어 자체 위험관리위원회로 읽음(판단). 범위 밖 참고(인용 안 함): VI 이사회내 위원회 활동(p.511) '그룹 리스크관리체계 통합 컨설팅 시행 보고'. / 다른 본 대조(판정 없음): 20260331004234: 같은 문구 있음,handoff/원문텍스트_9차/보험자회사_지주연계/20260313001227.md
동양생명,우리금융지주,FY2025,other,○ 리스크관리전담조직은 각 담당부서의 관리현황을 통보받아 통합리스크를 정기적으로 점검하고 그 결과를 대표이사 및 위원회에 보고,20260313001227,사업보고서 (2025.12),IV. 이사의 경영진단 및 분석의견 > 6. 그 밖에 투자의사결정에 필요한 사항 > 라. 파생상품 및 위험관리정책에 관한 사항 > (2) 위험관리 정책에 관한 사항 > (나) 리스크관리 체계,494,원문XML 2026-10-01T10:16:57+09:00 · 뷰어PDF 2026-10-01T10:33:02+09:00,"other: 통합리스크 점검 결과를 대표이사·'위원회'에 보고(위원회 해석은 위 행과 같음, 지주 보고 언급 없음). / 다른 본 대조(판정 없음): 20260331004234: 같은 문구 있음",handoff/원문텍스트_9차/보험자회사_지주연계/20260313001227.md
동양생명,우리금융지주,FY2025,cro,문일 남 1979.02 상무보 미등기 상근 CRO - 성균관대 경제학 학사 -동양생명 리스크관리 수석 -동양생명 리스크관리 부장 -동양생명 리스크관리 팀장 - - - 3년 5개월 -,20260313001227,사업보고서 (2025.12),VIII. 임원 및 직원 등에 관한 사항 > 1. 임원 및 직원 등의 현황 > 가. 임원 현황 > (1) 임원 현황,533,원문XML 2026-10-01T10:16:57+09:00 · 뷰어PDF 2026-10-01T10:33:02+09:00,"cro: 담당업무 'CRO' 문일 상무보 — 경력 모두 동양생명, 지주 직함 없음. 겸직 표(p.536 '다. 타회사 임원겸직 현황')의 지주 겸직자는 이정수(기타비상무이사, 우리금융지주 부사장)뿐 → CRO 의 지주 겸직 없음. / 다른 본 대조(판정 없음): 20260331004234: 같은 문구 있음",handoff/원문텍스트_9차/보험자회사_지주연계/20260313001227.md
ABL생명,우리금융지주,FY2025,other,"당사의 위험관리기능을 수행하는 조직은 위험관리위원회, 위험관리협의회이며, 위험관리수행조직은 전사위험관리자 및 부문별위험관리자로 구성되어 있습니다.",20260331003080,사업보고서 (2025.12),II. 사업의 내용 > 5. 재무건전성 등 기타 참고사항 > 가. 재무건전성 관련 지표 > (5) 위험관리에 관한 사항 > (나) 위험관리기능의 구조와 조직,23,원문XML 2026-10-01T10:17:45+09:00 · 뷰어PDF 2026-10-01T10:34:36+09:00,"범위: II-5-가-(5) 위험관리에 관한 사항(p.23~24) + IV-6-나-(2) 위험관리정책에 관한 사항(p.446~447). 어휘 '지주|그룹|우리금융|계열|모회사|대주주'로 찾았으나 policy·limit·reporting·committee 서술 없음(연결 주석 4 위험관리 p.82~110 에도 없음). other: 자체 위험관리위원회·위험관리협의회 유지. 범위 밖 참고(인용 안 함): VI 위원회 활동(p.458) '지주 편입에 따른 위험관리 관련 규정 폐지 및 개정 승인 요청', 이사회(p.455) '그룹 기후리스크 관리체계 구축 컨설팅 비용 분담'. / 다른 본 대조(판정 없음): 20260406003191 [첨부정정]사업보고서 (2025.12): 본문 없는 정정(첨부만) — 대조 불가",handoff/원문텍스트_9차/보험자회사_지주연계/20260331003080.md
ABL생명,우리금융지주,FY2025,other,"위험관리위원회는 이사회의 위임을 받아 사외이사 3명으로 구성되어 있으며, 경영전략과 부합하는 위험관리 방침, 위험에 기초한 주요 경영전략, 위험한 정도 등의 중요한 의사결정을 담당하고 있습니다.",20260331003080,사업보고서 (2025.12),II. 사업의 내용 > 5. 재무건전성 등 기타 참고사항 > 가. 재무건전성 관련 지표 > (5) 위험관리에 관한 사항 > (나) 위험관리기능의 구조와 조직 > 1) 위험관리위원회,23,원문XML 2026-10-01T10:17:45+09:00 · 뷰어PDF 2026-10-01T10:34:36+09:00,"other: 자체 위험관리위원회(이사회 위임, 사외이사 3명). / 다른 본 대조(판정 없음): 20260406003191 [첨부정정]사업보고서 (2025.12): 본문 없는 정정(첨부만) — 대조 불가",handoff/원문텍스트_9차/보험자회사_지주연계/20260331003080.md
ABL생명,우리금융지주,FY2025,other,- 회사는 보다 실질적이고 효과적인 위험관리를 위하여 위험관리위원회 산하에 위험관리협의회 및 모델위원회를 실무위원회로 운영하고 있습니다.,20260331003080,사업보고서 (2025.12),IV. 이사의 경영진단 및 분석의견 > 6. 그 밖에 투자의사결정에 필요한 사항 > 나. 파생상품 및 위험관리정책에 관한 사항 > (2) 위험관리정책에 관한 사항 > 4) 이사회(위험관리위원회) 및 위험관리조직의 구조와 기능,447,원문XML 2026-10-01T10:17:45+09:00 · 뷰어PDF 2026-10-01T10:34:36+09:00,other: 위원회 아래 위험관리협의회·모델위원회를 실무위원회로 운영. / 다른 본 대조(판정 없음): 20260406003191 [첨부정정]사업보고서 (2025.12): 본문 없는 정정(첨부만) — 대조 불가,handoff/원문텍스트_9차/보험자회사_지주연계/20260331003080.md
ABL생명,우리금융지주,FY2025,cro,정종국 남 1970년 07월 부사장 미등기 상근 위험관리책임자 리스크본부장 한양대학교 경영전문대학 경영학 석사 KB생명 CRO ING생명 ABL생명보험(2014~) - - - 2014.06.16 ~현재 2026년 11월 24일,20260331003080,사업보고서 (2025.12),VIII. 임원 및 직원 등에 관한 사항 > 1. 임원 및 직원 등의 현황 > 가. 임원의 현황,476,원문XML 2026-10-01T10:17:45+09:00 · 뷰어PDF 2026-10-01T10:34:36+09:00,"cro: 위험관리책임자 겸 리스크본부장 정종국 부사장 — 경력 'KB생명 CRO'는 이전 직장(우리금융과 무관), 우리금융지주 직함 없음 → 지주 겸직 없음. VIII 에 겸직 표 없음(IX p.482 겸직 표엔 지성원→에이비에이금융서비스 1건, 범위 밖). / 다른 본 대조(판정 없음): 20260406003191 [첨부정정]사업보고서 (2025.12): 본문 없는 정정(첨부만) — 대조 불가",handoff/원문텍스트_9차/보험자회사_지주연계/20260331003080.md
