번호,제목,등록일,조회,첨부,url,규정목록_일치,collected_at,note
58,자금용도외 유용 사후점검준칙 제정 공고,2026-06-26,146,첨부파일,https://www.knia.or.kr/data/regulation/regulation06/content?index=88733,자금용도외 유용 사후점검준칙,2026-10-01T17:16:50+09:00,"1쪽 1행 · 대조 이름 「자금용도외 유용 사후점검준칙」(제목의 「」(또는 ？？) 안 글, 없으면 끝의 「제정/개정 (공고)」를 뗀 것 — 공백만 빼고 글자 그대로 비교, 가운뎃점·띄어쓰기 외 표기 차이는 다른 이름으로 봄) · 자율규제 변경공고 사이트 표시 총 58건 vs 수집 58행 (쪽 6)"
57,손해보험 모집관리업무지침 개정 공고,2026-05-22,125,첨부파일,https://www.knia.or.kr/data/regulation/regulation06/content?index=88713,규정목록에 같은 이름 없음,2026-10-01T17:16:50+09:00,"1쪽 2행 · 대조 이름 「손해보험 모집관리업무지침」(제목의 「」(또는 ？？) 안 글, 없으면 끝의 「제정/개정 (공고)」를 뗀 것 — 공백만 빼고 글자 그대로 비교, 가운뎃점·띄어쓰기 외 표기 차이는 다른 이름으로 봄) · 자율규제 변경공고 사이트 표시 총 58건 vs 수집 58행 (쪽 6)"
56,대출금리 체계의 합리적 제고를 위한 모범규준 개정 공고,2026-02-23,153,첨부파일,https://www.knia.or.kr/data/regulation/regulation06/content?index=88681,규정목록에 같은 이름 없음,2026-10-01T17:16:50+09:00,"1쪽 3행 · 대조 이름 「대출금리 체계의 합리적 제고를 위한 모범규준」(제목의 「」(또는 ？？) 안 글, 없으면 끝의 「제정/개정 (공고)」를 뗀 것 — 공백만 빼고 글자 그대로 비교, 가운뎃점·띄어쓰기 외 표기 차이는 다른 이름으로 봄) · 자율규제 변경공고 사이트 표시 총 58건 vs 수집 58행 (쪽 6)"
55,보험회사 해피콜 가이드라인 개정 공고,2026-01-09,208,첨부파일,https://www.knia.or.kr/data/regulation/regulation06/content?index=88670,보험회사 해피콜 가이드라인,2026-10-01T17:16:50+09:00,"1쪽 4행 · 대조 이름 「보험회사 해피콜 가이드라인」(제목의 「」(또는 ？？) 안 글, 없으면 끝의 「제정/개정 (공고)」를 뗀 것 — 공백만 빼고 글자 그대로 비교, 가운뎃점·띄어쓰기 외 표기 차이는 다른 이름으로 봄) · 자율규제 변경공고 사이트 표시 총 58건 vs 수집 58행 (쪽 6)"
54,보험회사의 제3자 리스크관리 가이드라인 제정 공고,2025-09-18,455,첨부파일,https://www.knia.or.kr/data/regulation/regulation06/content?index=88638,보험회사의 제3자 리스크관리 가이드라인,2026-10-01T17:16:50+09:00,"1쪽 5행 · 대조 이름 「보험회사의 제3자 리스크관리 가이드라인」(제목의 「」(또는 ？？) 안 글, 없으면 끝의 「제정/개정 (공고)」를 뗀 것 — 공백만 빼고 글자 그대로 비교, 가운뎃점·띄어쓰기 외 표기 차이는 다른 이름으로 봄) · 자율규제 변경공고 사이트 표시 총 58건 vs 수집 58행 (쪽 6)"
53,손해보험 신상품 개발이익 보호에 관한 협정 개정 공고,2025-07-25,289,첨부파일,https://www.knia.or.kr/data/regulation/regulation06/content?index=88622,손해보험 신상품 개발이익 보호에 관한 협정,2026-10-01T17:16:50+09:00,"1쪽 6행 · 대조 이름 「손해보험 신상품 개발이익 보호에 관한 협정」(제목의 「」(또는 ？？) 안 글, 없으면 끝의 「제정/개정 (공고)」를 뗀 것 — 공백만 빼고 글자 그대로 비교, 가운뎃점·띄어쓰기 외 표기 차이는 다른 이름으로 봄) · 자율규제 변경공고 사이트 표시 총 58건 vs 수집 58행 (쪽 6)"
52,대출금리 체계의 합리성 제고를 위한 모범규준 개정 공고,2025-05-20,355,첨부파일,https://www.knia.or.kr/data/regulation/regulation06/content?index=88598,대출금리 체계의 합리성 제고를 위한 모범규준,2026-10-01T17:16:50+09:00,"1쪽 7행 · 대조 이름 「대출금리 체계의 합리성 제고를 위한 모범규준」(제목의 「」(또는 ？？) 안 글, 없으면 끝의 「제정/개정 (공고)」를 뗀 것 — 공백만 빼고 글자 그대로 비교, 가운뎃점·띄어쓰기 외 표기 차이는 다른 이름으로 봄) · 자율규제 변경공고 사이트 표시 총 58건 vs 수집 58행 (쪽 6)"
51,보험회사 대체투자 리스크관리 모범규준 개정 공고,2025-04-28,899,첨부파일,https://www.knia.or.kr/data/regulation/regulation06/content?index=88593,보험회사 대체투자 리스크관리 모범규준,2026-10-01T17:16:50+09:00,"1쪽 8행 · 대조 이름 「보험회사 대체투자 리스크관리 모범규준」(제목의 「」(또는 ？？) 안 글, 없으면 끝의 「제정/개정 (공고)」를 뗀 것 — 공백만 빼고 글자 그대로 비교, 가운뎃점·띄어쓰기 외 표기 차이는 다른 이름으로 봄) · 자율규제 변경공고 사이트 표시 총 58건 vs 수집 58행 (쪽 6)"
50,책임준공확약 PF대출 관련 업무처리 모범규준 제정 공고,2025-04-07,766,첨부파일,https://www.knia.or.kr/data/regulation/regulation06/content?index=88579,책임준공확약 PF대출 관련 업무처리 모범규준,2026-10-01T17:16:50+09:00,"1쪽 9행 · 대조 이름 「책임준공확약 PF대출 관련 업무처리 모범규준」(제목의 「」(또는 ？？) 안 글, 없으면 끝의 「제정/개정 (공고)」를 뗀 것 — 공백만 빼고 글자 그대로 비교, 가운뎃점·띄어쓰기 외 표기 차이는 다른 이름으로 봄) · 자율규제 변경공고 사이트 표시 총 58건 vs 수집 58행 (쪽 6)"
49,손해보험 모집관리업무지침 개정 공고,2025-02-14,462,첨부파일,https://www.knia.or.kr/data/regulation/regulation06/content?index=88565,규정목록에 같은 이름 없음,2026-10-01T17:16:50+09:00,"1쪽 10행 · 대조 이름 「손해보험 모집관리업무지침」(제목의 「」(또는 ？？) 안 글, 없으면 끝의 「제정/개정 (공고)」를 뗀 것 — 공백만 빼고 글자 그대로 비교, 가운뎃점·띄어쓰기 외 표기 차이는 다른 이름으로 봄) · 자율규제 변경공고 사이트 표시 총 58건 vs 수집 58행 (쪽 6)"
48,보험권 표준내부통제기준 제정 공고,2025-02-14,533,첨부파일,https://www.knia.or.kr/data/regulation/regulation06/content?index=88563,보험권 표준내부통제기준,2026-10-01T17:16:53+09:00,"2쪽 1행 · 대조 이름 「보험권 표준내부통제기준」(제목의 「」(또는 ？？) 안 글, 없으면 끝의 「제정/개정 (공고)」를 뗀 것 — 공백만 빼고 글자 그대로 비교, 가운뎃점·띄어쓰기 외 표기 차이는 다른 이름으로 봄) · 자율규제 변경공고 사이트 표시 총 58건 vs 수집 58행 (쪽 6)"
47,보험회사 금융사고 예방지침 개정 공고,2024-11-13,653,첨부파일,https://www.knia.or.kr/data/regulation/regulation06/content?index=88524,보험회사 금융사고 예방지침,2026-10-01T17:16:53+09:00,"2쪽 2행 · 대조 이름 「보험회사 금융사고 예방지침」(제목의 「」(또는 ？？) 안 글, 없으면 끝의 「제정/개정 (공고)」를 뗀 것 — 공백만 빼고 글자 그대로 비교, 가운뎃점·띄어쓰기 외 표기 차이는 다른 이름으로 봄) · 자율규제 변경공고 사이트 표시 총 58건 vs 수집 58행 (쪽 6)"
46,보험회사 해피콜 가이드라인 제정 공고,2024-09-30,550,첨부파일,https://www.knia.or.kr/data/regulation/regulation06/content?index=88516,보험회사 해피콜 가이드라인,2026-10-01T17:16:53+09:00,"2쪽 3행 · 대조 이름 「보험회사 해피콜 가이드라인」(제목의 「」(또는 ？？) 안 글, 없으면 끝의 「제정/개정 (공고)」를 뗀 것 — 공백만 빼고 글자 그대로 비교, 가운뎃점·띄어쓰기 외 표기 차이는 다른 이름으로 봄) · 자율규제 변경공고 사이트 표시 총 58건 vs 수집 58행 (쪽 6)"
45,보험회사 금융사고 예방지침 제정 공고,2024-08-16,851,첨부파일,https://www.knia.or.kr/data/regulation/regulation06/content?index=88500,보험회사 금융사고 예방지침,2026-10-01T17:16:53+09:00,"2쪽 4행 · 대조 이름 「보험회사 금융사고 예방지침」(제목의 「」(또는 ？？) 안 글, 없으면 끝의 「제정/개정 (공고)」를 뗀 것 — 공백만 빼고 글자 그대로 비교, 가운뎃점·띄어쓰기 외 표기 차이는 다른 이름으로 봄) · 자율규제 변경공고 사이트 표시 총 58건 vs 수집 58행 (쪽 6)"
44,손해사정 업무위탁 및 손해사정사 선임 등에 관한 모범규준 개정 공고,2024-08-07,"1,005",첨부파일,https://www.knia.or.kr/data/regulation/regulation06/content?index=88497,손해사정 업무위탁 및 손해사정사 선임 등에 관한 모범규준,2026-10-01T17:16:53+09:00,"2쪽 5행 · 대조 이름 「손해사정 업무위탁 및 손해사정사 선임 등에 관한 모범규준」(제목의 「」(또는 ？？) 안 글, 없으면 끝의 「제정/개정 (공고)」를 뗀 것 — 공백만 빼고 글자 그대로 비교, 가운뎃점·띄어쓰기 외 표기 차이는 다른 이름으로 봄) · 자율규제 변경공고 사이트 표시 총 58건 vs 수집 58행 (쪽 6)"
43,보험회사 대체투자 리스크관리 모범규준 개정 공고,2024-07-22,457,첨부파일,https://www.knia.or.kr/data/regulation/regulation06/content?index=88489,보험회사 대체투자 리스크관리 모범규준,2026-10-01T17:16:53+09:00,"2쪽 6행 · 대조 이름 「보험회사 대체투자 리스크관리 모범규준」(제목의 「」(또는 ？？) 안 글, 없으면 끝의 「제정/개정 (공고)」를 뗀 것 — 공백만 빼고 글자 그대로 비교, 가운뎃점·띄어쓰기 외 표기 차이는 다른 이름으로 봄) · 자율규제 변경공고 사이트 표시 총 58건 vs 수집 58행 (쪽 6)"
42,고령금융소비자보호 가이드라인 개정 공고,2024-04-30,601,첨부파일,https://www.knia.or.kr/data/regulation/regulation06/content?index=88471,고령금융소비자보호 가이드라인,2026-10-01T17:16:53+09:00,"2쪽 7행 · 대조 이름 「고령금융소비자보호 가이드라인」(제목의 「」(또는 ？？) 안 글, 없으면 끝의 「제정/개정 (공고)」를 뗀 것 — 공백만 빼고 글자 그대로 비교, 가운뎃점·띄어쓰기 외 표기 차이는 다른 이름으로 봄) · 자율규제 변경공고 사이트 표시 총 58건 vs 수집 58행 (쪽 6)"
41,화해계약 가이드라인 제정 공고,2024-04-22,390,첨부파일,https://www.knia.or.kr/data/regulation/regulation06/content?index=88469,화해계약 가이드라인,2026-10-01T17:16:53+09:00,"2쪽 8행 · 대조 이름 「화해계약 가이드라인」(제목의 「」(또는 ？？) 안 글, 없으면 끝의 「제정/개정 (공고)」를 뗀 것 — 공백만 빼고 글자 그대로 비교, 가운뎃점·띄어쓰기 외 표기 차이는 다른 이름으로 봄) · 자율규제 변경공고 사이트 표시 총 58건 vs 수집 58행 (쪽 6)"
40,손해사정 업무위탁 및 손해사정사 선임 등에 관한 모범규준 개정 공고,2024-02-01,571,첨부파일,https://www.knia.or.kr/data/regulation/regulation06/content?index=88446,손해사정 업무위탁 및 손해사정사 선임 등에 관한 모범규준,2026-10-01T17:16:53+09:00,"2쪽 9행 · 대조 이름 「손해사정 업무위탁 및 손해사정사 선임 등에 관한 모범규준」(제목의 「」(또는 ？？) 안 글, 없으면 끝의 「제정/개정 (공고)」를 뗀 것 — 공백만 빼고 글자 그대로 비교, 가운뎃점·띄어쓰기 외 표기 차이는 다른 이름으로 봄) · 자율규제 변경공고 사이트 표시 총 58건 vs 수집 58행 (쪽 6)"
39,방문판매 모범규준 개정 공고,2023-11-14,467,첨부파일,https://www.knia.or.kr/data/regulation/regulation06/content?index=88416,방문판매 모범규준,2026-10-01T17:16:53+09:00,"2쪽 10행 · 대조 이름 「방문판매 모범규준」(제목의 「」(또는 ？？) 안 글, 없으면 끝의 「제정/개정 (공고)」를 뗀 것 — 공백만 빼고 글자 그대로 비교, 가운뎃점·띄어쓰기 외 표기 차이는 다른 이름으로 봄) · 자율규제 변경공고 사이트 표시 총 58건 vs 수집 58행 (쪽 6)"
38,중복·과다 보험가입 방지 인수심사 가이드라인 제정 공고,2023-07-25,666,첨부파일,https://www.knia.or.kr/data/regulation/regulation06/content?index=88395,중복·과다 보험가입 방지 인수심사 가이드라인,2026-10-01T17:16:56+09:00,"3쪽 1행 · 대조 이름 「중복·과다 보험가입 방지 인수심사 가이드라인」(제목의 「」(또는 ？？) 안 글, 없으면 끝의 「제정/개정 (공고)」를 뗀 것 — 공백만 빼고 글자 그대로 비교, 가운뎃점·띄어쓰기 외 표기 차이는 다른 이름으로 봄) · 자율규제 변경공고 사이트 표시 총 58건 vs 수집 58행 (쪽 6)"
37,손해보험 모집관리업무지침 개정 공고,2023-07-03,483,첨부파일,https://www.knia.or.kr/data/regulation/regulation06/content?index=88390,규정목록에 같은 이름 없음,2026-10-01T17:16:56+09:00,"3쪽 2행 · 대조 이름 「손해보험 모집관리업무지침」(제목의 「」(또는 ？？) 안 글, 없으면 끝의 「제정/개정 (공고)」를 뗀 것 — 공백만 빼고 글자 그대로 비교, 가운뎃점·띄어쓰기 외 표기 차이는 다른 이름으로 봄) · 자율규제 변경공고 사이트 표시 총 58건 vs 수집 58행 (쪽 6)"
36,화상통화 보험모집 업무 프로세스 모범규준 제정 공고,2023-07-03,526,첨부파일,https://www.knia.or.kr/data/regulation/regulation06/content?index=88389,화상통화 보험모집 업무 프로세스 모범규준,2026-10-01T17:16:56+09:00,"3쪽 3행 · 대조 이름 「화상통화 보험모집 업무 프로세스 모범규준」(제목의 「」(또는 ？？) 안 글, 없으면 끝의 「제정/개정 (공고)」를 뗀 것 — 공백만 빼고 글자 그대로 비교, 가운뎃점·띄어쓰기 외 표기 차이는 다른 이름으로 봄) · 자율규제 변경공고 사이트 표시 총 58건 vs 수집 58행 (쪽 6)"
35,해상및보세보험공동인수협정 개정 공고,2023-07-03,395,첨부파일,https://www.knia.or.kr/data/regulation/regulation06/content?index=88388,해상및보세보험공동인수협정,2026-10-01T17:16:56+09:00,"3쪽 4행 · 대조 이름 「해상및보세보험공동인수협정」(제목의 「」(또는 ？？) 안 글, 없으면 끝의 「제정/개정 (공고)」를 뗀 것 — 공백만 빼고 글자 그대로 비교, 가운뎃점·띄어쓰기 외 표기 차이는 다른 이름으로 봄) · 자율규제 변경공고 사이트 표시 총 58건 vs 수집 58행 (쪽 6)"
34,손해보험협회 자율규제 운영규정 개정 공고,2023-07-03,459,첨부파일,https://www.knia.or.kr/data/regulation/regulation06/content?index=88387,손해보험협회 자율규제 운영규정,2026-10-01T17:16:56+09:00,"3쪽 5행 · 대조 이름 「손해보험협회 자율규제 운영규정」(제목의 「」(또는 ？？) 안 글, 없으면 끝의 「제정/개정 (공고)」를 뗀 것 — 공백만 빼고 글자 그대로 비교, 가운뎃점·띄어쓰기 외 표기 차이는 다른 이름으로 봄) · 자율규제 변경공고 사이트 표시 총 58건 vs 수집 58행 (쪽 6)"
33,표준 금융소비자보호기준 개정,2023-01-04,543,첨부파일,https://www.knia.or.kr/data/regulation/regulation06/content?index=88322,표준 금융소비자보호기준,2026-10-01T17:16:56+09:00,"3쪽 6행 · 대조 이름 「표준 금융소비자보호기준」(제목의 「」(또는 ？？) 안 글, 없으면 끝의 「제정/개정 (공고)」를 뗀 것 — 공백만 빼고 글자 그대로 비교, 가운뎃점·띄어쓰기 외 표기 차이는 다른 이름으로 봄) · 자율규제 변경공고 사이트 표시 총 58건 vs 수집 58행 (쪽 6)"
32,공정경쟁질서확립 대책위원회 규정 개정,2022-10-31,447,첨부파일,https://www.knia.or.kr/data/regulation/regulation06/content?index=88300,공정경쟁질서확립 대책위원회 규정,2026-10-01T17:16:56+09:00,"3쪽 7행 · 대조 이름 「공정경쟁질서확립 대책위원회 규정」(제목의 「」(또는 ？？) 안 글, 없으면 끝의 「제정/개정 (공고)」를 뗀 것 — 공백만 빼고 글자 그대로 비교, 가운뎃점·띄어쓰기 외 표기 차이는 다른 이름으로 봄) · 자율규제 변경공고 사이트 표시 총 58건 vs 수집 58행 (쪽 6)"
31,방문판매 모범규준 제정,2022-10-25,654,첨부파일,https://www.knia.or.kr/data/regulation/regulation06/content?index=88299,방문판매 모범규준,2026-10-01T17:16:56+09:00,"3쪽 8행 · 대조 이름 「방문판매 모범규준」(제목의 「」(또는 ？？) 안 글, 없으면 끝의 「제정/개정 (공고)」를 뗀 것 — 공백만 빼고 글자 그대로 비교, 가운뎃점·띄어쓰기 외 표기 차이는 다른 이름으로 봄) · 자율규제 변경공고 사이트 표시 총 58건 vs 수집 58행 (쪽 6)"
30,자동차사고 과실비율 분쟁 등의 심의에 관한 상호협정 개정,2022-10-25,378,첨부파일,https://www.knia.or.kr/data/regulation/regulation06/content?index=88298,자동차사고 과실비율 분쟁 등의 심의에 관한 상호협정,2026-10-01T17:16:56+09:00,"3쪽 9행 · 대조 이름 「자동차사고 과실비율 분쟁 등의 심의에 관한 상호협정」(제목의 「」(또는 ？？) 안 글, 없으면 끝의 「제정/개정 (공고)」를 뗀 것 — 공백만 빼고 글자 그대로 비교, 가운뎃점·띄어쓰기 외 표기 차이는 다른 이름으로 봄) · 자율규제 변경공고 사이트 표시 총 58건 vs 수집 58행 (쪽 6)"
29,「손해보험 광고·선전에 관한 규정」 개정,2022-01-20,616,첨부파일,https://www.knia.or.kr/data/regulation/regulation06/content?index=88272,규정목록에 같은 이름 없음,2026-10-01T17:16:56+09:00,"3쪽 10행 · 대조 이름 「손해보험 광고·선전에 관한 규정」(제목의 「」(또는 ？？) 안 글, 없으면 끝의 「제정/개정 (공고)」를 뗀 것 — 공백만 빼고 글자 그대로 비교, 가운뎃점·띄어쓰기 외 표기 차이는 다른 이름으로 봄) · 자율규제 변경공고 사이트 표시 총 58건 vs 수집 58행 (쪽 6)"
28,「손해보험 모집관리업무지침」 개정,2021-11-29,454,첨부파일,https://www.knia.or.kr/data/regulation/regulation06/content?index=88219,규정목록에 같은 이름 없음,2026-10-01T17:16:59+09:00,"4쪽 1행 · 대조 이름 「손해보험 모집관리업무지침」(제목의 「」(또는 ？？) 안 글, 없으면 끝의 「제정/개정 (공고)」를 뗀 것 — 공백만 빼고 글자 그대로 비교, 가운뎃점·띄어쓰기 외 표기 차이는 다른 이름으로 봄) · 자율규제 변경공고 사이트 표시 총 58건 vs 수집 58행 (쪽 6)"
27,「종합자산관리사 자격시험 및 등록 등에 관한 규정 및 시행세칙」 개정,2021-07-20,423,첨부파일,https://www.knia.or.kr/data/regulation/regulation06/content?index=88149,규정목록에 같은 이름 없음,2026-10-01T17:16:59+09:00,"4쪽 2행 · 대조 이름 「종합자산관리사 자격시험 및 등록 등에 관한 규정 및 시행세칙」(제목의 「」(또는 ？？) 안 글, 없으면 끝의 「제정/개정 (공고)」를 뗀 것 — 공백만 빼고 글자 그대로 비교, 가운뎃점·띄어쓰기 외 표기 차이는 다른 이름으로 봄) · 자율규제 변경공고 사이트 표시 총 58건 vs 수집 58행 (쪽 6)"
26,「표준 금융소비자보호기준」 제정,2021-06-22,634,첨부파일,https://www.knia.or.kr/data/regulation/regulation06/content?index=88140,표준 금융소비자보호기준,2026-10-01T17:16:59+09:00,"4쪽 3행 · 대조 이름 「표준 금융소비자보호기준」(제목의 「」(또는 ？？) 안 글, 없으면 끝의 「제정/개정 (공고)」를 뗀 것 — 공백만 빼고 글자 그대로 비교, 가운뎃점·띄어쓰기 외 표기 차이는 다른 이름으로 봄) · 자율규제 변경공고 사이트 표시 총 58건 vs 수집 58행 (쪽 6)"
25,「금융소비자보호 표준 내부통제기준」 제정,2021-06-22,627,첨부파일,https://www.knia.or.kr/data/regulation/regulation06/content?index=88139,금융소비자보호 표준 내부통제기준,2026-10-01T17:16:59+09:00,"4쪽 4행 · 대조 이름 「금융소비자보호 표준 내부통제기준」(제목의 「」(또는 ？？) 안 글, 없으면 끝의 「제정/개정 (공고)」를 뗀 것 — 공백만 빼고 글자 그대로 비교, 가운뎃점·띄어쓰기 외 표기 차이는 다른 이름으로 봄) · 자율규제 변경공고 사이트 표시 총 58건 vs 수집 58행 (쪽 6)"
24,「보험회사 대체투자 리스크관리 모범규준」 제정,2021-05-25,"1,615",첨부파일,https://www.knia.or.kr/data/regulation/regulation06/content?index=88123,보험회사 대체투자 리스크관리 모범규준,2026-10-01T17:16:59+09:00,"4쪽 5행 · 대조 이름 「보험회사 대체투자 리스크관리 모범규준」(제목의 「」(또는 ？？) 안 글, 없으면 끝의 「제정/개정 (공고)」를 뗀 것 — 공백만 빼고 글자 그대로 비교, 가운뎃점·띄어쓰기 외 표기 차이는 다른 이름으로 봄) · 자율규제 변경공고 사이트 표시 총 58건 vs 수집 58행 (쪽 6)"
23,「의료자문 표준내부통제기준」 제정,2021-05-14,"2,418",첨부파일,https://www.knia.or.kr/data/regulation/regulation06/content?index=88109,의료자문 표준내부통제기준,2026-10-01T17:16:59+09:00,"4쪽 6행 · 대조 이름 「의료자문 표준내부통제기준」(제목의 「」(또는 ？？) 안 글, 없으면 끝의 「제정/개정 (공고)」를 뗀 것 — 공백만 빼고 글자 그대로 비교, 가운뎃점·띄어쓰기 외 표기 차이는 다른 이름으로 봄) · 자율규제 변경공고 사이트 표시 총 58건 vs 수집 58행 (쪽 6)"
22,「손해보험 광고선전에 관한 규정」 개정,2021-04-01,"1,352",첨부파일,https://www.knia.or.kr/data/regulation/regulation06/content?index=88056,손해보험 광고선전에 관한 규정,2026-10-01T17:16:59+09:00,"4쪽 7행 · 대조 이름 「손해보험 광고선전에 관한 규정」(제목의 「」(또는 ？？) 안 글, 없으면 끝의 「제정/개정 (공고)」를 뗀 것 — 공백만 빼고 글자 그대로 비교, 가운뎃점·띄어쓰기 외 표기 차이는 다른 이름으로 봄) · 자율규제 변경공고 사이트 표시 총 58건 vs 수집 58행 (쪽 6)"
21,「손해보험모집관리업무지침」개정,2020-12-24,489,첨부파일,https://www.knia.or.kr/data/regulation/regulation06/content?index=87999,규정목록에 같은 이름 없음,2026-10-01T17:16:59+09:00,"4쪽 8행 · 대조 이름 「손해보험모집관리업무지침」(제목의 「」(또는 ？？) 안 글, 없으면 끝의 「제정/개정 (공고)」를 뗀 것 — 공백만 빼고 글자 그대로 비교, 가운뎃점·띄어쓰기 외 표기 차이는 다른 이름으로 봄) · 자율규제 변경공고 사이트 표시 총 58건 vs 수집 58행 (쪽 6)"
20,「손해보험 공정경쟁질서유지에 관한 상호협정」 개정,2020-11-17,"1,057",첨부파일,https://www.knia.or.kr/data/regulation/regulation06/content?index=87979,손해보험 공정경쟁질서유지에 관한 상호협정,2026-10-01T17:16:59+09:00,"4쪽 9행 · 대조 이름 「손해보험 공정경쟁질서유지에 관한 상호협정」(제목의 「」(또는 ？？) 안 글, 없으면 끝의 「제정/개정 (공고)」를 뗀 것 — 공백만 빼고 글자 그대로 비교, 가운뎃점·띄어쓰기 외 표기 차이는 다른 이름으로 봄) · 자율규제 변경공고 사이트 표시 총 58건 vs 수집 58행 (쪽 6)"
19,「단체 실손의료보험 사전 중복조회 관련 업무처리기준」 제정,2020-11-17,442,첨부파일,https://www.knia.or.kr/data/regulation/regulation06/content?index=87978,규정목록에 같은 이름 없음,2026-10-01T17:16:59+09:00,"4쪽 10행 · 대조 이름 「단체 실손의료보험 사전 중복조회 관련 업무처리기준」(제목의 「」(또는 ？？) 안 글, 없으면 끝의 「제정/개정 (공고)」를 뗀 것 — 공백만 빼고 글자 그대로 비교, 가운뎃점·띄어쓰기 외 표기 차이는 다른 이름으로 봄) · 자율규제 변경공고 사이트 표시 총 58건 vs 수집 58행 (쪽 6)"
18,「손해보험회사의 혁신금융업무 등에 대한 면책특례 모범규준」 제정,2020-10-08,594,첨부파일,https://www.knia.or.kr/data/regulation/regulation06/content?index=87943,손해보험회사의 혁신금융업무 등에 대한 면책특례 모범규준,2026-10-01T17:17:02+09:00,"5쪽 1행 · 대조 이름 「손해보험회사의 혁신금융업무 등에 대한 면책특례 모범규준」(제목의 「」(또는 ？？) 안 글, 없으면 끝의 「제정/개정 (공고)」를 뗀 것 — 공백만 빼고 글자 그대로 비교, 가운뎃점·띄어쓰기 외 표기 차이는 다른 이름으로 봄) · 자율규제 변경공고 사이트 표시 총 58건 vs 수집 58행 (쪽 6)"
17,「손해보험 광고선전에 관한 규정」 개정,2020-07-24,485,첨부파일,https://www.knia.or.kr/data/regulation/regulation06/content?index=87899,손해보험 광고선전에 관한 규정,2026-10-01T17:17:02+09:00,"5쪽 2행 · 대조 이름 「손해보험 광고선전에 관한 규정」(제목의 「」(또는 ？？) 안 글, 없으면 끝의 「제정/개정 (공고)」를 뗀 것 — 공백만 빼고 글자 그대로 비교, 가운뎃점·띄어쓰기 외 표기 차이는 다른 이름으로 봄) · 자율규제 변경공고 사이트 표시 총 58건 vs 수집 58행 (쪽 6)"
16,「대출금리 체계의 합리성 제고를 위한 모범규준」 개정,2020-05-22,732,첨부파일,https://www.knia.or.kr/data/regulation/regulation06/content?index=87870,대출금리 체계의 합리성 제고를 위한 모범규준,2026-10-01T17:17:02+09:00,"5쪽 3행 · 대조 이름 「대출금리 체계의 합리성 제고를 위한 모범규준」(제목의 「」(또는 ？？) 안 글, 없으면 끝의 「제정/개정 (공고)」를 뗀 것 — 공백만 빼고 글자 그대로 비교, 가운뎃점·띄어쓰기 외 표기 차이는 다른 이름으로 봄) · 자율규제 변경공고 사이트 표시 총 58건 vs 수집 58행 (쪽 6)"
15,「손해보험 광고선전에 관한 규정」 개정,2020-02-24,720,첨부파일,https://www.knia.or.kr/data/regulation/regulation06/content?index=87789,손해보험 광고선전에 관한 규정,2026-10-01T17:17:02+09:00,"5쪽 4행 · 대조 이름 「손해보험 광고선전에 관한 규정」(제목의 「」(또는 ？？) 안 글, 없으면 끝의 「제정/개정 (공고)」를 뗀 것 — 공백만 빼고 글자 그대로 비교, 가운뎃점·띄어쓰기 외 표기 차이는 다른 이름으로 봄) · 자율규제 변경공고 사이트 표시 총 58건 vs 수집 58행 (쪽 6)"
14,「손해사정 업무위탁 및 손해사정사 선임 등에 관한 모범규준」제정,2019-06-27,"1,757",첨부파일,https://www.knia.or.kr/data/regulation/regulation06/content?index=87629,손해사정 업무위탁 및 손해사정사 선임 등에 관한 모범규준,2026-10-01T17:17:02+09:00,"5쪽 5행 · 대조 이름 「손해사정 업무위탁 및 손해사정사 선임 등에 관한 모범규준」(제목의 「」(또는 ？？) 안 글, 없으면 끝의 「제정/개정 (공고)」를 뗀 것 — 공백만 빼고 글자 그대로 비교, 가운뎃점·띄어쓰기 외 표기 차이는 다른 이름으로 봄) · 자율규제 변경공고 사이트 표시 총 58건 vs 수집 58행 (쪽 6)"
13,「손해사정 업무위탁 및 손해사정사 선임 등에 관한 모범규준」제정,2019-06-27,320,첨부파일,https://www.knia.or.kr/data/regulation/regulation06/content?index=87628,손해사정 업무위탁 및 손해사정사 선임 등에 관한 모범규준,2026-10-01T17:17:02+09:00,"5쪽 6행 · 대조 이름 「손해사정 업무위탁 및 손해사정사 선임 등에 관한 모범규준」(제목의 「」(또는 ？？) 안 글, 없으면 끝의 「제정/개정 (공고)」를 뗀 것 — 공백만 빼고 글자 그대로 비교, 가운뎃점·띄어쓰기 외 표기 차이는 다른 이름으로 봄) · 자율규제 변경공고 사이트 표시 총 58건 vs 수집 58행 (쪽 6)"
12,「보험상품 내부통제 평가회 운영규정」 제정,2019-06-11,843,첨부파일,https://www.knia.or.kr/data/regulation/regulation06/content?index=87624,규정목록에 같은 이름 없음,2026-10-01T17:17:02+09:00,"5쪽 7행 · 대조 이름 「보험상품 내부통제 평가회 운영규정」(제목의 「」(또는 ？？) 안 글, 없으면 끝의 「제정/개정 (공고)」를 뗀 것 — 공백만 빼고 글자 그대로 비교, 가운뎃점·띄어쓰기 외 표기 차이는 다른 이름으로 봄) · 자율규제 변경공고 사이트 표시 총 58건 vs 수집 58행 (쪽 6)"
11,「보험상품 표준내부통제기준」 제정,2019-06-11,589,첨부파일,https://www.knia.or.kr/data/regulation/regulation06/content?index=87945,규정목록에 같은 이름 없음,2026-10-01T17:17:02+09:00,"5쪽 8행 · 대조 이름 「보험상품 표준내부통제기준」(제목의 「」(또는 ？？) 안 글, 없으면 끝의 「제정/개정 (공고)」를 뗀 것 — 공백만 빼고 글자 그대로 비교, 가운뎃점·띄어쓰기 외 표기 차이는 다른 이름으로 봄) · 자율규제 변경공고 사이트 표시 총 58건 vs 수집 58행 (쪽 6)"
10,？손해보험 광고·선전에 관한 규정？ 개정,2019-03-21,259,,https://www.knia.or.kr/data/regulation/regulation06/content?index=87565,규정목록에 같은 이름 없음,2026-10-01T17:17:02+09:00,"5쪽 9행 · 대조 이름 「손해보험 광고·선전에 관한 규정」(제목의 「」(또는 ？？) 안 글, 없으면 끝의 「제정/개정 (공고)」를 뗀 것 — 공백만 빼고 글자 그대로 비교, 가운뎃점·띄어쓰기 외 표기 차이는 다른 이름으로 봄) · 자율규제 변경공고 사이트 표시 총 58건 vs 수집 58행 (쪽 6)"
9,「손해보험 광고·선전에 관한 규정」 개정,2019-03-21,"1,231",첨부파일,https://www.knia.or.kr/data/regulation/regulation06/content?index=87566,규정목록에 같은 이름 없음,2026-10-01T17:17:02+09:00,"5쪽 10행 · 대조 이름 「손해보험 광고·선전에 관한 규정」(제목의 「」(또는 ？？) 안 글, 없으면 끝의 「제정/개정 (공고)」를 뗀 것 — 공백만 빼고 글자 그대로 비교, 가운뎃점·띄어쓰기 외 표기 차이는 다른 이름으로 봄) · 자율규제 변경공고 사이트 표시 총 58건 vs 수집 58행 (쪽 6)"
8,「보험설계사에 대한 불공정행위 예방을 위한 준수규약」 개정,2018-12-19,"1,603",첨부파일,https://www.knia.or.kr/data/regulation/regulation06/content?index=87512,보험설계사에 대한 불공정행위 예방을 위한 준수규약,2026-10-01T17:17:05+09:00,"6쪽 1행 · 대조 이름 「보험설계사에 대한 불공정행위 예방을 위한 준수규약」(제목의 「」(또는 ？？) 안 글, 없으면 끝의 「제정/개정 (공고)」를 뗀 것 — 공백만 빼고 글자 그대로 비교, 가운뎃점·띄어쓰기 외 표기 차이는 다른 이름으로 봄) · 자율규제 변경공고 사이트 표시 총 58건 vs 수집 58행 (쪽 6)"
7,「손해보험사 채용절차 모범규준」 제정,2018-07-24,"2,072",첨부파일,https://www.knia.or.kr/data/regulation/regulation06/content?index=87355,손해보험사 채용절차 모범규준,2026-10-01T17:17:05+09:00,"6쪽 2행 · 대조 이름 「손해보험사 채용절차 모범규준」(제목의 「」(또는 ？？) 안 글, 없으면 끝의 「제정/개정 (공고)」를 뗀 것 — 공백만 빼고 글자 그대로 비교, 가운뎃점·띄어쓰기 외 표기 차이는 다른 이름으로 봄) · 자율규제 변경공고 사이트 표시 총 58건 vs 수집 58행 (쪽 6)"
6,「여신심사 선진화 가이드라인」 개정,2018-06-01,"2,448",첨부파일,https://www.knia.or.kr/data/regulation/regulation06/content?index=87313,규정목록에 같은 이름 없음,2026-10-01T17:17:05+09:00,"6쪽 3행 · 대조 이름 「여신심사 선진화 가이드라인」(제목의 「」(또는 ？？) 안 글, 없으면 끝의 「제정/개정 (공고)」를 뗀 것 — 공백만 빼고 글자 그대로 비교, 가운뎃점·띄어쓰기 외 표기 차이는 다른 이름으로 봄) · 자율규제 변경공고 사이트 표시 총 58건 vs 수집 58행 (쪽 6)"
5,「부동산 프로젝트 파이낸싱 리스크관리 모범규준」 제정,2018-06-01,"2,472",첨부파일,https://www.knia.or.kr/data/regulation/regulation06/content?index=87312,부동산 프로젝트 파이낸싱 리스크관리 모범규준,2026-10-01T17:17:05+09:00,"6쪽 4행 · 대조 이름 「부동산 프로젝트 파이낸싱 리스크관리 모범규준」(제목의 「」(또는 ？？) 안 글, 없으면 끝의 「제정/개정 (공고)」를 뗀 것 — 공백만 빼고 글자 그대로 비교, 가운뎃점·띄어쓰기 외 표기 차이는 다른 이름으로 봄) · 자율규제 변경공고 사이트 표시 총 58건 vs 수집 58행 (쪽 6)"
4,「해상및보세보험공동인수협정」개정,2018-05-17,"2,405",첨부파일,https://www.knia.or.kr/data/regulation/regulation06/content?index=87308,해상및보세보험공동인수협정,2026-10-01T17:17:05+09:00,"6쪽 5행 · 대조 이름 「해상및보세보험공동인수협정」(제목의 「」(또는 ？？) 안 글, 없으면 끝의 「제정/개정 (공고)」를 뗀 것 — 공백만 빼고 글자 그대로 비교, 가운뎃점·띄어쓰기 외 표기 차이는 다른 이름으로 봄) · 자율규제 변경공고 사이트 표시 총 58건 vs 수집 58행 (쪽 6)"
3,「제3보험 입통원 신상품개발 협의기구 운영규정」제정,2018-05-04,"2,636",첨부파일,https://www.knia.or.kr/data/regulation/regulation06/content?index=87286,규정목록에 같은 이름 없음,2026-10-01T17:17:05+09:00,"6쪽 6행 · 대조 이름 「제3보험 입통원 신상품개발 협의기구 운영규정」(제목의 「」(또는 ？？) 안 글, 없으면 끝의 「제정/개정 (공고)」를 뗀 것 — 공백만 빼고 글자 그대로 비교, 가운뎃점·띄어쓰기 외 표기 차이는 다른 이름으로 봄) · 자율규제 변경공고 사이트 표시 총 58건 vs 수집 58행 (쪽 6)"
2,「보험회사 영업행위 윤리준칙」제정,2018-04-23,"2,528",첨부파일,https://www.knia.or.kr/data/regulation/regulation06/content?index=87259,보험회사 영업행위 윤리준칙,2026-10-01T17:17:05+09:00,"6쪽 7행 · 대조 이름 「보험회사 영업행위 윤리준칙」(제목의 「」(또는 ？？) 안 글, 없으면 끝의 「제정/개정 (공고)」를 뗀 것 — 공백만 빼고 글자 그대로 비교, 가운뎃점·띄어쓰기 외 표기 차이는 다른 이름으로 봄) · 자율규제 변경공고 사이트 표시 총 58건 vs 수집 58행 (쪽 6)"
1,「대출채권의 소멸시효 관리 등에 대한 모범규준」 제정,2018-01-09,"3,146",첨부파일,https://www.knia.or.kr/data/regulation/regulation06/content?index=87126,대출채권의 소멸시효 관리 등에 대한 모범규준,2026-10-01T17:17:05+09:00,"6쪽 8행 · 대조 이름 「대출채권의 소멸시효 관리 등에 대한 모범규준」(제목의 「」(또는 ？？) 안 글, 없으면 끝의 「제정/개정 (공고)」를 뗀 것 — 공백만 빼고 글자 그대로 비교, 가운뎃점·띄어쓰기 외 표기 차이는 다른 이름으로 봄) · 자율규제 변경공고 사이트 표시 총 58건 vs 수집 58행 (쪽 6)"
