name,kind,차수,수집_일련번호,수집_시행일자,오늘_일련번호,오늘_시행일자,같은판,새판XML,새판_sha256,출처URL,checked_at,note
금융회사 지배구조 감독규정,행정규칙,9차,2100000285614,20261002,2100000285614,20261002,Y,,,,2026-10-02T11:01:38+09:00,
주식회사 등의 외부감사에 관한 법률 시행령,법령(시행령),9차,286317,20260526,286317,20260526,Y,,,,2026-10-02T11:01:39+09:00,
보험업감독규정,행정규칙,9차,2100000279112,20260506,2100000279112,20260506,Y,,,,2026-10-02T11:01:41+09:00,
보험업감독업무시행세칙,행정규칙,9차,2200000108939,20260910,2200000108939,20260910,Y,,,,2026-10-02T11:01:41+09:00,
금융산업의 구조개선에 관한 법률,법률,10차,277245,20251001,277245,20251001,Y,,,,2026-10-02T11:01:42+09:00,
금융산업의 구조개선에 관한 법률 시행령,시행령,10차,233423,20210630,233423,20210630,Y,,,,2026-10-02T11:01:44+09:00,
금융지주회사감독규정,행정규칙,10차,2100000285612,20261002,2100000285612,20261002,Y,,,,2026-10-02T11:01:44+09:00,
독점규제 및 공정거래에 관한 법률,법률,10차,285951,20260512,290153,20261002,N,dart_out/raw/web10/law/독점규제및공정거래에관한법률_290153_현행재확인20261002.xml,d6f227db43a7fb9926d56e31958f2da2347dba0ee3e67accc3ef4cfb990b01f5,http://www.law.go.kr/DRF/lawService.do?OC=***&target=eflaw&MST=290153&efYd=20261002&type=XML,2026-10-02T11:01:45+09:00,수집 뒤 현행 판이 바뀜(수집 285951·시행 20260512 → 오늘 290153·시행 20261002) — 저용량본은 오늘 현행 판으로
독점규제 및 공정거래에 관한 법률 시행령,시행령,10차,284737,20260324,284737,20260324,Y,,,,2026-10-02T11:01:48+09:00,
금융회사의 지배구조에 관한 법률,법률,10차,277253,20260102,277253,20260102,Y,,,,2026-10-02T11:01:48+09:00,
금융회사의 지배구조에 관한 법률 시행령,시행령,10차,290289,20261001,290289,20261001,Y,,,,2026-10-02T11:01:49+09:00,
보험업법,법률,10차,265389,20250131,265389,20250131,Y,,,,2026-10-02T11:01:49+09:00,
주식회사 등의 외부감사에 관한 법률,법률,10차,270309,20250401,270309,20250401,Y,,,,2026-10-02T11:01:50+09:00,
