감독규정_조항,요청범위,사용자_표기,인용표기,인용상_법령,법_해당조문,시행령_해당조문,실제조문,조문제목,원문첫문장,인용단위_source_text,감독규정_source_text,7차판과_같음,rcept_no_or_url,doc_name,page,note,collected_at,source_sha256
제25조의2제6항,Y,§9의2,「금융산업의 구조개선에 관한 법률」 제9조의2 및 같은 법 시행령 제5조의4제2항,법,있음 — 제9조의2(금융체계상 중요한 금융기관의 선정),없음 — 시행령에 제9조의2 없음(조 자체가 없음),법 제9조의2,금융체계상 중요한 금융기관의 선정,"제9조의2(금융체계상 중요한 금융기관의 선정) ① 금융위원회는 금융기관의 기능과 규모, 다른 금융기관과의 연계성 및 국내 금융시장에 미치는 영향력 등을 고려하여 대통령령으로 정하는 종류의 금융기관(그 자회사를 포함한다.","제9조의2(금융체계상 중요한 금융기관의 선정)
① 금융위원회는 금융기관의 기능과 규모, 다른 금융기관과의 연계성 및 국내 금융시장에 미치는 영향력 등을 고려하여 대통령령으로 정하는 종류의 금융기관(그 자회사를 포함한다. 이하 이 장에서 같다) 중 매년 국내 금융시스템 측면에서 중요한 금융기관(이하 ""금융체계상 중요한 금융기관""이라 한다)을 선정하여야 한다.
② 금융위원회는 제1항에 따라 금융체계상 중요한 금융기관을 선정한 경우 지체 없이 해당 금융체계상 중요한 금융기관에 그 사실을 통보하여야 한다.
③ 제1항에 따른 금융체계상 중요한 금융기관의 선정을 위한 금융기관의 기능 및 규모, 다른 금융기관과의 연계성 등 선정기준의 구체적인 내용에 관하여는 대통령령으로 정한다.",⑥ 금융위원회는 「금융산업의 구조개선에 관한 법률」 제9조의2 및 같은 법 시행령 제5조의4제2항에 의해 금융체계상 중요한 금융기관을 선정하는 경우 제1항에 따라 선정한 금융체계상 중요한 은행지주회사를 금융체계상 중요한 금융기관으로 선정한다.(신설 2021. 6. 24.),Y,http://www.law.go.kr/DRF/lawService.do?OC=***&target=admrul&ID=2100000285612&type=XML ; http://www.law.go.kr/DRF/lawService.do?OC=***&target=eflaw&MST=277245&efYd=20251001&type=XML,"금융지주회사감독규정(행정규칙 일련번호 2100000285612, 시행 20261002) ; 금융산업의 구조개선에 관한 법률(법률 일련번호 277245, 시행 20251001)",감독규정 제25조의2제6항 → 법 제9조의2 (법령은 쪽 없음),,2026-10-01T17:09:40+09:00,6819a015fa7582d892181b9c27c7a8e239f33f4d0e014767f4e7ae9c7960aae9 ; ebd27bdefdc664e7b9b1609f612ccadf58fb279d78a1625ea60db54dc825e4ab
제25조의2제6항,Y,시행령 §5의4②,「금융산업의 구조개선에 관한 법률」 제9조의2 및 같은 법 시행령 제5조의4제2항,시행령,없음 — 법에 제5조의4제2항 없음(조 자체가 없음),있음 — 제5조의4제2항(금융체계상 중요한 금융기관의 선정),시행령 제5조의4제2항,금융체계상 중요한 금융기관의 선정,"② 법 제9조의2제1항에 따른 금융체계상 중요한 금융기관(이하 ""금융체계상중요한금융기관""이라 한다)의 구체적 선정기준은 다음 각 호와 같다.","② 법 제9조의2제1항에 따른 금융체계상 중요한 금융기관(이하 ""금융체계상중요한금융기관""이라 한다)의 구체적 선정기준은 다음 각 호와 같다.
1. 금융기관의 기능: 개별 금융기관의 결제 업무 및 고객자산 관리 등을 통한 금융시스템 유지에 관한 사항
2. 금융기관의 규모: 개별 금융기관의 자산 규모 및 거래 규모 등에 관한 사항
3. 다른 금융기관과의 연계성: 개별 금융기관의 재무적 위험 또는 손실이 다른 금융기관으로 전이될 가능성에 관한 사항
4. 국내 금융시장에 미치는 영향력: 개별 금융기관의 가계 대출 및 외화 차입 등이 금융시장의 안정성에 미치는 영향에 관한 사항",⑥ 금융위원회는 「금융산업의 구조개선에 관한 법률」 제9조의2 및 같은 법 시행령 제5조의4제2항에 의해 금융체계상 중요한 금융기관을 선정하는 경우 제1항에 따라 선정한 금융체계상 중요한 은행지주회사를 금융체계상 중요한 금융기관으로 선정한다.(신설 2021. 6. 24.),Y,http://www.law.go.kr/DRF/lawService.do?OC=***&target=admrul&ID=2100000285612&type=XML ; http://www.law.go.kr/DRF/lawService.do?OC=***&target=eflaw&MST=233423&efYd=20210630&type=XML,"금융지주회사감독규정(행정규칙 일련번호 2100000285612, 시행 20261002) ; 금융산업의 구조개선에 관한 법률 시행령(시행령 일련번호 233423, 시행 20210630)",감독규정 제25조의2제6항 → 시행령 제5조의4제2항 (법령은 쪽 없음),,2026-10-01T17:09:40+09:00,6819a015fa7582d892181b9c27c7a8e239f33f4d0e014767f4e7ae9c7960aae9 ; 6e13252e4bd1b680e742d93e44daa4d64d03768c05ce5cdb7932f3f46ee68b2c
제25조의5제1항,Y,§5의5①5호,「금융산업의 구조개선에 관한 법률」제5조의5제1항제5호,법,없음 — 법에 제5조의5제1항제5호 없음(조 자체가 없음),있음 — 제5조의5제1항제5호(금융체계상중요한금융기관의 자체정상화계획 작성ㆍ제출),시행령 제5조의5제1항제5호 (감독규정 표기는 법 — 법 에는 제5조의5제1항제5호 없음),금융체계상중요한금융기관의 자체정상화계획 작성ㆍ제출,5. 그 밖에 금융기관의 경영 건전성 확보에 관한 사항 등 금융위원회가 필요하다고 인정하여 고시하는 사항,5. 그 밖에 금융기관의 경영 건전성 확보에 관한 사항 등 금융위원회가 필요하다고 인정하여 고시하는 사항,① 「금융산업의 구조개선에 관한 법률」제5조의5제1항제5호에 따라 금융위원회가 정하여 고시하는 자체정상화계획의 포함사항은 <별표 4>와 같다.,Y,http://www.law.go.kr/DRF/lawService.do?OC=***&target=admrul&ID=2100000285612&type=XML ; http://www.law.go.kr/DRF/lawService.do?OC=***&target=eflaw&MST=233423&efYd=20210630&type=XML,"금융지주회사감독규정(행정규칙 일련번호 2100000285612, 시행 20261002) ; 금융산업의 구조개선에 관한 법률 시행령(시행령 일련번호 233423, 시행 20210630)",감독규정 제25조의5제1항 → 시행령 제5조의5제1항제5호 (법령은 쪽 없음),"표기된 법 XML 에 제5조의5제1항제5호 이(가) 없고(조 자체 없음: 예), 같은 번호의 시행령 조문이 있다. 상위 항 첫 줄(원문): 「① 법 제9조의3제1항에 따른 자체정상화계획(이하 ""자체정상화계획""이라 한다)에는 다음 각 호의 사항이 포함되어야 한다.」. 판단: 감독규정 글(감독규정_source_text)과 이 조문 글(인용단위_source_text)이 같은 내용(금융위 고시로 정하는 자체정상화계획 포함사항)으로 읽혀, 실제 근거는 시행령 조문으로 봄",2026-10-01T17:09:40+09:00,6819a015fa7582d892181b9c27c7a8e239f33f4d0e014767f4e7ae9c7960aae9 ; 6e13252e4bd1b680e742d93e44daa4d64d03768c05ce5cdb7932f3f46ee68b2c
제25조의5제2항,Y,§9의4,「금융산업의 구조개선에 관한 법률」제9조의4,법,있음 — 제9조의4(자체정상화계획의 평가 등),없음 — 시행령에 제9조의4 없음(조 자체가 없음),법 제9조의4,자체정상화계획의 평가 등,"제9조의4(자체정상화계획의 평가 등) ① 금융감독원장은 제9조의3제2항 또는 제3항에 따라 제출받은 자체정상화계획을 지체 없이 예금보험공사에 송부하고, 해당 자체정상화계획에 대한 평가보고서(이하 ""평가보고서""라 한다)를 작성하여야 한다.","제9조의4(자체정상화계획의 평가 등)
① 금융감독원장은 제9조의3제2항 또는 제3항에 따라 제출받은 자체정상화계획을 지체 없이 예금보험공사에 송부하고, 해당 자체정상화계획에 대한 평가보고서(이하 ""평가보고서""라 한다)를 작성하여야 한다.
② 금융감독원장은 자체정상화계획을 제출받은 날부터 3개월 이내에 금융위원회에 자체정상화계획 및 평가보고서를 제출하여야 한다.
③ 금융감독원장은 평가보고서를 작성하기 위하여 필요한 범위에서 금융체계상 중요한 금융기관의 업무 및 재산 상황과 관련된 자료의 제출을 요구할 수 있다. 이 경우 요구를 받은 금융체계상 중요한 금융기관은 정당한 사유가 없으면 이에 따라야 한다.
④ 그 밖에 자체정상화계획의 평가 등에 필요한 사항은 금융위원회가 정하여 고시한다.","② 감독원장은「금융산업의 구조개선에 관한 법률」제9조의4에 따라 자체정상화계획을 평가하는 경우 다음 각 호의 평가대상을 포함하여야 한다.
  1. 자체정상화계획에 관한 이사회 및 임원 등의 권한과 책임
  2. 경영 위기상황의 발생 시 우선적으로 유지하려 하는 핵심기능 및 핵심사업
  3. 예상되는 경영 위기상황 및 경영 위기상황에 대한 판단기준
  4. 경영위기상황을 극복하기 위한 구체적인 수단 및 조치내용
  5. 경영 위기상황에 대비한 영업 지속 계획
  6. 감독당국에 대한 보고 등 의사소통 체계
  7. 경영정보시스템 구축 등
  8. 그 밖에 자체정상화계획의 적정성 여부를 평가하는데 있어 필요한 사항",Y,http://www.law.go.kr/DRF/lawService.do?OC=***&target=admrul&ID=2100000285612&type=XML ; http://www.law.go.kr/DRF/lawService.do?OC=***&target=eflaw&MST=277245&efYd=20251001&type=XML,"금융지주회사감독규정(행정규칙 일련번호 2100000285612, 시행 20261002) ; 금융산업의 구조개선에 관한 법률(법률 일련번호 277245, 시행 20251001)",감독규정 제25조의5제2항 → 법 제9조의4 (법령은 쪽 없음),,2026-10-01T17:09:40+09:00,6819a015fa7582d892181b9c27c7a8e239f33f4d0e014767f4e7ae9c7960aae9 ; ebd27bdefdc664e7b9b1609f612ccadf58fb279d78a1625ea60db54dc825e4ab
제10조제6항,N,,「금융산업의 구조개선에 관한 법률」제4조,법,있음 — 제4조(인가),있음 — 제4조(금융기관 인수자의 범위),법 제4조,인가,제4조(인가) ① 금융기관이 이 법에 따른 합병 또는 전환을 하려면 미리 금융위원회의 인가를 받아야 한다.,"제4조(인가)
① 금융기관이 이 법에 따른 합병 또는 전환을 하려면 미리 금융위원회의 인가를 받아야 한다. <개정 2010.3.12>
② 삭제 <1998.1.8>
③ 금융위원회는 제1항에 따른 인가를 할 때 다음 각 호의 기준에 적합한지를 심사하여야 한다. <개정 2010.3.12>
1. 합병 또는 전환의 목적이 금융산업의 합리화와 금융구조조정의 촉진 등을 위한 것일 것
2. 합병 또는 전환이 금융거래를 위축시키거나 기존 거래자에게 불이익을 줄 우려가 없는 등 금융산업의 효율화와 신용질서의 유지에 지장이 없을 것
3. 합병 또는 전환이 금융기관 간 경쟁을 실질적으로 제한하지 아니할 것
4. 합병 또는 전환 후에 하려는 업무의 범위가 관계 법령 등에 위반되지 아니하고 영업계획이 적정할 것
5. 합병 또는 전환 후 업무를 할 수 있는 조직 및 인력의 체제와 능력을 갖추고 있을 것
6. 「상법」, 「자본시장과 금융투자업에 관한 법률」, 그 밖의 관계 법령에 위반되지 아니하고, 그 절차의 이행에 흠이 없을 것
7. 자기자본비율, 부채 등이 적절한 수준일 것
8. 대통령령으로 정하는 주요 출자자가 충분한 출자능력과 건전한 재무상태를 갖추고 있을 것
④ 금융위원회는 금융기관 간의 합병을 인가하려면 제3항제3호에서 규정한 금융기관 간의 경쟁을 실질적으로 제한하지 아니하는지에 대하여 미리 공정거래위원회와 협의하여야 한다. <개정 2010.3.12>
⑤ 금융위원회는 제3항 각 호의 기준에 비추어 금융산업의 건전한 발전을 위하여 필요하다고 인정하면 제1항에 따른 인가에 조건을 붙일 수 있다. <개정 2010.3.12>
⑥ 제3항 각 호의 심사기준에 필요한 구체적인 사항은 금융위원회가 정하여 고시한다. <개정 2010.3.12>","⑥ 「금융산업의 구조개선에 관한 법률」제4조의 규정에 의한 전환인가에는 「금융지주회사법」 제3조 내지 제6조의 규정을 준용한다. 다만, 전환인가시 주요출자자 요건은 별표1 제2호의 합병인가시 주요출자자 요건을 준용한다. (신설 2007. 5. 3)",Y,http://www.law.go.kr/DRF/lawService.do?OC=***&target=admrul&ID=2100000285612&type=XML ; http://www.law.go.kr/DRF/lawService.do?OC=***&target=eflaw&MST=277245&efYd=20251001&type=XML,"금융지주회사감독규정(행정규칙 일련번호 2100000285612, 시행 20261002) ; 금융산업의 구조개선에 관한 법률(법률 일련번호 277245, 시행 20251001)",감독규정 제10조제6항 → 법 제4조 (법령은 쪽 없음),,2026-10-01T17:09:40+09:00,6819a015fa7582d892181b9c27c7a8e239f33f4d0e014767f4e7ae9c7960aae9 ; ebd27bdefdc664e7b9b1609f612ccadf58fb279d78a1625ea60db54dc825e4ab
제11조제1항,N,,금융산업의구조개선에관한법률 제4조,법,있음 — 제4조(인가),있음 — 제4조(금융기관 인수자의 범위),법 제4조,인가,제4조(인가) ① 금융기관이 이 법에 따른 합병 또는 전환을 하려면 미리 금융위원회의 인가를 받아야 한다.,"제4조(인가)
① 금융기관이 이 법에 따른 합병 또는 전환을 하려면 미리 금융위원회의 인가를 받아야 한다. <개정 2010.3.12>
② 삭제 <1998.1.8>
③ 금융위원회는 제1항에 따른 인가를 할 때 다음 각 호의 기준에 적합한지를 심사하여야 한다. <개정 2010.3.12>
1. 합병 또는 전환의 목적이 금융산업의 합리화와 금융구조조정의 촉진 등을 위한 것일 것
2. 합병 또는 전환이 금융거래를 위축시키거나 기존 거래자에게 불이익을 줄 우려가 없는 등 금융산업의 효율화와 신용질서의 유지에 지장이 없을 것
3. 합병 또는 전환이 금융기관 간 경쟁을 실질적으로 제한하지 아니할 것
4. 합병 또는 전환 후에 하려는 업무의 범위가 관계 법령 등에 위반되지 아니하고 영업계획이 적정할 것
5. 합병 또는 전환 후 업무를 할 수 있는 조직 및 인력의 체제와 능력을 갖추고 있을 것
6. 「상법」, 「자본시장과 금융투자업에 관한 법률」, 그 밖의 관계 법령에 위반되지 아니하고, 그 절차의 이행에 흠이 없을 것
7. 자기자본비율, 부채 등이 적절한 수준일 것
8. 대통령령으로 정하는 주요 출자자가 충분한 출자능력과 건전한 재무상태를 갖추고 있을 것
④ 금융위원회는 금융기관 간의 합병을 인가하려면 제3항제3호에서 규정한 금융기관 간의 경쟁을 실질적으로 제한하지 아니하는지에 대하여 미리 공정거래위원회와 협의하여야 한다. <개정 2010.3.12>
⑤ 금융위원회는 제3항 각 호의 기준에 비추어 금융산업의 건전한 발전을 위하여 필요하다고 인정하면 제1항에 따른 인가에 조건을 붙일 수 있다. <개정 2010.3.12>
⑥ 제3항 각 호의 심사기준에 필요한 구체적인 사항은 금융위원회가 정하여 고시한다. <개정 2010.3.12>","① 금융위는 법 제60조 또는 금융산업의구조개선에관한법률 제4조의 규정에 의하여 금융지주회사의 합병을 인가하고자 하는 경우에는 다음 각호의 요건에 적합한 지의 여부를 심사하여야 한다. (개정 2007. 5. 3)
  1. 합병 후 3개년간 추정재무제표 및 수익전망이 영업계획에 비추어 실현가능성이 있고, 영업전략 등이 적정할 것 (신설 2007. 5. 3)
  2. 합병 후 행하고자 하는 업무의 범위가 관계 법령 등에 위반되지 아니하고 영위할 수 없는 업무를 최대한 빠른 시일내에 정리할 수 있도록 정리계획이 수립되었을 것 (신설 2007. 5. 3)
  3. 합병 후 업무범위 및 규모 등에 비추어 조직체계 및 인원수 등이 적정하고, 인력의 확보계획이 적정할 것 (신설 2007. 5. 3)
  4. 합병 후 금융지주회사는 제25조제1항제1호의 경영지도비율을 충족할 것. 다만, 금융구조조정 등을 위하여 부득이하다고 금융위가 인정하는 경우에는 그러하지 아니함 (신설 2007. 5. 3)
  5. <별표1>제2호의 대주주등 요건에 적합할 것 (신설 2007. 5. 3, 개정 2007. 12. 13)",Y,http://www.law.go.kr/DRF/lawService.do?OC=***&target=admrul&ID=2100000285612&type=XML ; http://www.law.go.kr/DRF/lawService.do?OC=***&target=eflaw&MST=277245&efYd=20251001&type=XML,"금융지주회사감독규정(행정규칙 일련번호 2100000285612, 시행 20261002) ; 금융산업의 구조개선에 관한 법률(법률 일련번호 277245, 시행 20251001)",감독규정 제11조제1항 → 법 제4조 (법령은 쪽 없음),,2026-10-01T17:09:40+09:00,6819a015fa7582d892181b9c27c7a8e239f33f4d0e014767f4e7ae9c7960aae9 ; ebd27bdefdc664e7b9b1609f612ccadf58fb279d78a1625ea60db54dc825e4ab
제15조제1호,N,,금융산업의구조개선에관한법률 제2조 제1호,법,있음 — 제2조제1호(정의),있음 — 제2조제1호(금융기관),법 제2조제1호,정의,"1. ""금융기관""이란 다음 각 목의 어느 하나에 해당하는 것을 말한다.","1. ""금융기관""이란 다음 각 목의 어느 하나에 해당하는 것을 말한다.
가. 「은행법」에 따라 설립된 은행
나. 「중소기업은행법」에 따른 중소기업은행
다. 「자본시장과 금융투자업에 관한 법률」에 따른 투자매매업자ㆍ투자중개업자
라. 「자본시장과 금융투자업에 관한 법률」에 따른 집합투자업자, 투자자문업자 또는 투자일임업자
마. 「보험업법」에 따른 보험회사
바. 「상호저축은행법」에 따른 상호저축은행
사. 「자본시장과 금융투자업에 관한 법률」에 따른 신탁업자
아. 「자본시장과 금융투자업에 관한 법률」에 따른 종합금융회사
자. 「금융지주회사법」에 따른 금융지주회사
차. 그 밖의 법률에 따라 금융업무를 하는 기관으로서 대통령령으로 정하는 기관","제15조(신용공여한도의 초과사유) 영 제22조제2항제7호에서 ""금융위원회가 인정하는 경우""라 함은 다음 각호의 1에 해당되는 경우를 말한다.
  1. 금융산업의구조개선에관한법률 제2조 제1호에서 정한 금융기관과의 합병 또는 영업의 양수ㆍ도
  2. 금융산업의구조개선에관한법률 제2조 제1호에서 정하는 금융기관의 종류 전환
  3. 지급보증대지급금의 발생
  4. 금리상승에 따른 사채지급보증액의 증가
  5. 금융기관 대차대조표 계정과목의 변경
  6. 신용공여의 범위의 변경
  7. 은행지주회사의 주요출자자가 아닌 자가 새로 주요출자자가 되거나 주식처분 등으로 주요출자자의 은행지주회사에 대한 지분율이 하락한 경우 (신설 2002. 9. 23, 개정 2007. 12. 13)
  8. 금융위가 급격한 경제여건의 변화 등 사유가 있다고 인정하여 1년 이내의 기간을 정하는 경우로서 자회사 등이 자신이 자회사 등으로 있는 금융지주회사의 다른 자회사 등에 대한 신용공여로 인해 영 제27조제4항 각 호의 한도를 자기자본의 10%p 내에서 초과하는 것이 불가피한 경우 (신설 2020. 5. 27.)
  9. 자회사등이 지배하고 있는 외국금융기관에 대한 신용공여로 인해 영 제27조제4항 각 호의 한도를 자기자본의 10%p 내에서 초과하는 경우. 다만 신용공여한도 초과기간은 당해 자회사등이 속하는 금융지주회사에 당해 외국금융기관이 편입된 날로부터 3년 이내로 한다. (신설 2023. 12. 13.)",Y,http://www.law.go.kr/DRF/lawService.do?OC=***&target=admrul&ID=2100000285612&type=XML ; http://www.law.go.kr/DRF/lawService.do?OC=***&target=eflaw&MST=277245&efYd=20251001&type=XML,"금융지주회사감독규정(행정규칙 일련번호 2100000285612, 시행 20261002) ; 금융산업의 구조개선에 관한 법률(법률 일련번호 277245, 시행 20251001)",감독규정 제15조제1호 → 법 제2조제1호 (법령은 쪽 없음),기계 대조: 인용 호의 정의어 「금융기관」이(가) 감독규정 글에 있음(공백 무시),2026-10-01T17:09:40+09:00,6819a015fa7582d892181b9c27c7a8e239f33f4d0e014767f4e7ae9c7960aae9 ; ebd27bdefdc664e7b9b1609f612ccadf58fb279d78a1625ea60db54dc825e4ab
제15조제2호,N,,금융산업의구조개선에관한법률 제2조 제1호,법,있음 — 제2조제1호(정의),있음 — 제2조제1호(금융기관),법 제2조제1호,정의,"1. ""금융기관""이란 다음 각 목의 어느 하나에 해당하는 것을 말한다.","1. ""금융기관""이란 다음 각 목의 어느 하나에 해당하는 것을 말한다.
가. 「은행법」에 따라 설립된 은행
나. 「중소기업은행법」에 따른 중소기업은행
다. 「자본시장과 금융투자업에 관한 법률」에 따른 투자매매업자ㆍ투자중개업자
라. 「자본시장과 금융투자업에 관한 법률」에 따른 집합투자업자, 투자자문업자 또는 투자일임업자
마. 「보험업법」에 따른 보험회사
바. 「상호저축은행법」에 따른 상호저축은행
사. 「자본시장과 금융투자업에 관한 법률」에 따른 신탁업자
아. 「자본시장과 금융투자업에 관한 법률」에 따른 종합금융회사
자. 「금융지주회사법」에 따른 금융지주회사
차. 그 밖의 법률에 따라 금융업무를 하는 기관으로서 대통령령으로 정하는 기관","제15조(신용공여한도의 초과사유) 영 제22조제2항제7호에서 ""금융위원회가 인정하는 경우""라 함은 다음 각호의 1에 해당되는 경우를 말한다.
  1. 금융산업의구조개선에관한법률 제2조 제1호에서 정한 금융기관과의 합병 또는 영업의 양수ㆍ도
  2. 금융산업의구조개선에관한법률 제2조 제1호에서 정하는 금융기관의 종류 전환
  3. 지급보증대지급금의 발생
  4. 금리상승에 따른 사채지급보증액의 증가
  5. 금융기관 대차대조표 계정과목의 변경
  6. 신용공여의 범위의 변경
  7. 은행지주회사의 주요출자자가 아닌 자가 새로 주요출자자가 되거나 주식처분 등으로 주요출자자의 은행지주회사에 대한 지분율이 하락한 경우 (신설 2002. 9. 23, 개정 2007. 12. 13)
  8. 금융위가 급격한 경제여건의 변화 등 사유가 있다고 인정하여 1년 이내의 기간을 정하는 경우로서 자회사 등이 자신이 자회사 등으로 있는 금융지주회사의 다른 자회사 등에 대한 신용공여로 인해 영 제27조제4항 각 호의 한도를 자기자본의 10%p 내에서 초과하는 것이 불가피한 경우 (신설 2020. 5. 27.)
  9. 자회사등이 지배하고 있는 외국금융기관에 대한 신용공여로 인해 영 제27조제4항 각 호의 한도를 자기자본의 10%p 내에서 초과하는 경우. 다만 신용공여한도 초과기간은 당해 자회사등이 속하는 금융지주회사에 당해 외국금융기관이 편입된 날로부터 3년 이내로 한다. (신설 2023. 12. 13.)",Y,http://www.law.go.kr/DRF/lawService.do?OC=***&target=admrul&ID=2100000285612&type=XML ; http://www.law.go.kr/DRF/lawService.do?OC=***&target=eflaw&MST=277245&efYd=20251001&type=XML,"금융지주회사감독규정(행정규칙 일련번호 2100000285612, 시행 20261002) ; 금융산업의 구조개선에 관한 법률(법률 일련번호 277245, 시행 20251001)",감독규정 제15조제2호 → 법 제2조제1호 (법령은 쪽 없음),기계 대조: 인용 호의 정의어 「금융기관」이(가) 감독규정 글에 있음(공백 무시),2026-10-01T17:09:40+09:00,6819a015fa7582d892181b9c27c7a8e239f33f4d0e014767f4e7ae9c7960aae9 ; ebd27bdefdc664e7b9b1609f612ccadf58fb279d78a1625ea60db54dc825e4ab
제24조의3제2항제5호,N,,「금융산업의 구조개선에 관한 법률」 제4조,법,있음 — 제4조(인가),있음 — 제4조(금융기관 인수자의 범위),법 제4조,인가,제4조(인가) ① 금융기관이 이 법에 따른 합병 또는 전환을 하려면 미리 금융위원회의 인가를 받아야 한다.,"제4조(인가)
① 금융기관이 이 법에 따른 합병 또는 전환을 하려면 미리 금융위원회의 인가를 받아야 한다. <개정 2010.3.12>
② 삭제 <1998.1.8>
③ 금융위원회는 제1항에 따른 인가를 할 때 다음 각 호의 기준에 적합한지를 심사하여야 한다. <개정 2010.3.12>
1. 합병 또는 전환의 목적이 금융산업의 합리화와 금융구조조정의 촉진 등을 위한 것일 것
2. 합병 또는 전환이 금융거래를 위축시키거나 기존 거래자에게 불이익을 줄 우려가 없는 등 금융산업의 효율화와 신용질서의 유지에 지장이 없을 것
3. 합병 또는 전환이 금융기관 간 경쟁을 실질적으로 제한하지 아니할 것
4. 합병 또는 전환 후에 하려는 업무의 범위가 관계 법령 등에 위반되지 아니하고 영업계획이 적정할 것
5. 합병 또는 전환 후 업무를 할 수 있는 조직 및 인력의 체제와 능력을 갖추고 있을 것
6. 「상법」, 「자본시장과 금융투자업에 관한 법률」, 그 밖의 관계 법령에 위반되지 아니하고, 그 절차의 이행에 흠이 없을 것
7. 자기자본비율, 부채 등이 적절한 수준일 것
8. 대통령령으로 정하는 주요 출자자가 충분한 출자능력과 건전한 재무상태를 갖추고 있을 것
④ 금융위원회는 금융기관 간의 합병을 인가하려면 제3항제3호에서 규정한 금융기관 간의 경쟁을 실질적으로 제한하지 아니하는지에 대하여 미리 공정거래위원회와 협의하여야 한다. <개정 2010.3.12>
⑤ 금융위원회는 제3항 각 호의 기준에 비추어 금융산업의 건전한 발전을 위하여 필요하다고 인정하면 제1항에 따른 인가에 조건을 붙일 수 있다. <개정 2010.3.12>
⑥ 제3항 각 호의 심사기준에 필요한 구체적인 사항은 금융위원회가 정하여 고시한다. <개정 2010.3.12>","② 감독원장은 이 법, 「금융산업의 구조개선에 관한 법률」 또는 「금융회사의 지배구조에 관한 법률」에 따른 인가ㆍ승인 등(이하 이 항에서 ""인가 등""이라 한다)의 심사를 진행함에 있어서 각각의 신청서 접수일로부터 다음 각 호에서 정하는 기간(각각의 심사기간에서 제외하는 기간은 감안하지 아니한다)을 경과한 인가 등의 심사 진행 상황 및 예상 심사 종료 시점을 금융위원회가 소집된 달에 마지막으로 개최되는 정례금융위원회에 매월 보고하여야 한다. 다만, 이 법 또는 「금융산업의 구조개선에 관한 법률」 또는 「금융회사의 지배구조에 관한 법률」에 따라 인가 등의 심사가 중단된 경우에는 그러하지 아니하다.
  1. 법 제3조에 따른 인가 : 인가신청서 접수일로부터 2개월
  2. 법 제8조에 따른 승인 : 승인신청서 접수일로부터 60일
  3. 법 제16조에 따른 승인 : 승인신청서 접수일로부터 2개월
  4. 법 제60조에 따른 인가 : 인가신청서 접수일로부터 2개월
  5. 「금융산업의 구조개선에 관한 법률」 제4조에 따른 인가 : 인가신청서 접수일로부터 2개월
  6. 「금융회사의 지배구조에 관한 법률」 제31조에 따른 승인 : 변경승인신청서 접수일로부터 60일 이내
  7. 제1호부터 제6호까지에 해당하지 아니하는 인가 등 : 각각의 신청서 접수일로부터 2개월 (신설 2019. 1. 31)",Y,http://www.law.go.kr/DRF/lawService.do?OC=***&target=admrul&ID=2100000285612&type=XML ; http://www.law.go.kr/DRF/lawService.do?OC=***&target=eflaw&MST=277245&efYd=20251001&type=XML,"금융지주회사감독규정(행정규칙 일련번호 2100000285612, 시행 20261002) ; 금융산업의 구조개선에 관한 법률(법률 일련번호 277245, 시행 20251001)",감독규정 제24조의3제2항제5호 → 법 제4조 (법령은 쪽 없음),,2026-10-01T17:09:40+09:00,6819a015fa7582d892181b9c27c7a8e239f33f4d0e014767f4e7ae9c7960aae9 ; ebd27bdefdc664e7b9b1609f612ccadf58fb279d78a1625ea60db54dc825e4ab
제38조제1항제1호,N,,금융산업의구조개선에관한법률 제2조제3호,법,있음 — 제2조제3호(정의),있음 — 제2조제3호(금융기관),법 제2조제3호,정의,"3. ""인수""란 금융기관의 주주 또는 임원이 아니거나 대통령령으로 정하는 일정 비율 이하의 주식을 가진 자 등 그 금융기관의 경영에 직접적인 책임이 있다고 인정되지 아니하는 자가 그 금융기관의 주식을 취득하여 최대주주가 되는 경우로서 그 금융기관을 사실상 지배하게 되는 것을 말한다.","3. ""인수""란 금융기관의 주주 또는 임원이 아니거나 대통령령으로 정하는 일정 비율 이하의 주식을 가진 자 등 그 금융기관의 경영에 직접적인 책임이 있다고 인정되지 아니하는 자가 그 금융기관의 주식을 취득하여 최대주주가 되는 경우로서 그 금융기관을 사실상 지배하게 되는 것을 말한다.","① 금융위는 금융지주회사가 다음 각 호의 어느 하나에 해당하는 경우에는 당해 금융지주회사에 대해 필요한 조치를 이행하도록 명령하여야 한다.(개정 2010. 3. 8)
  1. 금융산업의구조개선에관한법률 제2조제3호에서 정하는 부실금융기관
  2. 필요자본에 대한 자기자본비율이 100분의 25미만인 경우(단, 은행지주회사는 총자본비율 100분의 2 미만 또는 기본자본비율 100분의 1.5 미만 또는 보통주자본비율 100분의 1.2 미만인 경우를 말함) (개정 2006. 11. 30, 2013. 9.17)
  3. 제37조제1항의 규정에 의해 경영개선요구를 받은 금융지주회사가 경영개선계획의 주요사항을 이행하지 않아 제41조제6항의 규정에 의해 이행촉구를 받았음에도 이를 이행하지 아니하거나 이행이 곤란하여 정상적인 경영이 어려울 것으로 인정되는 경우",Y,http://www.law.go.kr/DRF/lawService.do?OC=***&target=admrul&ID=2100000285612&type=XML ; http://www.law.go.kr/DRF/lawService.do?OC=***&target=eflaw&MST=277245&efYd=20251001&type=XML,"금융지주회사감독규정(행정규칙 일련번호 2100000285612, 시행 20261002) ; 금융산업의 구조개선에 관한 법률(법률 일련번호 277245, 시행 20251001)",감독규정 제38조제1항제1호 → 법 제2조제3호 (법령은 쪽 없음),"기계 대조: 인용 호(제2조제3호)의 정의어 「인수」이(가) 감독규정 글에 없음(공백 무시); 감독규정 글에 있는 정의어: 「금융기관」(제2조제1호), 「부실금융기관」(제2조제2호) — 판단 필요",2026-10-01T17:09:40+09:00,6819a015fa7582d892181b9c27c7a8e239f33f4d0e014767f4e7ae9c7960aae9 ; ebd27bdefdc664e7b9b1609f612ccadf58fb279d78a1625ea60db54dc825e4ab
제43조,N,,금융산업의구조개선에관한법률 제2조제2호,법,있음 — 제2조제2호(정의),있음 — 제2조제2호(금융기관),법 제2조제2호,정의,"2. ""부실금융기관""이란 다음 각 목의 어느 하나에 해당하는 금융기관을 말한다.","2. ""부실금융기관""이란 다음 각 목의 어느 하나에 해당하는 금융기관을 말한다.
가. 경영상태를 실제 조사한 결과 부채가 자산을 초과하는 금융기관이나 거액의 금융사고 또는 부실채권의 발생으로 부채가 자산을 초과하여 정상적인 경영이 어려울 것이 명백한 금융기관으로서 금융위원회나 「예금자보호법」 제8조에 따른 예금보험위원회가 결정한 금융기관. 이 경우 부채와 자산의 평가 및 산정(算定)은 금융위원회가 미리 정하는 기준에 따른다.
나. 「예금자보호법」 제2조제4호에 따른 예금등 채권(이하 이 조에서 ""예금등 채권""이라 한다)의 지급이나 다른 금융기관으로부터의 차입금 상환이 정지된 금융기관
다. 외부로부터의 지원이나 별도의 차입(정상적인 금융거래에서 발생하는 차입은 제외한다)이 없이는 예금등 채권의 지급이나 차입금의 상환이 어렵다고 금융위원회나 「예금자보호법」 제8조에 따른 예금보험위원회가 인정한 금융기관","제43조(평가대상 금융지주회사) 금융산업의구조개선에관한법률 제2조제2호의 규정에 따른 부실 금융기관 결정을 위한 자산과 부채의 평가 및 산정대상이 되는 금융지주회사는 다음 각 호의 어느 하나에 해당하는 금융지주회사로 한다.(개정 2010. 3. 8, 2013. 9. 17)
  1. 금융지주회사등의 거액의 금융사고 또는 거액여신의 부실화 등으로 금융지주회사 자산의 건전성이 크게 악화되어 감독원장이 부채가 자산을 초과할 우려가 있다고 판단하는 금융지주회사
  2. 필요자본에 대한 자기자본비율이 100분의 50미만인 금융지주회사(단, 은행지주회사는 총자본비율 100분의 4 미만 또는 기본자본비율 100분의 3 미만 또는 보통주자본비율 100분의 2.3미만인 경우를 말함) (개정 2006. 11. 30, 2013. 9.17)
  3. 제35조의 규정에 의한 경영실태평가결과 감독원장이 정하는 평가부문의 평가등급이 5등급(위험)으로 판정된 금융지주회사",Y,http://www.law.go.kr/DRF/lawService.do?OC=***&target=admrul&ID=2100000285612&type=XML ; http://www.law.go.kr/DRF/lawService.do?OC=***&target=eflaw&MST=277245&efYd=20251001&type=XML,"금융지주회사감독규정(행정규칙 일련번호 2100000285612, 시행 20261002) ; 금융산업의 구조개선에 관한 법률(법률 일련번호 277245, 시행 20251001)",감독규정 제43조 → 법 제2조제2호 (법령은 쪽 없음),기계 대조: 인용 호의 정의어 「부실금융기관」이(가) 감독규정 글에 있음(공백 무시),2026-10-01T17:09:40+09:00,6819a015fa7582d892181b9c27c7a8e239f33f4d0e014767f4e7ae9c7960aae9 ; ebd27bdefdc664e7b9b1609f612ccadf58fb279d78a1625ea60db54dc825e4ab
제49조제1항제1호,N,,「금융산업의 구조개선에 관한 법률」 제2조제2호,법,있음 — 제2조제2호(정의),있음 — 제2조제2호(금융기관),법 제2조제2호,정의,"2. ""부실금융기관""이란 다음 각 목의 어느 하나에 해당하는 금융기관을 말한다.","2. ""부실금융기관""이란 다음 각 목의 어느 하나에 해당하는 금융기관을 말한다.
가. 경영상태를 실제 조사한 결과 부채가 자산을 초과하는 금융기관이나 거액의 금융사고 또는 부실채권의 발생으로 부채가 자산을 초과하여 정상적인 경영이 어려울 것이 명백한 금융기관으로서 금융위원회나 「예금자보호법」 제8조에 따른 예금보험위원회가 결정한 금융기관. 이 경우 부채와 자산의 평가 및 산정(算定)은 금융위원회가 미리 정하는 기준에 따른다.
나. 「예금자보호법」 제2조제4호에 따른 예금등 채권(이하 이 조에서 ""예금등 채권""이라 한다)의 지급이나 다른 금융기관으로부터의 차입금 상환이 정지된 금융기관
다. 외부로부터의 지원이나 별도의 차입(정상적인 금융거래에서 발생하는 차입은 제외한다)이 없이는 예금등 채권의 지급이나 차입금의 상환이 어렵다고 금융위원회나 「예금자보호법」 제8조에 따른 예금보험위원회가 인정한 금융기관","① 영 제11조의2제2항제1호에서 ""금융위원회가 정하여 고시하는 요건""이란 다음 각 호의 어느 하나에 해당하는 경우를 말한다.
  1. 발행은행지주회사가 영 제11조의2제4항에 따른 조건부자본증권의 채무재조정 또는 전환 없이는 생존이 불가능하다고 판단되어 「금융산업의 구조개선에 관한 법률」 제2조제2호에 따른 부실금융기관으로 지정된 경우
  2. 그 밖에 발행은행지주회사가 조건부자본증권을 발행할 당시 발행은행지주회사의 경영성과 또는 재무구조 등과 관련하여 미리 정한 일정한 조건을 충족하게 된 경우",Y,http://www.law.go.kr/DRF/lawService.do?OC=***&target=admrul&ID=2100000285612&type=XML ; http://www.law.go.kr/DRF/lawService.do?OC=***&target=eflaw&MST=277245&efYd=20251001&type=XML,"금융지주회사감독규정(행정규칙 일련번호 2100000285612, 시행 20261002) ; 금융산업의 구조개선에 관한 법률(법률 일련번호 277245, 시행 20251001)",감독규정 제49조제1항제1호 → 법 제2조제2호 (법령은 쪽 없음),기계 대조: 인용 호의 정의어 「부실금융기관」이(가) 감독규정 글에 있음(공백 무시),2026-10-01T17:09:40+09:00,6819a015fa7582d892181b9c27c7a8e239f33f4d0e014767f4e7ae9c7960aae9 ; ebd27bdefdc664e7b9b1609f612ccadf58fb279d78a1625ea60db54dc825e4ab
제7조제1항제4호,N,,「금융산업의 구조개선에 관한 법률」 제4조,법,있음 — 제4조(인가),있음 — 제4조(금융기관 인수자의 범위),법 제4조,인가,제4조(인가) ① 금융기관이 이 법에 따른 합병 또는 전환을 하려면 미리 금융위원회의 인가를 받아야 한다.,"제4조(인가)
① 금융기관이 이 법에 따른 합병 또는 전환을 하려면 미리 금융위원회의 인가를 받아야 한다. <개정 2010.3.12>
② 삭제 <1998.1.8>
③ 금융위원회는 제1항에 따른 인가를 할 때 다음 각 호의 기준에 적합한지를 심사하여야 한다. <개정 2010.3.12>
1. 합병 또는 전환의 목적이 금융산업의 합리화와 금융구조조정의 촉진 등을 위한 것일 것
2. 합병 또는 전환이 금융거래를 위축시키거나 기존 거래자에게 불이익을 줄 우려가 없는 등 금융산업의 효율화와 신용질서의 유지에 지장이 없을 것
3. 합병 또는 전환이 금융기관 간 경쟁을 실질적으로 제한하지 아니할 것
4. 합병 또는 전환 후에 하려는 업무의 범위가 관계 법령 등에 위반되지 아니하고 영업계획이 적정할 것
5. 합병 또는 전환 후 업무를 할 수 있는 조직 및 인력의 체제와 능력을 갖추고 있을 것
6. 「상법」, 「자본시장과 금융투자업에 관한 법률」, 그 밖의 관계 법령에 위반되지 아니하고, 그 절차의 이행에 흠이 없을 것
7. 자기자본비율, 부채 등이 적절한 수준일 것
8. 대통령령으로 정하는 주요 출자자가 충분한 출자능력과 건전한 재무상태를 갖추고 있을 것
④ 금융위원회는 금융기관 간의 합병을 인가하려면 제3항제3호에서 규정한 금융기관 간의 경쟁을 실질적으로 제한하지 아니하는지에 대하여 미리 공정거래위원회와 협의하여야 한다. <개정 2010.3.12>
⑤ 금융위원회는 제3항 각 호의 기준에 비추어 금융산업의 건전한 발전을 위하여 필요하다고 인정하면 제1항에 따른 인가에 조건을 붙일 수 있다. <개정 2010.3.12>
⑥ 제3항 각 호의 심사기준에 필요한 구체적인 사항은 금융위원회가 정하여 고시한다. <개정 2010.3.12>","① 다음 각 호의 인가 또는 승인(이하 이장에서 ""인가""라 한다)을 신청하고자 하는 자(이하 ""신청인""이라 한다)는 금융감독원장(이하 ""감독원장""이라 한다)이 정하는 바에 따라 관련 인가신청서 및 첨부서류를 금융위에 제출하여야 한다.(개정 2016. 7. 27)
  1. 법 제3조에 따른 금융지주회사의 설립인가
  1의2. 법 제8조의2제2항에 따른 비금융주력자의 주식보유 승인
  1의3. 법 제8조의2제3항에 따른 비금융주력자의 전환계획 승인
  2. 법 제16조에 따른 자회사등의 편입승인
  2의1. 법 제22조에 따른 비은행지주회사 전환계획 승인
  3. 법 제60조에 따른 합병등의 인가
  4. 「금융산업의 구조개선에 관한 법률」 제4조에 따른 합병 또는 전환의 인가",Y,http://www.law.go.kr/DRF/lawService.do?OC=***&target=admrul&ID=2100000285612&type=XML ; http://www.law.go.kr/DRF/lawService.do?OC=***&target=eflaw&MST=277245&efYd=20251001&type=XML,"금융지주회사감독규정(행정규칙 일련번호 2100000285612, 시행 20261002) ; 금융산업의 구조개선에 관한 법률(법률 일련번호 277245, 시행 20251001)",감독규정 제7조제1항제4호 → 법 제4조 (법령은 쪽 없음),,2026-10-01T17:09:40+09:00,6819a015fa7582d892181b9c27c7a8e239f33f4d0e014767f4e7ae9c7960aae9 ; ebd27bdefdc664e7b9b1609f612ccadf58fb279d78a1625ea60db54dc825e4ab
