표시,위치,md_줄,pdf_page,source_text,rcept_no_or_url,doc_name,page,note,collected_at,source_sha256
적용 대상(제1장 3.),제1장 총 칙 > 3. (적용 대상),18~22,1,"3. (적용 대상)
가. 이 기준은 국내에서 영업하는 보험회사에 적용한다. 단, 직전 사업연도 말 기준 수입보험료가 5천억원 이하인 보험회사와 ‘외국보험회사 국내지점’은 자체 위험 및 지급여력 평가를 이사회(이사회가 없는 ‘외국보험회사 국내지점’의 경우 지점의 대표, 이하 동일) 승인으로 적용을 유예할 수 있다.
나. 단, 직전 사업연도 말 처음으로 자체 위험 및 지급여력 평가 적용 대상이 된 보험회사는 자체 위험 및 지급여력 평가를 다음 사업연도부터 시행할 수 있다.
다. ""가.""의 단서에 해당하는 보험회사의 경우에도 인프라, 조직구조, 지원인력 등이 충분하다고 판단할 경우, 이사회에서 결정한 바에 따라 자체 위험 및 지급여력 평가를 수행할 수 있다.
라. ""가.""의 단서에 해당하는 보험회사의 경우에도 보험회사의 규모, 리스크량 및 리스크 익스포져의 변화 등을 고려할 때 자체 위험 및 지급여력 평가가 필요하다고 감독원장이 인정하는 경우 이 기준을 적용하도록 요구할 수 있다.",https://www.law.go.kr/LSW/flDownload.do?flSeq=168886111 ; http://www.law.go.kr/LSW/flDownload.do?flSeq=168886133,"보험업감독업무시행세칙(세칙 일련번호 2200000108939, 시행 20260910) [별표 37] 자체 위험 및 지급여력평가체제 구축·운용 및 점검 기준(제5-6조의2 관련)",pdf p.1 · md 「## 원문」 18~22번째 줄,제1장 「3. (적용 대상)」 항목 전체(다음 번호 항목·장 앞까지),2026-10-01T17:15:13+09:00,hwp fb82ac19c8b2d8fbb563bffa55597f2b61d96633be57ab20fceb790d107d4f37 ; pdf 6dbac1e55cd534556efbaf497e5ed472e81b60fc2b11249a3592f3ea212b3650
시행 시기·유예,제1장 총 칙 > 3. (적용 대상) > 가.,19,1,"가. 이 기준은 국내에서 영업하는 보험회사에 적용한다. 단, 직전 사업연도 말 기준 수입보험료가 5천억원 이하인 보험회사와 ‘외국보험회사 국내지점’은 자체 위험 및 지급여력 평가를 이사회(이사회가 없는 ‘외국보험회사 국내지점’의 경우 지점의 대표, 이하 동일) 승인으로 적용을 유예할 수 있다.",https://www.law.go.kr/LSW/flDownload.do?flSeq=168886111 ; http://www.law.go.kr/LSW/flDownload.do?flSeq=168886133,"보험업감독업무시행세칙(세칙 일련번호 2200000108939, 시행 20260910) [별표 37] 자체 위험 및 지급여력평가체제 구축·운용 및 점검 기준(제5-6조의2 관련)",pdf p.1 · md 「## 원문」 19번째 줄,판정 낱말: 유예,2026-10-01T17:15:13+09:00,hwp fb82ac19c8b2d8fbb563bffa55597f2b61d96633be57ab20fceb790d107d4f37 ; pdf 6dbac1e55cd534556efbaf497e5ed472e81b60fc2b11249a3592f3ea212b3650
시행 시기·유예,제1장 총 칙 > 3. (적용 대상) > 나.,20,2,"나. 단, 직전 사업연도 말 처음으로 자체 위험 및 지급여력 평가 적용 대상이 된 보험회사는 자체 위험 및 지급여력 평가를 다음 사업연도부터 시행할 수 있다.",https://www.law.go.kr/LSW/flDownload.do?flSeq=168886111 ; http://www.law.go.kr/LSW/flDownload.do?flSeq=168886133,"보험업감독업무시행세칙(세칙 일련번호 2200000108939, 시행 20260910) [별표 37] 자체 위험 및 지급여력평가체제 구축·운용 및 점검 기준(제5-6조의2 관련)",pdf p.2 · md 「## 원문」 20번째 줄,판정 낱말: 시행,2026-10-01T17:15:13+09:00,hwp fb82ac19c8b2d8fbb563bffa55597f2b61d96633be57ab20fceb790d107d4f37 ; pdf 6dbac1e55cd534556efbaf497e5ed472e81b60fc2b11249a3592f3ea212b3650
이사회·위원회 보고,제1장 총 칙 > 3. (적용 대상) > 가.,19,1,"가. 이 기준은 국내에서 영업하는 보험회사에 적용한다. 단, 직전 사업연도 말 기준 수입보험료가 5천억원 이하인 보험회사와 ‘외국보험회사 국내지점’은 자체 위험 및 지급여력 평가를 이사회(이사회가 없는 ‘외국보험회사 국내지점’의 경우 지점의 대표, 이하 동일) 승인으로 적용을 유예할 수 있다.",https://www.law.go.kr/LSW/flDownload.do?flSeq=168886111 ; http://www.law.go.kr/LSW/flDownload.do?flSeq=168886133,"보험업감독업무시행세칙(세칙 일련번호 2200000108939, 시행 20260910) [별표 37] 자체 위험 및 지급여력평가체제 구축·운용 및 점검 기준(제5-6조의2 관련)",pdf p.1 · md 「## 원문」 19번째 줄,판정 낱말: 이사회,2026-10-01T17:15:13+09:00,hwp fb82ac19c8b2d8fbb563bffa55597f2b61d96633be57ab20fceb790d107d4f37 ; pdf 6dbac1e55cd534556efbaf497e5ed472e81b60fc2b11249a3592f3ea212b3650
이사회·위원회 보고,제1장 총 칙 > 3. (적용 대상) > 다.,21,2,"다. ""가.""의 단서에 해당하는 보험회사의 경우에도 인프라, 조직구조, 지원인력 등이 충분하다고 판단할 경우, 이사회에서 결정한 바에 따라 자체 위험 및 지급여력 평가를 수행할 수 있다.",https://www.law.go.kr/LSW/flDownload.do?flSeq=168886111 ; http://www.law.go.kr/LSW/flDownload.do?flSeq=168886133,"보험업감독업무시행세칙(세칙 일련번호 2200000108939, 시행 20260910) [별표 37] 자체 위험 및 지급여력평가체제 구축·운용 및 점검 기준(제5-6조의2 관련)",pdf p.2 · md 「## 원문」 21번째 줄,판정 낱말: 이사회,2026-10-01T17:15:13+09:00,hwp fb82ac19c8b2d8fbb563bffa55597f2b61d96633be57ab20fceb790d107d4f37 ; pdf 6dbac1e55cd534556efbaf497e5ed472e81b60fc2b11249a3592f3ea212b3650
이사회·위원회 보고,제2장 자체 위험 및 지급여력 평가체제 구축·운용 > 제1절 총칙 > 4. (일반 원칙) > 다.,29,2,(1) 이사회와 경영진의 관리 감독,https://www.law.go.kr/LSW/flDownload.do?flSeq=168886111 ; http://www.law.go.kr/LSW/flDownload.do?flSeq=168886133,"보험업감독업무시행세칙(세칙 일련번호 2200000108939, 시행 20260910) [별표 37] 자체 위험 및 지급여력평가체제 구축·운용 및 점검 기준(제5-6조의2 관련)",pdf p.2 · md 「## 원문」 29번째 줄,판정 낱말: 이사회,2026-10-01T17:15:13+09:00,hwp fb82ac19c8b2d8fbb563bffa55597f2b61d96633be57ab20fceb790d107d4f37 ; pdf 6dbac1e55cd534556efbaf497e5ed472e81b60fc2b11249a3592f3ea212b3650
이사회·위원회 보고,제2장 자체 위험 및 지급여력 평가체제 구축·운용 > 제2절 이사회와 경영진의 관리 감독,37,3,제2절 이사회와 경영진의 관리 감독,https://www.law.go.kr/LSW/flDownload.do?flSeq=168886111 ; http://www.law.go.kr/LSW/flDownload.do?flSeq=168886133,"보험업감독업무시행세칙(세칙 일련번호 2200000108939, 시행 20260910) [별표 37] 자체 위험 및 지급여력평가체제 구축·운용 및 점검 기준(제5-6조의2 관련)",pdf p.3 · md 「## 원문」 37번째 줄,판정 낱말: 이사회,2026-10-01T17:15:13+09:00,hwp fb82ac19c8b2d8fbb563bffa55597f2b61d96633be57ab20fceb790d107d4f37 ; pdf 6dbac1e55cd534556efbaf497e5ed472e81b60fc2b11249a3592f3ea212b3650
이사회·위원회 보고,제2장 자체 위험 및 지급여력 평가체제 구축·운용 > 제2절 이사회와 경영진의 관리 감독 > 5. (이사회의 역할 및 책임),38,3,5. (이사회의 역할 및 책임),https://www.law.go.kr/LSW/flDownload.do?flSeq=168886111 ; http://www.law.go.kr/LSW/flDownload.do?flSeq=168886133,"보험업감독업무시행세칙(세칙 일련번호 2200000108939, 시행 20260910) [별표 37] 자체 위험 및 지급여력평가체제 구축·운용 및 점검 기준(제5-6조의2 관련)",pdf p.3 · md 「## 원문」 38번째 줄,판정 낱말: 이사회,2026-10-01T17:15:13+09:00,hwp fb82ac19c8b2d8fbb563bffa55597f2b61d96633be57ab20fceb790d107d4f37 ; pdf 6dbac1e55cd534556efbaf497e5ed472e81b60fc2b11249a3592f3ea212b3650
이사회·위원회 보고,제2장 자체 위험 및 지급여력 평가체제 구축·운용 > 제2절 이사회와 경영진의 관리 감독 > 5. (이사회의 역할 및 책임) > 가.,39,3,가. 이사회는 자체 위험 및 지급여력 평가체제가 보험회사의 리스크 요인을 파악하고 이를 선제적으로 관리하는 중요한 역할을 수행함을 인식하여야 한다.,https://www.law.go.kr/LSW/flDownload.do?flSeq=168886111 ; http://www.law.go.kr/LSW/flDownload.do?flSeq=168886133,"보험업감독업무시행세칙(세칙 일련번호 2200000108939, 시행 20260910) [별표 37] 자체 위험 및 지급여력평가체제 구축·운용 및 점검 기준(제5-6조의2 관련)",pdf p.3 · md 「## 원문」 39번째 줄,판정 낱말: 이사회,2026-10-01T17:15:13+09:00,hwp fb82ac19c8b2d8fbb563bffa55597f2b61d96633be57ab20fceb790d107d4f37 ; pdf 6dbac1e55cd534556efbaf497e5ed472e81b60fc2b11249a3592f3ea212b3650
이사회·위원회 보고,제2장 자체 위험 및 지급여력 평가체제 구축·운용 > 제2절 이사회와 경영진의 관리 감독 > 5. (이사회의 역할 및 책임) > 나.,40,3,"나. 이사회는 자체 위험 및 지급여력 평가체제를 승인하고 최소 연 1회 평가 결과를 보고 받는 등 자체 위험 및 지급여력 평가 과정에 적극적으로 참여해야 하며, 평가 결과에 대한 최종 책임을 진다.",https://www.law.go.kr/LSW/flDownload.do?flSeq=168886111 ; http://www.law.go.kr/LSW/flDownload.do?flSeq=168886133,"보험업감독업무시행세칙(세칙 일련번호 2200000108939, 시행 20260910) [별표 37] 자체 위험 및 지급여력평가체제 구축·운용 및 점검 기준(제5-6조의2 관련)",pdf p.3 · md 「## 원문」 40번째 줄,판정 낱말: 이사회,2026-10-01T17:15:13+09:00,hwp fb82ac19c8b2d8fbb563bffa55597f2b61d96633be57ab20fceb790d107d4f37 ; pdf 6dbac1e55cd534556efbaf497e5ed472e81b60fc2b11249a3592f3ea212b3650
이사회·위원회 보고,제2장 자체 위험 및 지급여력 평가체제 구축·운용 > 제2절 이사회와 경영진의 관리 감독 > 5. (이사회의 역할 및 책임) > 다.,44,3,"다. 효율적인 리스크관리를 위하여 필요하다고 인정되는 경우, 위임전결규정 및 근거를 마련하여 이 기준의 제6항부터 제18항까지에서 이사회에서 수행하도록 정하고 있는 업무 중 일부를 이사회 내의 위험관리위원회에 위임할 수 있다.",https://www.law.go.kr/LSW/flDownload.do?flSeq=168886111 ; http://www.law.go.kr/LSW/flDownload.do?flSeq=168886133,"보험업감독업무시행세칙(세칙 일련번호 2200000108939, 시행 20260910) [별표 37] 자체 위험 및 지급여력평가체제 구축·운용 및 점검 기준(제5-6조의2 관련)",pdf p.3 · md 「## 원문」 44번째 줄,"판정 낱말: 위원회, 이사회",2026-10-01T17:15:13+09:00,hwp fb82ac19c8b2d8fbb563bffa55597f2b61d96633be57ab20fceb790d107d4f37 ; pdf 6dbac1e55cd534556efbaf497e5ed472e81b60fc2b11249a3592f3ea212b3650
이사회·위원회 보고,제2장 자체 위험 및 지급여력 평가체제 구축·운용 > 제2절 이사회와 경영진의 관리 감독 > 7. (이사회와 경영진의 유의 사항),53,4,7. (이사회와 경영진의 유의 사항) 보험회사의 자체 위험 및 지급여력 평가와 관련하여 이사회와 경영진이 유의해야 할 사항은 다음과 같다.,https://www.law.go.kr/LSW/flDownload.do?flSeq=168886111 ; http://www.law.go.kr/LSW/flDownload.do?flSeq=168886133,"보험업감독업무시행세칙(세칙 일련번호 2200000108939, 시행 20260910) [별표 37] 자체 위험 및 지급여력평가체제 구축·운용 및 점검 기준(제5-6조의2 관련)",pdf p.4 · md 「## 원문」 53번째 줄,판정 낱말: 이사회,2026-10-01T17:15:13+09:00,hwp fb82ac19c8b2d8fbb563bffa55597f2b61d96633be57ab20fceb790d107d4f37 ; pdf 6dbac1e55cd534556efbaf497e5ed472e81b60fc2b11249a3592f3ea212b3650
이사회·위원회 보고,제2장 자체 위험 및 지급여력 평가체제 구축·운용 > 제2절 이사회와 경영진의 관리 감독 > 7. (이사회와 경영진의 유의 사항) > 마.,60,4,"마. 위험관리조직은 사업 부문으로부터 독립성을 확보하여야 하며, 리스크 한도 위반 등의 우려 상황이 발생하면 최고경영자 및 이사회에 보고하여야 한다.",https://www.law.go.kr/LSW/flDownload.do?flSeq=168886111 ; http://www.law.go.kr/LSW/flDownload.do?flSeq=168886133,"보험업감독업무시행세칙(세칙 일련번호 2200000108939, 시행 20260910) [별표 37] 자체 위험 및 지급여력평가체제 구축·운용 및 점검 기준(제5-6조의2 관련)",pdf p.4 · md 「## 원문」 60번째 줄,판정 낱말: 이사회,2026-10-01T17:15:13+09:00,hwp fb82ac19c8b2d8fbb563bffa55597f2b61d96633be57ab20fceb790d107d4f37 ; pdf 6dbac1e55cd534556efbaf497e5ed472e81b60fc2b11249a3592f3ea212b3650
이사회·위원회 보고,제2장 자체 위험 및 지급여력 평가체제 구축·운용 > 제4절 자체 지급여력 평가 > 15. (평가 범위 및 주기) > 라.,134,8,"(2) 분기별 점검결과는 매분기 종료후 3개월 이내에 이사회에 보고하여야 한다. 단, 연도말 결산 보고에 한하여 종료 후 4개월 이내로 한다.",https://www.law.go.kr/LSW/flDownload.do?flSeq=168886111 ; http://www.law.go.kr/LSW/flDownload.do?flSeq=168886133,"보험업감독업무시행세칙(세칙 일련번호 2200000108939, 시행 20260910) [별표 37] 자체 위험 및 지급여력평가체제 구축·운용 및 점검 기준(제5-6조의2 관련)",pdf p.8 · md 「## 원문」 134번째 줄,판정 낱말: 이사회,2026-10-01T17:15:13+09:00,hwp fb82ac19c8b2d8fbb563bffa55597f2b61d96633be57ab20fceb790d107d4f37 ; pdf 6dbac1e55cd534556efbaf497e5ed472e81b60fc2b11249a3592f3ea212b3650
이사회·위원회 보고,제2장 자체 위험 및 지급여력 평가체제 구축·운용 > 제4절 자체 지급여력 평가 > 15. (평가 범위 및 주기) > 라.,135,8,"(3) 단, 리스크 한도 위반 등의 우려 상황이 발생하면 리스크관리위원회에 보고하고 이에 따라 적절한 조치를 취해야 한다.",https://www.law.go.kr/LSW/flDownload.do?flSeq=168886111 ; http://www.law.go.kr/LSW/flDownload.do?flSeq=168886133,"보험업감독업무시행세칙(세칙 일련번호 2200000108939, 시행 20260910) [별표 37] 자체 위험 및 지급여력평가체제 구축·운용 및 점검 기준(제5-6조의2 관련)",pdf p.8 · md 「## 원문」 135번째 줄,판정 낱말: 위원회,2026-10-01T17:15:13+09:00,hwp fb82ac19c8b2d8fbb563bffa55597f2b61d96633be57ab20fceb790d107d4f37 ; pdf 6dbac1e55cd534556efbaf497e5ed472e81b60fc2b11249a3592f3ea212b3650
이사회·위원회 보고,제2장 자체 위험 및 지급여력 평가체제 구축·운용 > 제5절 평가 결과 활용 및 사후관리 > 17. (모니터링 및 보고) > 가.,142,8,"가. 보험회사는 리스크 익스포져 및 리스크 특성의 변화가 자체 지급여력에 미치는 영향을 모니터링하고, 이사회와 경영진에 정기적으로 보고하는 절차를 구축하여야 한다.",https://www.law.go.kr/LSW/flDownload.do?flSeq=168886111 ; http://www.law.go.kr/LSW/flDownload.do?flSeq=168886133,"보험업감독업무시행세칙(세칙 일련번호 2200000108939, 시행 20260910) [별표 37] 자체 위험 및 지급여력평가체제 구축·운용 및 점검 기준(제5-6조의2 관련)",pdf p.8 · md 「## 원문」 142번째 줄,판정 낱말: 이사회,2026-10-01T17:15:13+09:00,hwp fb82ac19c8b2d8fbb563bffa55597f2b61d96633be57ab20fceb790d107d4f37 ; pdf 6dbac1e55cd534556efbaf497e5ed472e81b60fc2b11249a3592f3ea212b3650
이사회·위원회 보고,제2장 자체 위험 및 지급여력 평가체제 구축·운용 > 제5절 평가 결과 활용 및 사후관리 > 17. (모니터링 및 보고) > 나.,143,9,나. 이사회 및 경영진에 대한 보고는 다음의 사항들을 포함하여야 한다.,https://www.law.go.kr/LSW/flDownload.do?flSeq=168886111 ; http://www.law.go.kr/LSW/flDownload.do?flSeq=168886133,"보험업감독업무시행세칙(세칙 일련번호 2200000108939, 시행 20260910) [별표 37] 자체 위험 및 지급여력평가체제 구축·운용 및 점검 기준(제5-6조의2 관련)",pdf p.9 · md 「## 원문」 143번째 줄,판정 낱말: 이사회,2026-10-01T17:15:13+09:00,hwp fb82ac19c8b2d8fbb563bffa55597f2b61d96633be57ab20fceb790d107d4f37 ; pdf 6dbac1e55cd534556efbaf497e5ed472e81b60fc2b11249a3592f3ea212b3650
이사회·위원회 보고,제2장 자체 위험 및 지급여력 평가체제 구축·운용 > 제5절 평가 결과 활용 및 사후관리 > 19. (문서화) > 나.,158,9,나. “가.”의 정책은 이사회의 승인을 받아야 한다.,https://www.law.go.kr/LSW/flDownload.do?flSeq=168886111 ; http://www.law.go.kr/LSW/flDownload.do?flSeq=168886133,"보험업감독업무시행세칙(세칙 일련번호 2200000108939, 시행 20260910) [별표 37] 자체 위험 및 지급여력평가체제 구축·운용 및 점검 기준(제5-6조의2 관련)",pdf p.9 · md 「## 원문」 158번째 줄,판정 낱말: 이사회,2026-10-01T17:15:13+09:00,hwp fb82ac19c8b2d8fbb563bffa55597f2b61d96633be57ab20fceb790d107d4f37 ; pdf 6dbac1e55cd534556efbaf497e5ed472e81b60fc2b11249a3592f3ea212b3650
이사회·위원회 보고,제3장 자체 위험 및 지급여력 평가체제에 대한 감독당국의 점검 > 20. (감독당국의 점검) > 가.,164,10,가. 보험회사는 자체 위험 및 지급여력 평가 보고서를 작성하여 이사회 승인(보고)을 거쳐 다음 사업연도 6월까지 감독원장에게 제출하여야 한다.,https://www.law.go.kr/LSW/flDownload.do?flSeq=168886111 ; http://www.law.go.kr/LSW/flDownload.do?flSeq=168886133,"보험업감독업무시행세칙(세칙 일련번호 2200000108939, 시행 20260910) [별표 37] 자체 위험 및 지급여력평가체제 구축·운용 및 점검 기준(제5-6조의2 관련)",pdf p.10 · md 「## 원문」 164번째 줄,판정 낱말: 이사회,2026-10-01T17:15:13+09:00,hwp fb82ac19c8b2d8fbb563bffa55597f2b61d96633be57ab20fceb790d107d4f37 ; pdf 6dbac1e55cd534556efbaf497e5ed472e81b60fc2b11249a3592f3ea212b3650
자회사·그룹 범위,제2장 자체 위험 및 지급여력 평가체제 구축·운용 > 제3절 자체 위험평가 > 8. (중요 리스크 선정) > 나.,64,4,"나. ""가.""의 중요 리스크에는 최소한 보험리스크, 시장리스크, 신용리스크, 집중리스크, 운영리스크, 유동성리스크 등이 포함되어야 하며, 영업행위리스크, 법적리스크, 정치리스크, 평판리스크, 전략리스크, 그룹리스크, 모델리스크, 기후리스크, 사이버리스크 등 여타 리스크도 포함될 수 있다.",https://www.law.go.kr/LSW/flDownload.do?flSeq=168886111 ; http://www.law.go.kr/LSW/flDownload.do?flSeq=168886133,"보험업감독업무시행세칙(세칙 일련번호 2200000108939, 시행 20260910) [별표 37] 자체 위험 및 지급여력평가체제 구축·운용 및 점검 기준(제5-6조의2 관련)",pdf p.4 · md 「## 원문」 64번째 줄,판정 낱말: 그룹,2026-10-01T17:15:13+09:00,hwp fb82ac19c8b2d8fbb563bffa55597f2b61d96633be57ab20fceb790d107d4f37 ; pdf 6dbac1e55cd534556efbaf497e5ed472e81b60fc2b11249a3592f3ea212b3650
자회사·그룹 범위,제2장 자체 위험 및 지급여력 평가체제 구축·운용 > 제4절 자체 지급여력 평가 > 13. (그룹 기준 평가),104,6,13. (그룹 기준 평가),https://www.law.go.kr/LSW/flDownload.do?flSeq=168886111 ; http://www.law.go.kr/LSW/flDownload.do?flSeq=168886133,"보험업감독업무시행세칙(세칙 일련번호 2200000108939, 시행 20260910) [별표 37] 자체 위험 및 지급여력평가체제 구축·운용 및 점검 기준(제5-6조의2 관련)",pdf p.6 · md 「## 원문」 104번째 줄,판정 낱말: 그룹,2026-10-01T17:15:13+09:00,hwp fb82ac19c8b2d8fbb563bffa55597f2b61d96633be57ab20fceb790d107d4f37 ; pdf 6dbac1e55cd534556efbaf497e5ed472e81b60fc2b11249a3592f3ea212b3650
자회사·그룹 범위,제2장 자체 위험 및 지급여력 평가체제 구축·운용 > 제4절 자체 지급여력 평가 > 13. (그룹 기준 평가) > 가.,105,7,가. 보험회사는 주요 위험의 변동 상황을 그룹 기준으로 종합적으로 인식하고 감시하기 위해 다음의 사항을 추가로 고려하는 등 자체 위험 및 지급여력 평가를 그룹 기준으로 실행하여야 한다.,https://www.law.go.kr/LSW/flDownload.do?flSeq=168886111 ; http://www.law.go.kr/LSW/flDownload.do?flSeq=168886133,"보험업감독업무시행세칙(세칙 일련번호 2200000108939, 시행 20260910) [별표 37] 자체 위험 및 지급여력평가체제 구축·운용 및 점검 기준(제5-6조의2 관련)",pdf p.7 · md 「## 원문」 105번째 줄,판정 낱말: 그룹,2026-10-01T17:15:13+09:00,hwp fb82ac19c8b2d8fbb563bffa55597f2b61d96633be57ab20fceb790d107d4f37 ; pdf 6dbac1e55cd534556efbaf497e5ed472e81b60fc2b11249a3592f3ea212b3650
자회사·그룹 범위,제2장 자체 위험 및 지급여력 평가체제 구축·운용 > 제4절 자체 지급여력 평가 > 13. (그룹 기준 평가) > 가.,106,7,"(1) 자본규제를 받지 않는 종속회사 및 관계회사(이하, ‘자회사’)와, 그룹 내 상호 의존성이 높은 자회사가 그룹의 리스크 프로파일에 미치는 영향",https://www.law.go.kr/LSW/flDownload.do?flSeq=168886111 ; http://www.law.go.kr/LSW/flDownload.do?flSeq=168886133,"보험업감독업무시행세칙(세칙 일련번호 2200000108939, 시행 20260910) [별표 37] 자체 위험 및 지급여력평가체제 구축·운용 및 점검 기준(제5-6조의2 관련)",pdf p.7 · md 「## 원문」 106번째 줄,"판정 낱말: 그룹, 자회사",2026-10-01T17:15:13+09:00,hwp fb82ac19c8b2d8fbb563bffa55597f2b61d96633be57ab20fceb790d107d4f37 ; pdf 6dbac1e55cd534556efbaf497e5ed472e81b60fc2b11249a3592f3ea212b3650
자회사·그룹 범위,제2장 자체 위험 및 지급여력 평가체제 구축·운용 > 제4절 자체 지급여력 평가 > 13. (그룹 기준 평가) > 가.,107,7,"(2) 전이리스크 등 개별 회사 단위에서는 고려하지 않았으나, 그룹 기준에서 발생할 수 있는 리스크",https://www.law.go.kr/LSW/flDownload.do?flSeq=168886111 ; http://www.law.go.kr/LSW/flDownload.do?flSeq=168886133,"보험업감독업무시행세칙(세칙 일련번호 2200000108939, 시행 20260910) [별표 37] 자체 위험 및 지급여력평가체제 구축·운용 및 점검 기준(제5-6조의2 관련)",pdf p.7 · md 「## 원문」 107번째 줄,판정 낱말: 그룹,2026-10-01T17:15:13+09:00,hwp fb82ac19c8b2d8fbb563bffa55597f2b61d96633be57ab20fceb790d107d4f37 ; pdf 6dbac1e55cd534556efbaf497e5ed472e81b60fc2b11249a3592f3ea212b3650
자회사·그룹 범위,제2장 자체 위험 및 지급여력 평가체제 구축·운용 > 제4절 자체 지급여력 평가 > 13. (그룹 기준 평가) > 가.,108,7,"(3) 그룹 내 자본조달 및 상호지원, 자산의 이전 가능성",https://www.law.go.kr/LSW/flDownload.do?flSeq=168886111 ; http://www.law.go.kr/LSW/flDownload.do?flSeq=168886133,"보험업감독업무시행세칙(세칙 일련번호 2200000108939, 시행 20260910) [별표 37] 자체 위험 및 지급여력평가체제 구축·운용 및 점검 기준(제5-6조의2 관련)",pdf p.7 · md 「## 원문」 108번째 줄,판정 낱말: 그룹,2026-10-01T17:15:13+09:00,hwp fb82ac19c8b2d8fbb563bffa55597f2b61d96633be57ab20fceb790d107d4f37 ; pdf 6dbac1e55cd534556efbaf497e5ed472e81b60fc2b11249a3592f3ea212b3650
자회사·그룹 범위,제2장 자체 위험 및 지급여력 평가체제 구축·운용 > 제4절 자체 지급여력 평가 > 13. (그룹 기준 평가) > 가.,109,7,"(4) 그룹 내 개별 회사 간 사업전략, 사업계획 및 리스크 프로파일 차이, 그룹의 분리나 그룹구조의 여타 변화 등으로 인한 영향",https://www.law.go.kr/LSW/flDownload.do?flSeq=168886111 ; http://www.law.go.kr/LSW/flDownload.do?flSeq=168886133,"보험업감독업무시행세칙(세칙 일련번호 2200000108939, 시행 20260910) [별표 37] 자체 위험 및 지급여력평가체제 구축·운용 및 점검 기준(제5-6조의2 관련)",pdf p.7 · md 「## 원문」 109번째 줄,판정 낱말: 그룹,2026-10-01T17:15:13+09:00,hwp fb82ac19c8b2d8fbb563bffa55597f2b61d96633be57ab20fceb790d107d4f37 ; pdf 6dbac1e55cd534556efbaf497e5ed472e81b60fc2b11249a3592f3ea212b3650
자회사·그룹 범위,제2장 자체 위험 및 지급여력 평가체제 구축·운용 > 제4절 자체 지급여력 평가 > 13. (그룹 기준 평가) > 가.,110,7,(5) 국가별 특성 차이가 그룹의 리스크 프로파일에 미치는 영향,https://www.law.go.kr/LSW/flDownload.do?flSeq=168886111 ; http://www.law.go.kr/LSW/flDownload.do?flSeq=168886133,"보험업감독업무시행세칙(세칙 일련번호 2200000108939, 시행 20260910) [별표 37] 자체 위험 및 지급여력평가체제 구축·운용 및 점검 기준(제5-6조의2 관련)",pdf p.7 · md 「## 원문」 110번째 줄,판정 낱말: 그룹,2026-10-01T17:15:13+09:00,hwp fb82ac19c8b2d8fbb563bffa55597f2b61d96633be57ab20fceb790d107d4f37 ; pdf 6dbac1e55cd534556efbaf497e5ed472e81b60fc2b11249a3592f3ea212b3650
자회사·그룹 범위,제2장 자체 위험 및 지급여력 평가체제 구축·운용 > 제4절 자체 지급여력 평가 > 13. (그룹 기준 평가) > 가.,111,7,(6) 그룹 내 리스크 다각화 방안,https://www.law.go.kr/LSW/flDownload.do?flSeq=168886111 ; http://www.law.go.kr/LSW/flDownload.do?flSeq=168886133,"보험업감독업무시행세칙(세칙 일련번호 2200000108939, 시행 20260910) [별표 37] 자체 위험 및 지급여력평가체제 구축·운용 및 점검 기준(제5-6조의2 관련)",pdf p.7 · md 「## 원문」 111번째 줄,판정 낱말: 그룹,2026-10-01T17:15:13+09:00,hwp fb82ac19c8b2d8fbb563bffa55597f2b61d96633be57ab20fceb790d107d4f37 ; pdf 6dbac1e55cd534556efbaf497e5ed472e81b60fc2b11249a3592f3ea212b3650
자회사·그룹 범위,제2장 자체 위험 및 지급여력 평가체제 구축·운용 > 제4절 자체 지급여력 평가 > 13. (그룹 기준 평가) > 나.,112,7,"나. 보험회사는 그룹구조의 잠재적 변화, 그룹 내 계열사가 사업을 지속할 수 있는 능력 등 그룹의 지속성을 분석해야 한다.",https://www.law.go.kr/LSW/flDownload.do?flSeq=168886111 ; http://www.law.go.kr/LSW/flDownload.do?flSeq=168886133,"보험업감독업무시행세칙(세칙 일련번호 2200000108939, 시행 20260910) [별표 37] 자체 위험 및 지급여력평가체제 구축·운용 및 점검 기준(제5-6조의2 관련)",pdf p.7 · md 「## 원문」 112번째 줄,"판정 낱말: 계열, 그룹",2026-10-01T17:15:13+09:00,hwp fb82ac19c8b2d8fbb563bffa55597f2b61d96633be57ab20fceb790d107d4f37 ; pdf 6dbac1e55cd534556efbaf497e5ed472e81b60fc2b11249a3592f3ea212b3650
자회사·그룹 범위,제2장 자체 위험 및 지급여력 평가체제 구축·운용 > 제4절 자체 지급여력 평가 > 13. (그룹 기준 평가) > 라.,114,7,"라. 그룹의 범위, 종속회사 및 관계회사에 대한 평가 방법 등 그룹 기준 평가를 위한 세부 사항은 <별표 22>에서 정한 바에 따를 수 있으며, 따르지 않을 경우에는 그 차이에 대한 사항을 문서화하여야 한다.",https://www.law.go.kr/LSW/flDownload.do?flSeq=168886111 ; http://www.law.go.kr/LSW/flDownload.do?flSeq=168886133,"보험업감독업무시행세칙(세칙 일련번호 2200000108939, 시행 20260910) [별표 37] 자체 위험 및 지급여력평가체제 구축·운용 및 점검 기준(제5-6조의2 관련)",pdf p.7 · md 「## 원문」 114번째 줄,판정 낱말: 그룹,2026-10-01T17:15:13+09:00,hwp fb82ac19c8b2d8fbb563bffa55597f2b61d96633be57ab20fceb790d107d4f37 ; pdf 6dbac1e55cd534556efbaf497e5ed472e81b60fc2b11249a3592f3ea212b3650
시행 시기·유예,"세칙 부칙 <제9999호,2016. 4. 28.>",,,"제1조(시행일) 개정 세칙 중 제5-7조의3, 별표 22, 별지 26의 규정은 2016년 10월 1일부터, 제5-3조의2, 제5-6조의2, 별표 33의 규정은 2017년 1월 1일부터 시행한다.",http://www.law.go.kr/DRF/lawService.do?OC=***&target=admrul&ID=2200000108939&type=XML,보험업감독업무시행세칙(일련번호 2200000108939) 부칙 — 원문 XML 부칙내용,"세칙 부칙 <제9999호,2016. 4. 28.> (원문 XML, 쪽 없음)",세칙 부칙(별표 밖). 제5-6조의2(별표37 의 근거 조)를 언급. 판정 낱말: 5-6조의2,2026-10-01T09:44:41+09:00,1beec3b7c2bc542f415c6df728f1a5267bf94fdee1c0e87e59ffaf5b79a06937
시행 시기·유예,"세칙 부칙 <제9999호, 2026. 6. 29.>",,,제1조(시행일) 이 세칙은 2026년 6월 30일부터 시행한다.,http://www.law.go.kr/DRF/lawService.do?OC=***&target=admrul&ID=2200000108939&type=XML,보험업감독업무시행세칙(일련번호 2200000108939) 부칙 — 원문 XML 부칙내용,"세칙 부칙 <제9999호, 2026. 6. 29.> (원문 XML, 쪽 없음)",세칙 부칙(별표 밖). 별표37 을 신설한 개정 부칙의 시행일 조. ,2026-10-01T09:44:41+09:00,1beec3b7c2bc542f415c6df728f1a5267bf94fdee1c0e87e59ffaf5b79a06937
시행 시기·유예,"세칙 부칙 <제9999호, 2026. 6. 29.>",,,제3조(‘자체 위험 및 지급여력평가’에 대한 적용례) 이 세칙 [별표37] 제1장 3.(적용 대상)에 따라 ‘자체 위험 및 지급여력평가체제’를 처음 도입하는 보험회사는 자체 위험 및 지급여력 평가를 2027년 1월 1일부터 시행한다.,http://www.law.go.kr/DRF/lawService.do?OC=***&target=admrul&ID=2200000108939&type=XML,보험업감독업무시행세칙(일련번호 2200000108939) 부칙 — 원문 XML 부칙내용,"세칙 부칙 <제9999호, 2026. 6. 29.> (원문 XML, 쪽 없음)","세칙 부칙(별표 밖). 판정 낱말: 별표37, 자체 위험",2026-10-01T09:44:41+09:00,1beec3b7c2bc542f415c6df728f1a5267bf94fdee1c0e87e59ffaf5b79a06937
